product_id,location_id,stock,valid_day
134,39,5,2017-04-17
426,2,6,2017-03-06
1388,28,2,2017-09-18
448,55,2,2017-03-27
2348,54,2,2018-06-18
1506,40,10,2017-10-02
5374,52,2,2020-01-06
1002,48,2,2017-06-26
2491,49,5,2018-06-11
4407,9,2,2019-08-05
2065,23,4,2018-02-05
3977,87,5,2019-02-25
174,0,1,2017-02-13
4380,99,10,2019-09-09
87,30,8,2017-01-02
4658,0,5,2019-08-26
5341,104,3,2019-10-28
5366,3,2,2019-11-18
4192,69,21,2019-04-15
3984,82,7,2019-04-01
4661,52,1,2019-09-02
5304,35,14,2019-05-20
1832,20,15,2017-12-18
2274,52,8,2018-03-26
5176,100,2,2019-05-13
2369,23,5,2018-04-16
2564,12,9,2018-06-11
1822,40,3,2017-12-25
1718,48,7,2017-11-06
1506,56,11,2017-11-06
1924,7,10,2017-12-18
1539,21,8,2017-10-02
183,36,2,2017-03-06
5552,107,3,2020-01-06
5134,22,8,2019-04-22
12,51,4,2016-12-12
2727,12,2,2018-07-02
4755,57,2,2019-10-14
3344,79,1,2018-11-05
4410,8,7,2019-07-01
2947,52,5,2018-08-13
2661,22,10,2018-06-04
645,44,1,2017-06-05
877,7,1,2017-06-12
4236,35,3,2019-05-27
3612,47,11,2018-12-10
4217,61,1,2019-05-20
5207,94,8,2019-06-03
5551,1,8,2019-12-16
4292,42,3,2019-07-08
3890,13,5,2019-02-04
936,46,10,2017-06-12
5259,89,8,2019-05-13
837,40,5,2017-05-01
1684,4,8,2017-11-06
753,56,3,2017-05-22
3618,29,2,2019-02-04
1854,10,1,2018-01-15
4891,99,12,2019-09-30
702,20,7,2017-04-10
1006,22,9,2017-07-10
5394,87,1,2021-10-18
2882,72,5,2018-08-13
62,57,2,2017-01-23
1999,54,9,2018-04-16
4247,92,3,2019-07-08
4316,19,6,2019-06-10
3059,20,8,2018-09-03
1840,68,9,2017-12-04
3429,26,1,2018-11-19
3272,8,9,2019-02-11
2561,59,1,2018-06-18
953,12,13,2017-05-15
1637,30,15,2017-12-18
799,15,10,2017-05-29
4100,52,1,2019-04-22
3101,16,1,2018-10-01
2343,14,1,2018-05-14
3747,43,3,2019-02-11
3371,30,2,2018-12-03
3591,76,1,2018-12-10
4724,68,2,2019-10-21
4213,16,3,2019-04-15
3165,56,2,2018-10-01
17,43,6,2016-11-28
2477,41,4,2018-05-07
709,35,1,2017-05-15
3328,80,8,2018-10-15
3505,49,10,2018-11-19
3320,12,10,2018-10-15
2449,66,11,2018-04-23
4190,22,12,2019-04-01
5368,107,3,2019-12-16
2208,79,8,2018-04-09
5415,63,5,2019-11-04
5030,5,2,2019-11-11
4760,59,6,2019-09-16
256,54,5,2017-02-06
1392,43,2,2018-01-22
4159,35,5,2019-08-05
58,40,1,2017-02-20
5014,10,6,2019-11-04
1290,3,2,2017-09-25
2495,15,18,2018-04-30
4265,14,7,2019-06-03
4801,32,8,2019-09-16
3913,101,4,2019-03-25
2640,86,10,2018-05-28
1691,10,6,2017-11-06
5094,65,1,2019-04-22
4497,90,2,2019-08-26
2475,36,20,2018-07-09
189,39,5,2017-01-16
114,49,4,2017-01-09
4971,102,2,2019-11-11
2178,28,7,2018-02-26
2651,69,3,2018-06-25
563,47,9,2017-03-27
2910,25,1,2018-10-01
1008,15,2,2017-07-03
4980,125,3,2019-10-21
4566,40,4,2019-08-05
5326,47,7,2019-05-20
5398,49,5,2019-11-04
1700,43,6,2017-11-06
1213,47,10,2017-09-11
4339,102,2,2020-07-13
111,9,1,2017-02-06
2355,72,14,2018-04-23
5273,22,1,2019-05-20
2420,44,5,2018-04-23
734,0,4,2017-05-08
4749,77,2,2019-09-16
472,6,2,2017-04-10
4571,100,7,2019-08-05
239,43,5,2017-02-06
3725,16,1,2019-01-14
2563,40,5,2018-05-14
1028,26,4,2017-07-10
2766,83,3,2018-11-19
3903,80,21,2019-02-11
100,36,5,2017-01-09
2385,17,5,2018-04-09
3123,53,8,2018-09-17
4414,90,6,2019-07-01
3533,86,8,2018-11-19
2880,3,2,2018-09-24
3716,24,1,2019-01-14
5157,90,6,2019-04-29
16,51,8,2016-11-28
3448,81,5,2018-11-19
1510,33,2,2017-10-23
5090,66,1,2019-05-13
4990,82,5,2019-10-07
4797,3,2,2019-09-30
5086,76,3,2019-04-29
867,2,5,2017-07-10
2008,30,2,2018-04-16
677,31,4,2017-04-10
4231,40,5,2019-04-08
4587,121,4,2019-11-25
3207,36,4,2018-12-03
4252,72,4,2019-07-01
3618,53,4,2018-12-31
1436,42,5,2017-09-11
1746,21,1,2017-11-27
1706,65,1,2017-12-04
1993,25,6,2018-01-22
1303,56,8,2017-08-28
4518,95,4,2019-07-29
4374,74,5,2019-06-24
668,16,1,2017-05-01
1384,14,1,2018-02-26
5317,93,4,2019-06-17
2635,22,12,2018-06-25
4855,87,6,2019-09-23
1491,19,16,2017-09-25
716,51,2,2017-05-01
2836,20,2,2018-09-24
1633,22,5,2017-10-16
5060,2,1,2019-11-04
5441,20,3,2019-11-25
5382,90,2,2019-12-09
770,47,6,2017-06-26
4589,60,5,2019-08-05
1995,69,1,2018-03-19
5309,28,14,2019-07-01
4053,53,5,2019-04-29
1435,50,5,2017-09-11
830,38,1,2017-06-05
5554,49,6,2019-12-02
1831,69,6,2017-12-04
316,61,5,2017-02-13
932,14,8,2017-05-15
4629,30,10,2019-08-12
1939,73,4,2018-02-05
839,7,2,2017-05-22
2186,20,8,2018-03-05
3399,13,12,2019-01-14
1760,30,8,2017-11-13
5180,68,19,2019-06-24
2704,20,25,2018-07-23
4482,40,5,2019-07-22
5164,59,2,2019-05-06
3944,53,4,2019-02-18
4417,41,5,2019-07-01
3792,41,5,2019-01-14
4631,77,1,2019-10-21
4629,88,8,2019-08-12
4781,69,2,2019-09-23
4331,102,5,2019-06-24
5339,10,9,2019-10-28
2849,51,6,2018-07-23
5089,27,5,2019-04-15
2454,14,4,2018-06-11
3543,85,8,2018-11-19
4050,15,5,2019-04-15
3571,9,1,2018-12-10
2571,65,1,2018-06-25
1585,24,8,2017-10-09
1193,12,10,2017-08-07
1537,18,2,2017-12-04
1055,24,2,2018-01-29
1936,21,4,2018-02-19
3511,82,8,2018-11-19
2093,13,1,2018-03-05
2121,20,2,2018-03-05
4532,7,7,2019-08-26
3798,12,4,2019-07-22
3990,10,10,2019-02-25
4314,8,4,2019-06-17
1532,46,3,2017-10-16
790,46,4,2017-05-22
4380,74,7,2019-09-09
4564,2,1,2019-10-07
2709,86,8,2018-06-18
2284,20,7,2018-04-16
4148,80,2,2019-04-15
4207,30,3,2019-05-06
1358,18,3,2017-10-02
559,61,1,2017-05-15
4562,53,2,2020-01-13
4832,16,8,2019-09-16
4482,86,4,2019-08-26
3929,80,11,2019-06-03
4174,4,5,2019-04-08
820,42,7,2017-05-29
5483,68,4,2019-11-18
2769,3,2,2019-07-15
4104,24,5,2019-03-18
1529,52,1,2017-11-20
721,18,15,2017-04-17
1306,57,2,2017-10-02
111,31,8,2017-03-06
4985,38,2,2019-12-16
3438,19,6,2018-11-12
3260,19,13,2018-10-01
324,59,2,2017-03-20
5315,11,5,2019-05-20
2953,63,3,2018-09-17
5174,85,6,2019-04-29
838,40,2,2017-06-26
5193,82,6,2019-05-06
1167,20,1,2017-08-14
3296,79,5,2018-10-08
247,18,1,2017-02-20
541,49,3,2017-05-15
4298,85,4,2019-07-08
4933,60,7,2019-10-14
5082,101,5,2019-04-15
4377,41,10,2019-07-08
3890,48,2,2019-02-25
191,22,10,2017-06-19
3206,47,8,2018-10-01
2878,10,8,2018-07-30
1409,64,6,2017-09-18
3097,8,4,2018-10-22
3933,69,4,2019-05-27
3474,1,1,2018-12-17
203,27,4,2017-01-30
3947,3,8,2019-02-18
2028,15,8,2018-01-29
1552,51,1,2017-11-13
727,32,2,2017-06-19
720,1,3,2017-05-15
4766,62,5,2019-09-09
1230,43,3,2017-09-04
5009,69,3,2019-10-21
4936,49,2,2019-11-11
4752,11,3,2019-10-21
870,26,3,2017-06-26
4975,39,4,2019-11-25
2830,77,2,2018-09-03
2704,30,6,2018-07-23
4359,20,3,2019-07-08
2484,7,12,2018-04-30
4144,94,7,2019-03-25
2428,41,13,2018-04-23
4843,36,1,2019-10-28
2449,12,11,2018-05-28
4301,64,6,2019-06-10
567,37,8,2017-03-27
4203,81,3,2019-04-29
2950,32,4,2018-08-20
1242,12,2,2017-10-16
4338,65,5,2019-06-17
5225,36,4,2019-06-10
2830,48,2,2018-08-20
2393,7,6,2018-05-07
1233,53,8,2017-08-21
1664,8,12,2017-11-13
645,9,6,2017-05-22
2625,2,6,2018-05-28
838,46,11,2017-07-10
2988,95,4,2019-01-07
1555,16,5,2017-10-09
902,7,10,2017-05-15
1929,24,16,2018-01-08
5087,5,1,2019-04-22
2832,3,1,2018-08-20
3593,9,8,2018-12-03
97,65,2,2017-06-26
4788,101,4,2019-09-16
3122,30,5,2018-10-08
4101,85,7,2019-03-18
417,63,1,2017-03-20
4900,20,5,2019-09-23
4727,45,2,2019-09-30
4194,47,11,2019-05-20
2907,44,5,2018-09-10
3320,80,3,2019-07-15
1493,27,5,2017-11-13
5184,30,1,2019-05-06
2109,40,2,2018-02-26
3503,90,5,2018-11-12
3758,73,8,2019-01-07
5348,4,5,2019-10-28
5113,72,5,2019-06-17
1778,17,5,2017-11-20
4809,101,1,2019-10-07
4500,12,8,2019-08-12
4095,20,6,2019-03-18
4586,42,6,2019-08-05
4950,33,3,2019-12-02
1605,35,2,2017-12-04
5477,15,6,2019-12-16
884,8,4,2017-05-29
3359,31,3,2018-11-19
2154,33,1,2018-07-16
2914,49,5,2018-08-06
650,16,1,2017-04-24
2577,75,7,2018-05-21
5032,56,6,2019-10-14
5216,50,5,2019-06-10
4304,89,2,2020-07-27
398,16,2,2017-03-27
2289,77,6,2018-03-19
4382,22,12,2019-07-29
4561,28,8,2019-08-05
3379,51,2,2019-01-07
136,8,9,2017-01-02
5114,13,12,2019-04-29
3482,7,8,2018-11-05
1332,9,8,2017-09-04
1271,19,1,2017-09-04
4765,31,6,2019-09-09
1191,23,1,2017-08-28
3365,46,6,2018-11-26
5268,75,14,2019-06-24
4646,41,6,2019-09-09
3937,38,5,2019-02-18
1498,19,5,2017-10-16
4311,42,8,2019-06-10
515,20,2,2017-07-24
4165,15,3,2019-04-29
3482,19,1,2018-11-19
1882,4,3,2018-03-12
2937,48,9,2018-08-06
3536,35,6,2019-01-21
2000,56,4,2018-03-12
5127,12,1,2019-08-05
3614,60,1,2019-02-11
4218,7,15,2019-06-24
2716,30,8,2018-06-18
405,9,5,2017-04-10
3246,27,5,2018-10-01
5576,94,5,2019-12-30
85,45,6,2017-01-02
3186,3,6,2018-10-01
1638,1,5,2017-10-23
4135,10,3,2019-04-08
2003,22,12,2018-02-05
4590,22,2,2019-08-19
3240,76,7,2018-11-12
4961,46,2,2019-10-28
1113,32,4,2017-07-17
4744,107,6,2019-09-09
3360,81,2,2018-11-05
1020,66,4,2018-02-05
730,29,15,2017-05-01
4283,0,4,2019-07-08
5520,7,6,2019-11-18
2021,40,8,2018-01-29
3159,51,5,2019-01-07
2849,27,2,2018-09-03
1363,36,1,2017-10-02
4475,56,8,2019-08-26
333,37,5,2017-02-06
4615,42,1,2019-09-02
4909,29,1,2019-10-14
2709,85,4,2018-07-16
2919,13,8,2018-08-06
1046,4,10,2017-07-03
1166,46,11,2017-07-31
1923,18,2,2018-01-29
3237,53,8,2018-10-15
5569,15,6,2020-01-06
2530,6,4,2018-05-14
3449,7,14,2018-11-05
3204,68,6,2018-10-22
2464,20,14,2018-04-23
1083,47,10,2017-07-10
5215,2,10,2019-05-06
3845,25,1,2019-02-18
666,18,9,2017-04-17
5461,66,1,2021-01-25
3931,66,2,2019-03-04
1409,15,10,2017-09-11
4467,60,3,2019-08-05
4946,3,2,2019-10-21
4252,22,6,2019-06-10
2406,13,5,2018-05-28
4180,6,1,2019-04-08
2162,33,5,2018-02-26
2969,18,8,2018-08-20
2530,60,4,2018-05-14
268,41,5,2017-02-06
5347,22,9,2019-12-02
5018,88,8,2019-10-07
1991,19,5,2018-01-22
5389,88,6,2019-12-30
655,42,4,2017-05-08
3933,30,16,2019-06-03
2849,9,11,2018-07-23
4695,1,8,2019-09-02
4465,15,7,2019-07-15
1379,59,6,2017-09-04
5460,51,4,2019-12-09
1891,52,5,2018-01-01
3738,47,1,2019-02-11
694,40,6,2017-04-17
4267,53,3,2019-07-08
177,23,4,2017-01-23
4986,90,7,2019-10-07
2278,82,12,2018-03-26
273,4,3,2017-04-10
4744,75,5,2019-09-23
5412,93,2,2019-11-11
338,36,12,2017-03-27
5344,121,3,2019-11-11
636,24,7,2017-05-22
1410,43,8,2017-09-18
4432,99,3,2019-07-29
3952,83,8,2019-02-18
4771,40,2,2019-11-04
2369,69,8,2018-04-09
2005,53,5,2018-01-22
4300,86,8,2019-06-17
2479,21,4,2018-04-30
2994,6,2,2018-11-12
3123,17,8,2018-09-17
741,7,8,2017-04-17
552,13,1,2017-04-17
4219,101,4,2019-04-08
3930,52,1,2019-03-11
5397,83,5,2019-11-25
5007,72,5,2019-10-07
5436,125,5,2019-11-04
357,16,8,2017-02-13
5030,15,6,2019-10-14
5076,47,2,2019-10-21
1992,47,2,2018-02-05
5392,75,4,2019-11-04
2907,77,3,2018-09-17
606,2,8,2017-03-27
2316,12,3,2018-04-09
484,30,9,2017-04-03
4231,53,5,2019-04-08
4072,75,5,2019-03-11
1867,31,8,2018-01-15
2556,31,10,2018-05-14
2349,45,6,2018-04-23
4441,56,3,2019-07-22
4710,65,10,2019-09-02
5175,109,8,2019-04-29
5251,69,1,2019-06-03
3165,65,10,2018-09-17
2139,30,16,2018-02-19
2567,7,6,2018-05-14
395,16,1,2017-03-27
5111,26,2,2019-06-03
5426,28,9,2019-11-04
4181,6,7,2019-04-01
3162,2,3,2018-12-17
4713,13,5,2019-09-23
4062,40,2,2019-04-08
3879,36,8,2019-01-28
1141,1,8,2017-07-24
4198,43,1,2019-05-06
5361,15,9,2019-10-28
153,47,6,2017-01-16
5246,63,7,2019-06-17
4939,18,1,2019-10-21
4346,45,5,2019-06-17
3233,84,2,2018-11-05
4246,41,5,2019-06-24
3042,23,8,2018-08-27
927,46,11,2017-05-15
987,39,5,2017-06-05
522,43,6,2017-03-13
1366,53,8,2017-09-04
912,14,8,2017-05-15
121,0,2,2017-03-20
3370,60,8,2018-10-22
4774,51,2,2019-10-07
3898,36,2,2019-02-25
996,36,6,2017-06-19
5048,43,6,2019-10-14
1106,54,1,2017-10-30
1891,45,5,2017-12-25
4415,26,4,2019-08-05
4925,84,6,2019-09-30
5395,24,9,2019-11-04
1816,27,6,2017-12-04
4582,45,2,2019-08-19
3976,73,2,2019-05-06
4458,94,10,2019-07-15
4107,39,4,2019-03-18
3942,61,2,2019-03-04
1387,16,5,2017-09-11
3843,102,8,2019-02-25
5574,25,5,2020-01-06
5126,65,9,2019-06-03
5126,66,8,2019-06-17
4481,95,4,2020-07-27
2554,41,7,2018-05-28
1716,29,4,2017-12-11
4101,29,1,2019-03-25
1855,20,2,2018-01-15
3528,72,6,2018-11-26
1630,56,12,2017-11-06
4544,68,6,2019-07-29
5068,8,1,2019-11-04
5353,89,1,2019-11-11
3868,1,5,2019-01-28
4040,65,2,2019-03-25
2120,73,5,2018-03-19
4651,65,6,2019-09-02
2495,59,15,2018-05-28
61,60,1,2017-02-06
4379,69,6,2019-06-24
5186,13,5,2019-04-29
2159,3,4,2018-03-12
5554,87,8,2019-12-02
2322,28,1,2018-04-30
2786,41,3,2018-08-13
4135,33,3,2019-05-13
5309,47,2,2019-06-10
962,66,2,2017-08-21
4154,18,1,2019-04-22
2402,35,1,2018-04-30
351,27,5,2017-02-27
1850,46,9,2017-12-18
4221,8,3,2019-07-01
1149,22,8,2017-07-24
4246,62,2,2020-07-13
23,59,5,2016-12-05
3329,18,1,2018-10-22
5401,63,1,2019-12-09
2945,63,2,2018-08-20
329,63,8,2017-08-14
3079,52,8,2018-09-03
1181,8,2,2017-09-11
4019,52,9,2019-04-08
2442,14,13,2018-04-23
411,30,12,2017-05-01
1653,3,11,2017-10-16
5540,51,2,2020-01-06
2637,15,8,2018-05-28
5435,29,2,2019-12-02
916,20,6,2017-05-15
3330,5,10,2018-12-17
924,43,6,2017-05-15
982,60,8,2017-06-12
4938,93,2,2019-10-14
753,62,6,2017-04-24
5562,52,6,2019-12-09
539,5,1,2017-05-08
4741,82,2,2019-10-07
1677,48,9,2018-01-08
3371,3,8,2018-10-22
2238,8,6,2018-03-12
1185,66,3,2017-10-09
5114,94,2,2019-05-06
4241,39,2,2019-04-22
3007,84,4,2018-08-27
4131,29,2,2019-04-08
5345,117,8,2019-11-04
3053,17,6,2018-09-03
1438,73,2,2017-10-02
2225,15,5,2018-04-30
3541,20,8,2018-11-19
1041,36,3,2017-08-07
2696,86,3,2018-07-16
1686,43,8,2017-10-30
5117,65,8,2019-04-22
1635,52,3,2017-11-27
5125,57,4,2019-06-10
4324,73,5,2019-07-01
2651,73,10,2018-06-04
975,24,3,2017-06-26
4714,30,8,2019-09-02
4421,46,2,2020-01-13
1417,51,4,2017-10-30
5377,20,10,2019-11-11
306,10,3,2017-04-17
1877,2,2,2017-12-18
5395,26,1,2019-11-25
1569,11,6,2017-10-09
2567,31,1,2018-06-11
3939,94,5,2019-02-25
1914,1,2,2018-01-15
2062,68,2,2018-02-26
2275,30,18,2018-03-19
3385,12,3,2018-11-12
5244,43,2,2019-05-20
4788,99,6,2019-09-16
2651,10,12,2018-06-18
4590,36,2,2019-09-09
4370,104,5,2019-06-24
729,27,4,2017-04-17
3433,3,5,2018-12-03
1254,48,5,2017-09-04
1533,3,15,2018-01-22
1693,26,5,2017-11-20
3254,52,4,2019-01-21
2275,53,7,2018-04-16
2833,73,8,2018-07-23
1822,13,7,2018-02-05
961,56,10,2017-05-29
4662,48,4,2019-12-16
2991,64,10,2018-08-20
3058,32,8,2018-09-03
5553,43,2,2020-01-06
683,22,4,2017-05-15
4901,26,6,2019-09-30
2461,16,2,2018-06-25
5521,12,1,2021-01-11
4984,115,7,2019-11-11
603,39,5,2017-03-27
3383,64,8,2018-10-22
3688,47,4,2018-12-31
350,36,2,2017-04-10
1671,21,3,2017-10-30
402,41,16,2017-04-10
2881,17,2,2018-08-27
3221,36,1,2018-10-22
4304,89,10,2019-09-09
5533,62,3,2019-12-30
2303,41,2,2018-04-02
3511,13,14,2018-12-31
971,43,1,2017-06-12
707,19,7,2017-05-08
332,58,5,2017-02-06
3131,64,8,2018-09-17
3398,3,9,2018-11-19
2382,6,6,2018-04-16
4017,65,8,2019-03-18
248,18,4,2017-01-30
3816,83,7,2019-01-21
2942,82,8,2018-08-06
2021,40,3,2018-03-19
4053,48,5,2019-04-01
1191,13,11,2017-09-11
4705,89,5,2019-09-02
3512,30,13,2018-11-19
3407,73,8,2018-10-22
3962,51,8,2019-02-18
3618,56,2,2020-02-03
1795,65,5,2017-11-27
3929,110,5,2019-02-18
1488,17,5,2017-09-25
1673,68,2,2018-01-08
1217,0,2,2017-10-09
4335,14,3,2019-07-08
2100,36,10,2018-02-12
5000,22,6,2019-10-07
3976,95,4,2019-02-25
4346,93,12,2019-06-24
4579,110,8,2019-08-19
3039,43,5,2018-09-03
5061,77,2,2019-12-02
4761,82,1,2019-09-23
5452,86,8,2019-11-11
1612,51,2,2017-10-30
4734,18,2,2019-10-21
4680,106,2,2019-12-02
303,59,5,2017-02-06
1944,41,1,2018-03-19
4559,12,13,2019-07-29
3864,69,3,2019-02-11
4460,3,8,2019-07-15
4342,14,5,2019-07-22
3837,81,5,2019-01-28
558,49,6,2017-03-20
2657,51,10,2018-06-04
2996,90,6,2018-08-20
3962,117,5,2019-02-25
788,64,4,2017-04-24
2104,17,1,2018-03-26
58,16,2,2017-02-06
3592,1,13,2018-12-03
459,51,1,2017-04-10
522,21,5,2017-07-17
3133,47,7,2018-09-24
1395,8,9,2017-09-11
3945,14,2,2019-03-11
4698,59,5,2019-09-02
167,10,1,2017-03-27
4012,77,5,2019-03-11
5495,115,6,2019-11-18
230,36,8,2017-01-23
1246,72,7,2017-09-18
2291,26,4,2018-03-26
5355,13,7,2019-10-28
4981,69,9,2019-10-07
4424,63,4,2019-07-08
1273,56,2,2017-10-09
859,6,6,2017-06-05
1673,16,2,2017-11-13
4272,99,4,2019-07-01
2528,3,8,2018-05-07
4939,50,2,2019-11-25
1514,18,5,2017-09-25
978,5,5,2017-05-29
1673,15,27,2017-12-18
4958,83,7,2019-09-30
3314,19,3,2018-11-05
1209,1,1,2018-01-22
1714,36,9,2017-11-20
4902,100,1,2019-10-14
5027,64,7,2020-01-13
5132,57,2,2019-06-24
5520,79,5,2019-11-18
3087,79,5,2018-09-03
1571,31,1,2017-11-13
4441,7,2,2019-08-05
5453,21,3,2019-12-02
4395,19,7,2019-07-08
2267,13,2,2018-04-23
5492,84,6,2019-11-18
4307,66,4,2019-06-10
3863,4,4,2019-02-11
3202,75,4,2019-01-07
2466,18,8,2018-06-11
3105,49,8,2018-09-10
5159,51,2,2020-07-06
2069,64,1,2018-04-09
1155,24,6,2017-07-31
3201,47,8,2018-09-10
4972,35,8,2019-11-18
237,7,1,2017-04-03
2772,84,1,2018-07-30
2001,28,2,2018-02-26
813,54,7,2017-05-01
2826,15,7,2019-01-07
2741,41,11,2018-06-25
3052,42,5,2018-10-01
4132,46,6,2019-06-17
4299,94,8,2019-06-10
2279,60,3,2018-04-16
1168,59,5,2017-07-31
5132,84,5,2019-04-22
757,29,4,2017-06-05
2683,60,4,2018-07-16
4578,45,1,2019-09-02
4994,89,5,2019-10-07
3517,80,10,2018-11-19
4547,64,3,2019-08-12
2046,28,5,2018-01-29
3397,39,10,2018-10-29
2289,20,3,2018-04-02
2585,2,4,2018-07-02
3348,42,11,2018-10-15
4578,2,3,2019-09-09
1347,69,9,2017-09-04
3398,53,2,2018-11-19
5196,38,7,2019-06-17
5148,63,6,2019-04-22
1267,47,20,2017-08-21
4132,66,2,2019-04-01
5489,88,3,2019-12-09
87,48,5,2017-02-13
4731,81,8,2019-09-09
4091,110,7,2019-03-18
2170,13,1,2018-04-09
4397,59,2,2019-07-15
5468,53,9,2019-11-11
936,9,10,2017-05-15
2612,41,4,2018-05-21
2519,64,1,2018-05-21
1672,51,1,2017-11-20
5384,57,4,2019-11-04
3406,16,8,2018-10-29
1502,6,6,2017-09-25
174,12,15,2017-01-16
4610,67,2,2021-07-12
3535,33,5,2018-11-26
4371,80,2,2019-06-24
3612,18,3,2019-01-28
5354,12,2,2019-11-18
5289,5,3,2019-06-03
3103,33,5,2018-09-17
3126,85,5,2018-09-10
4758,69,2,2019-09-23
1619,23,8,2017-11-20
4561,76,8,2019-08-05
3375,80,2,2018-12-03
969,46,8,2017-06-26
753,0,4,2017-05-01
4459,16,3,2019-08-05
881,61,4,2017-05-15
5099,12,18,2019-06-03
1532,12,8,2017-10-02
1243,29,10,2017-08-21
2480,42,5,2018-06-25
71,26,1,2017-01-30
4822,41,1,2019-11-04
2312,69,12,2018-04-02
759,25,6,2017-04-24
84,65,1,2017-02-20
1498,40,5,2017-10-02
1641,28,3,2017-10-09
1265,69,6,2017-09-11
5088,22,2,2019-05-20
2466,10,6,2018-05-21
1115,13,6,2017-09-04
2723,48,5,2018-06-18
1577,20,6,2017-10-16
258,47,3,2017-03-27
4982,2,6,2019-10-21
4043,41,6,2019-03-04
4635,102,2,2019-09-09
4722,21,2,2019-09-16
3617,69,8,2018-12-10
2210,31,5,2018-03-05
2986,25,5,2018-08-20
1268,38,10,2017-08-21
2478,85,9,2018-04-30
682,41,2,2017-05-08
2594,36,11,2018-07-09
4587,7,10,2019-09-23
4753,94,3,2019-09-23
4946,29,2,2019-10-21
1222,49,8,2017-08-14
223,24,2,2017-03-20
641,64,6,2017-05-01
2774,15,1,2018-07-23
4796,12,3,2019-09-30
856,4,14,2017-06-26
944,31,3,2017-07-31
200,1,3,2017-04-03
1692,29,24,2017-12-11
1732,63,8,2017-11-13
3052,45,2,2018-10-15
5009,59,7,2019-10-07
4668,1,1,2019-09-02
4898,69,12,2019-10-28
3202,16,8,2018-09-24
1902,40,2,2018-01-01
4874,9,2,2019-09-30
3681,49,1,2018-12-31
4477,33,4,2019-08-26
1234,43,5,2017-09-04
4997,32,5,2019-10-14
4906,31,2,2019-10-14
3324,46,3,2018-11-19
4356,56,7,2019-07-22
1977,31,3,2018-03-19
5207,30,3,2019-06-03
5327,30,10,2019-05-27
2492,36,7,2018-05-28
700,1,1,2017-04-17
1208,49,5,2017-08-14
5130,27,3,2019-06-03
4427,87,8,2019-07-01
979,49,8,2017-05-29
135,24,1,2017-03-13
4951,43,6,2019-10-07
4675,31,8,2019-08-26
4999,66,1,2019-11-04
3162,29,8,2018-09-17
2192,59,6,2018-03-19
2990,39,6,2018-09-17
5093,22,24,2019-06-17
3503,38,5,2018-11-12
3172,18,1,2018-10-08
4559,103,8,2019-08-05
4412,38,2,2019-07-15
4585,69,7,2019-09-16
5219,5,8,2019-05-06
932,46,6,2017-05-15
4845,69,2,2019-11-04
904,9,8,2017-05-15
2797,72,8,2018-07-16
3429,73,2,2018-12-03
1177,17,5,2017-07-31
1401,7,4,2017-10-23
3495,13,8,2018-11-12
2775,13,2,2018-07-16
2311,64,8,2018-04-02
805,19,1,2017-05-15
2280,40,4,2018-04-16
5480,69,8,2019-11-18
4858,72,4,2019-11-04
2568,5,3,2018-06-18
3476,31,3,2018-12-10
2381,48,1,2018-05-14
645,15,27,2017-05-29
3018,7,6,2018-08-27
883,9,2,2017-05-22
4408,69,2,2019-07-15
2109,55,1,2018-03-12
4599,12,2,2019-09-09
2949,31,1,2018-08-27
5078,54,3,2019-11-11
3319,73,1,2018-11-26
4366,12,3,2019-06-24
4461,2,2,2019-08-05
5195,89,6,2019-06-24
3697,41,5,2019-01-07
713,26,10,2017-04-10
2663,72,2,2018-07-16
4852,2,6,2019-10-21
2632,22,10,2018-05-28
4020,80,13,2019-03-04
3439,16,8,2018-11-05
2952,60,1,2018-12-17
2770,66,6,2018-07-09
4533,46,2,2019-08-26
4720,100,7,2019-09-02
30,36,21,2017-01-30
4211,29,3,2019-05-06
4804,51,6,2019-09-16
2461,21,3,2018-05-07
2911,6,1,2018-09-24
1305,46,2,2017-09-11
1071,51,2,2017-09-18
5476,7,6,2019-12-09
5050,32,5,2019-10-14
825,16,2,2017-06-12
4853,75,3,2019-10-14
3270,18,7,2018-11-05
5168,1,8,2019-04-29
221,13,2,2017-04-24
1478,61,3,2018-01-15
3601,84,8,2018-12-03
5080,49,3,2019-10-28
2337,64,4,2018-04-16
2492,59,3,2018-05-14
5218,57,4,2019-07-01
3360,18,11,2018-10-22
4321,69,4,2019-06-24
2731,90,2,2018-07-16
2945,66,13,2018-08-13
1451,10,11,2017-09-18
2264,2,5,2018-04-09
2248,9,2,2018-07-09
4826,59,5,2019-09-16
1620,6,2,2017-10-30
936,30,2,2017-07-17
4143,47,11,2019-03-25
442,62,4,2017-06-26
4374,82,3,2019-06-24
504,6,3,2017-04-17
879,17,6,2017-05-08
2627,77,3,2018-05-28
5453,115,6,2019-12-02
1965,35,1,2018-01-29
2100,10,3,2018-04-23
3095,29,5,2018-09-17
5382,93,11,2019-11-04
5274,86,4,2019-05-13
3316,5,1,2018-11-12
1529,9,4,2017-11-27
4646,18,2,2019-09-16
4292,0,4,2019-07-22
1401,16,8,2017-10-02
4724,25,1,2019-12-02
2551,7,11,2018-05-14
4272,75,5,2019-06-10
1505,15,3,2017-10-23
2087,31,4,2018-02-19
2454,57,6,2018-06-04
4281,28,8,2019-06-10
4075,14,10,2019-04-01
4487,12,2,2019-07-29
4758,12,1,2019-09-23
391,46,5,2017-02-27
1642,56,2,2017-12-18
2055,62,5,2018-02-12
530,19,16,2017-03-13
565,43,8,2017-03-20
4604,53,4,2020-01-27
5049,56,3,2019-10-28
4232,3,1,2019-04-29
3708,33,4,2019-01-07
4065,46,10,2019-03-25
2700,75,6,2018-06-25
2809,57,1,2018-09-03
213,30,1,2017-01-30
4579,45,1,2019-08-19
4138,48,6,2019-03-25
2043,36,1,2018-02-05
2461,35,31,2018-07-23
4546,85,8,2019-07-29
1763,13,5,2017-11-13
4735,73,5,2019-09-09
3187,79,2,2018-10-15
2867,13,8,2018-07-30
3545,13,8,2018-11-26
3321,83,8,2018-10-15
4631,35,2,2019-09-16
5384,83,4,2019-11-11
4714,100,2,2019-10-14
5457,54,6,2019-11-25
4291,92,6,2020-06-29
5132,53,2,2019-06-24
4622,60,5,2019-08-12
5117,110,8,2019-06-24
1619,30,11,2017-11-27
4040,50,5,2019-03-04
2936,0,2,2018-10-15
2585,69,5,2018-06-25
5528,18,5,2019-11-18
2206,28,2,2018-04-02
2475,0,3,2018-04-23
1625,0,1,2017-11-06
2429,9,9,2018-04-23
3697,73,2,2019-01-07
367,32,6,2017-03-06
324,52,2,2017-03-13
1698,13,33,2017-11-27
4977,22,1,2019-12-23
2331,48,3,2018-07-02
3873,15,1,2019-03-18
1429,73,8,2017-09-11
314,39,6,2017-02-06
4592,5,5,2019-08-05
2927,16,1,2019-01-14
1681,31,4,2017-10-30
4248,1,4,2019-06-10
640,3,6,2017-06-05
4924,76,9,2019-09-30
3388,30,13,2018-10-22
4305,88,8,2019-06-10
4602,47,2,2019-08-26
1431,32,2,2017-10-16
2741,69,11,2018-06-25
2333,72,14,2018-06-25
1091,51,6,2018-02-19
604,62,5,2017-04-03
5035,61,2,2019-10-21
5175,101,4,2019-05-20
3374,75,7,2018-10-22
3130,35,1,2018-09-17
1485,50,7,2017-10-30
5168,19,5,2019-04-29
2295,3,3,2018-04-16
801,29,2,2017-06-05
412,1,1,2017-03-20
3331,65,21,2018-12-17
2918,52,6,2018-08-06
141,41,5,2017-08-07
4364,9,1,2019-07-01
2019,68,8,2018-02-05
2571,8,3,2018-05-28
179,52,1,2017-03-13
644,13,2,2017-06-19
4119,45,6,2019-03-25
3053,33,4,2018-10-01
4815,31,6,2019-09-16
1579,1,1,2017-10-23
5180,85,16,2019-04-29
4934,20,2,2019-11-04
682,50,1,2017-05-08
2164,75,2,2018-03-19
1606,35,5,2017-10-23
5297,40,7,2019-05-20
5546,29,7,2019-12-02
3049,72,1,2018-09-17
5244,30,12,2019-05-13
1659,30,13,2017-10-30
2910,81,2,2018-10-01
3363,13,8,2018-10-22
2744,36,2,2018-07-23
3878,2,2,2019-03-11
5397,102,4,2019-12-02
1217,20,4,2017-10-02
5251,79,1,2019-05-27
5094,52,3,2019-04-22
767,2,6,2017-04-24
2505,77,4,2018-05-07
3035,47,1,2018-09-03
2893,66,1,2018-08-13
5297,73,4,2019-06-10
4005,19,10,2019-02-25
1144,58,5,2017-07-31
3600,16,4,2018-12-24
3489,57,4,2018-11-26
2922,57,6,2018-08-06
1878,9,5,2017-12-18
4358,23,4,2019-06-24
2885,61,5,2018-07-30
413,35,2,2017-03-27
5415,39,1,2020-01-06
2642,40,1,2018-07-02
1304,2,13,2017-08-28
2618,33,5,2018-05-28
4846,54,6,2019-09-23
3882,49,1,2019-02-18
671,46,13,2017-04-03
2642,79,2,2018-07-09
3860,41,5,2019-03-11
1320,41,8,2017-08-28
4053,73,4,2019-05-06
2075,47,1,2018-03-26
1526,33,5,2017-11-13
4894,69,6,2019-10-07
761,31,1,2017-05-01
383,37,3,2017-03-20
5545,18,5,2019-11-25
407,65,1,2017-03-27
3843,62,5,2019-01-28
1062,28,11,2017-07-03
770,17,2,2017-06-26
4991,2,6,2019-10-07
5170,28,7,2019-04-29
3835,45,12,2019-02-25
3881,59,5,2019-02-04
3443,73,6,2018-11-05
419,59,5,2017-03-20
3205,7,1,2018-12-24
3651,108,12,2020-01-06
2229,0,2,2018-04-09
2969,58,5,2018-08-20
4217,86,2,2019-05-06
4181,20,2,2019-04-15
570,33,1,2017-04-10
5153,7,6,2019-06-03
2034,38,7,2018-04-23
2717,12,1,2019-01-14
4877,91,6,2019-09-23
1620,62,5,2017-10-23
3970,93,4,2019-02-25
4330,3,2,2019-06-17
4908,117,8,2019-10-14
4700,5,3,2019-10-07
5000,22,1,2019-10-21
5120,36,8,2019-04-22
1182,16,4,2017-08-07
1470,17,1,2017-10-23
2707,66,1,2018-07-30
433,21,8,2017-06-26
3993,46,4,2019-03-18
5473,14,2,2020-01-06
2010,9,1,2018-05-07
850,63,2,2017-07-17
499,30,8,2017-03-20
4607,9,3,2019-08-19
4199,64,5,2019-04-08
4454,38,2,2019-08-05
4258,36,5,2019-06-10
2586,52,4,2018-05-21
3837,35,2,2019-03-25
3793,39,1,2021-02-22
1811,10,8,2017-11-27
4207,12,8,2019-04-29
2939,21,1,2018-09-03
4050,79,3,2019-04-15
4009,109,5,2019-02-25
67,56,4,2017-02-06
788,2,4,2017-05-08
4033,107,8,2019-03-11
4859,107,2,2019-10-07
5439,20,5,2019-11-11
3717,4,6,2018-12-31
5401,43,6,2019-12-09
2117,42,2,2018-04-09
1028,29,13,2017-06-26
4505,26,10,2019-08-19
4221,14,4,2019-04-22
4868,68,1,2019-10-14
4688,100,1,2019-09-23
5455,103,6,2019-11-25
3181,54,1,2018-11-19
1076,54,8,2017-09-11
3940,15,1,2020-01-06
3947,39,5,2019-02-18
5054,36,2,2019-10-28
5244,86,2,2019-07-08
4656,49,6,2019-10-21
4680,25,6,2019-09-30
45,36,8,2016-12-12
1979,28,9,2018-01-15
5392,52,4,2019-11-11
5225,43,1,2019-05-20
2621,82,16,2019-01-14
394,49,1,2017-04-03
3504,51,2,2018-11-19
3698,43,14,2019-01-14
641,57,2,2017-05-15
257,1,4,2017-03-13
2828,2,8,2018-08-20
4778,48,8,2019-09-16
2528,4,4,2018-05-07
5410,75,2,2019-12-02
1121,73,8,2017-07-17
184,23,5,2017-01-30
4741,41,6,2019-10-07
3332,10,8,2018-10-15
1165,48,5,2017-07-31
5078,26,2,2019-11-25
1912,64,2,2018-02-12
4915,109,1,2020-01-20
2482,22,13,2018-04-30
5318,85,4,2019-06-24
1705,1,3,2017-12-04
4921,41,9,2019-09-30
4379,45,9,2019-06-24
1545,4,6,2017-10-16
2666,29,8,2018-06-04
318,3,4,2017-02-20
297,38,5,2017-02-13
2195,0,5,2018-03-05
1943,40,7,2018-02-26
3702,68,4,2018-12-31
1264,29,10,2017-08-21
1425,12,1,2018-01-01
5486,2,7,2019-11-18
5557,76,2,2019-12-09
3638,43,6,2018-12-10
3610,43,2,2019-02-18
4586,99,2,2019-09-23
4089,109,2,2019-04-01
1225,65,5,2017-08-14
4771,96,2,2019-12-09
1612,38,10,2017-10-09
3516,15,2,2018-12-17
1644,73,26,2018-01-01
4959,32,6,2019-10-07
3834,19,2,2019-03-18
5400,77,2,2019-12-02
5312,68,6,2019-06-03
4948,66,2,2019-10-14
2834,75,11,2018-09-03
5465,35,2,2019-12-02
682,2,8,2017-04-17
328,26,4,2017-03-27
38,19,8,2016-12-05
1506,10,4,2017-10-23
3002,23,3,2018-09-24
5253,73,10,2019-05-13
654,7,8,2017-04-03
3998,15,2,2019-03-11
304,16,5,2017-02-20
3651,47,1,2019-01-14
3012,75,10,2018-09-24
1267,48,14,2017-09-11
4637,77,6,2019-08-19
2838,1,2,2018-09-17
753,3,2,2017-05-29
158,18,6,2017-01-02
1558,29,1,2017-10-30
2778,12,2,2018-07-23
2363,73,9,2018-04-09
2359,49,11,2018-04-16
1569,73,6,2017-10-09
1016,66,5,2017-06-19
1891,66,6,2017-12-18
2502,51,5,2018-06-25
1077,14,4,2017-08-07
1999,18,6,2018-04-16
4546,35,7,2019-07-29
4603,18,2,2019-08-19
4497,19,8,2019-07-22
4341,0,7,2019-06-24
2455,89,7,2019-06-24
3995,109,4,2019-03-11
2495,66,1,2018-06-11
2589,75,9,2018-05-21
797,30,5,2017-06-12
267,23,2,2017-03-27
1508,22,8,2017-09-25
4952,115,5,2019-09-30
80,21,5,2017-01-02
656,21,3,2017-04-24
2303,19,1,2018-07-16
3047,2,6,2018-09-03
4942,47,5,2019-10-14
3864,53,2,2019-02-25
3439,2,2,2018-11-19
1671,41,7,2017-11-20
3055,19,2,2018-10-08
2995,18,12,2018-09-03
5391,108,4,2019-11-25
3673,5,2,2019-01-07
3165,19,11,2018-09-17
3245,75,1,2018-11-12
221,63,2,2017-03-20
1343,63,2,2017-10-23
3515,0,1,2018-12-10
4680,121,4,2019-10-21
4449,20,2,2019-07-22
4283,66,5,2019-09-09
4062,22,6,2019-03-25
3012,58,5,2018-08-27
5486,108,4,2019-11-25
1983,69,1,2018-01-29
3304,28,8,2018-10-08
5171,3,3,2019-05-06
5508,39,2,2019-12-16
1974,52,6,2018-01-15
4919,81,1,2019-10-07
3305,23,4,2018-10-15
3807,52,5,2019-02-25
4853,39,1,2019-12-02
1416,15,8,2017-09-11
4906,53,1,2019-10-14
3432,19,9,2018-11-05
5263,29,6,2019-05-13
4587,73,1,2019-11-04
5576,73,5,2020-01-13
3013,47,2,2018-11-05
200,1,2,2017-03-06
3484,27,4,2018-11-12
2585,72,2,2018-06-18
4061,47,11,2019-03-11
2277,4,8,2018-03-26
1395,72,18,2017-09-11
2897,50,5,2018-07-30
943,12,2,2017-06-05
4139,26,2,2019-04-08
294,56,2,2017-07-03
3950,8,9,2019-03-04
5036,105,6,2019-10-14
2332,22,8,2018-04-02
5218,66,6,2019-05-06
1248,4,6,2017-08-21
5425,88,1,2019-11-25
4267,86,1,2019-06-10
4909,3,1,2019-11-25
2104,0,7,2018-02-12
4904,84,2,2019-10-14
5086,9,2,2019-05-13
1815,60,2,2018-01-01
914,53,4,2017-08-07
5515,94,5,2019-12-16
515,64,6,2017-07-17
3968,20,2,2019-03-18
2105,30,2,2018-03-05
274,65,8,2017-02-20
4304,30,2,2019-07-01
1209,22,7,2017-09-18
730,14,4,2017-04-24
2573,60,2,2018-07-02
1153,2,8,2017-07-31
4349,10,4,2019-06-17
4856,104,1,2019-10-07
1447,66,6,2017-10-23
1230,3,8,2017-08-14
1793,36,6,2017-11-13
318,41,6,2017-04-03
1029,56,2,2017-07-24
3819,21,5,2019-01-21
4962,85,2,2019-10-21
2469,43,1,2018-04-30
1755,58,1,2017-11-27
5100,15,9,2019-04-15
1552,17,6,2017-10-09
2319,51,1,2018-06-04
3943,38,2,2019-03-18
405,1,1,2017-04-03
2984,88,2,2019-07-15
1407,37,8,2017-09-11
4418,46,6,2019-07-01
754,47,7,2017-06-05
5331,86,2,2019-12-02
2020,65,8,2018-01-29
5324,26,5,2019-05-20
293,18,5,2017-05-08
385,39,2,2017-04-03
3710,75,4,2018-12-31
5503,96,3,2019-12-02
3836,16,3,2019-03-18
4420,65,2,2019-07-29
2642,65,2,2018-08-06
2705,52,2,2018-07-09
2067,59,6,2018-03-05
1016,2,5,2017-06-19
1779,3,1,2017-12-18
2582,21,2,2018-06-18
1007,29,2,2017-07-03
753,22,8,2017-06-12
4958,68,6,2019-10-07
2615,16,2,2018-06-11
1565,7,6,2017-10-30
5318,31,1,2019-06-03
407,48,2,2017-03-27
4135,66,4,2019-03-25
3466,41,2,2018-11-26
2136,35,8,2018-02-19
302,41,1,2017-04-10
1638,36,14,2017-10-30
482,45,8,2017-03-13
4767,7,9,2019-09-09
5028,62,5,2019-10-07
5200,3,14,2019-05-06
1414,4,2,2018-02-05
2202,46,11,2018-03-05
2268,54,1,2018-04-09
813,4,6,2017-05-01
4745,68,7,2019-10-07
2105,58,6,2018-02-12
1819,20,1,2018-04-09
74,59,8,2017-01-30
1214,60,4,2017-08-14
850,4,5,2017-07-10
5262,91,8,2019-05-13
136,32,6,2017-06-19
2921,22,13,2018-08-06
2170,49,8,2018-02-26
5089,29,4,2019-05-13
5121,35,2,2019-05-27
317,14,4,2017-04-17
2149,82,2,2018-04-02
5233,5,11,2019-06-17
4069,67,2,2021-03-01
5,1,12,2016-12-26
3229,46,4,2018-10-22
1608,40,9,2017-10-09
951,4,11,2017-06-26
4998,115,5,2019-10-07
4668,33,9,2019-09-23
3792,3,8,2019-01-14
5080,80,3,2019-11-25
4478,27,2,2019-10-14
5164,73,2,2019-05-06
154,48,7,2017-04-03
4375,8,3,2019-08-05
4977,7,1,2019-10-14
4424,77,6,2019-07-08
805,53,6,2017-05-22
4834,73,3,2019-09-30
1898,21,1,2018-02-26
5179,0,2,2019-05-27
2488,84,8,2018-04-30
1150,62,4,2017-09-18
1688,28,1,2017-12-04
3929,110,6,2019-04-15
5340,74,6,2019-10-28
669,17,8,2017-04-24
931,52,8,2017-05-22
848,22,7,2017-05-22
4439,15,9,2019-07-15
1409,11,4,2017-09-18
3087,22,2,2018-10-15
3821,83,6,2019-01-21
4124,80,3,2019-04-01
3872,6,1,2019-02-18
3238,35,10,2018-10-22
1036,4,4,2017-08-07
4420,93,7,2019-07-22
5571,52,5,2019-12-16
1338,24,8,2017-09-04
4750,56,2,2019-09-23
834,49,3,2017-07-24
5289,89,8,2019-05-13
3371,99,5,2018-10-22
255,60,5,2017-02-20
3290,35,13,2018-10-08
2642,85,2,2018-06-25
2845,30,2,2018-08-13
2990,66,3,2018-10-29
4433,29,8,2019-07-01
1649,52,8,2017-10-23
76,57,1,2017-01-16
3113,73,1,2018-10-01
698,1,4,2017-04-10
5316,10,1,2019-07-08
3505,93,3,2018-12-17
2452,79,3,2018-06-04
1244,47,14,2017-08-21
4938,59,4,2019-09-30
3299,52,5,2018-12-10
669,12,17,2017-04-24
3995,14,6,2019-03-11
3678,25,8,2018-12-17
3542,4,6,2018-11-26
5085,61,2,2019-05-06
4959,49,6,2019-10-07
308,35,5,2017-02-06
3802,54,4,2019-01-21
3909,22,7,2019-10-21
4755,38,5,2019-09-23
5537,60,4,2019-11-25
4998,47,5,2019-11-04
1731,19,6,2017-12-04
2704,79,1,2018-07-30
5226,51,13,2019-06-17
4251,110,1,2019-06-17
113,0,2,2017-01-30
5132,57,7,2019-04-22
2939,48,1,2018-08-20
2037,35,2,2018-02-19
3484,30,4,2018-12-17
4846,59,4,2019-10-07
4830,1,1,2019-10-14
1641,4,1,2017-12-04
2715,14,1,2018-07-16
4245,19,2,2019-06-10
3915,40,6,2019-02-18
4999,88,9,2019-10-07
1132,26,1,2017-08-07
127,44,6,2017-01-23
5073,35,2,2019-12-30
5014,29,8,2019-10-21
4422,33,2,2020-07-06
142,19,12,2017-02-06
2838,29,8,2018-07-23
1809,5,2,2017-12-25
2701,69,7,2018-07-02
111,3,8,2017-01-02
4439,46,8,2019-08-05
2415,29,8,2018-04-16
1413,45,1,2017-09-25
3486,43,10,2018-11-12
3355,27,5,2018-10-22
336,65,8,2017-02-13
953,56,7,2017-05-22
1596,66,4,2017-11-27
5054,20,2,2019-12-02
4100,69,2,2019-04-22
4209,56,13,2019-07-01
3461,19,1,2018-11-26
2485,23,2,2018-07-02
5249,15,6,2019-05-13
2316,84,9,2018-04-09
5418,84,4,2020-08-03
3239,64,2,2018-10-15
3871,28,4,2019-02-11
2372,32,4,2018-04-09
2653,7,1,2018-07-02
130,14,6,2017-06-19
1181,60,5,2017-07-31
1074,46,2,2017-07-24
2124,42,5,2018-02-12
5132,65,2,2019-06-10
3013,27,6,2018-08-27
3961,82,1,2019-03-11
846,56,10,2017-05-15
3443,68,1,2019-01-14
4931,22,1,2019-11-11
1998,0,10,2018-01-22
3330,29,4,2018-11-26
2382,10,9,2018-04-09
4853,104,9,2019-09-23
671,15,8,2017-04-17
56,22,8,2016-12-19
1365,23,1,2017-10-16
5031,5,3,2019-11-04
4640,14,2,2019-10-14
3837,39,1,2019-03-18
3456,29,11,2018-11-05
3717,32,4,2019-01-14
5408,87,3,2021-10-11
1951,19,5,2018-02-12
5334,12,2,2019-11-11
764,30,9,2017-04-24
3671,53,8,2018-12-17
5271,29,2,2019-06-03
4743,96,2,2019-09-23
3012,32,4,2018-10-08
3901,14,2,2019-03-11
4855,15,10,2019-09-23
2550,19,7,2018-06-04
3601,28,7,2018-12-24
3011,3,2,2018-11-12
2632,3,5,2018-06-11
4255,91,7,2019-06-03
1643,21,5,2017-10-23
1181,48,2,2017-08-28
5093,40,4,2019-06-03
2401,38,11,2018-06-18
608,65,6,2017-04-03
3925,56,5,2019-03-18
4111,69,6,2019-03-25
5046,125,5,2019-10-14
3050,77,8,2018-09-03
4095,54,2,2019-04-22
260,16,2,2017-03-13
4798,12,3,2019-10-07
3351,60,5,2018-10-22
4221,10,7,2019-06-10
477,43,14,2017-03-13
2259,12,8,2018-04-16
5213,47,2,2019-05-20
3003,23,4,2018-09-24
4901,67,1,2019-10-14
4098,12,5,2019-06-10
1203,58,2,2017-09-25
1006,3,12,2017-06-12
4423,19,4,2020-01-20
4850,18,4,2019-11-18
3374,26,2,2018-12-03
2508,5,2,2018-06-11
2367,15,11,2018-04-09
1933,30,3,2018-03-05
4157,10,2,2019-04-29
2070,82,8,2018-02-19
5442,82,1,2019-11-25
5409,61,8,2019-11-04
2195,47,8,2018-03-05
5000,50,2,2019-10-21
2556,41,2,2018-05-21
1140,16,1,2017-08-21
3187,56,8,2018-09-24
4759,56,6,2019-09-09
3582,9,5,2018-12-03
3984,38,4,2019-04-01
3566,16,1,2018-12-10
834,36,3,2017-08-07
250,57,5,2017-02-06
363,31,4,2017-07-24
188,66,7,2017-01-30
2884,30,11,2018-07-30
4704,21,10,2019-09-02
4184,77,10,2019-04-01
455,55,3,2017-03-13
3081,2,6,2018-09-03
2209,21,1,2018-04-23
3643,77,13,2018-12-10
2628,30,5,2018-06-04
2138,51,10,2018-02-19
1958,55,4,2018-01-15
1794,58,8,2017-11-20
2181,39,1,2018-04-02
2824,105,1,2020-02-03
1818,5,2,2018-01-08
2252,14,13,2018-03-12
866,20,4,2017-06-05
4983,106,5,2019-10-07
2154,12,24,2018-02-26
1389,38,6,2017-09-04
5423,40,3,2019-11-04
4305,93,1,2019-06-24
803,14,4,2017-04-24
2228,12,2,2018-04-23
335,66,2,2017-04-03
648,2,2,2017-04-24
2274,9,11,2018-03-26
5523,15,4,2019-11-25
5505,91,9,2019-11-18
4318,91,8,2019-06-10
1706,35,8,2017-11-06
1550,48,5,2017-10-02
380,55,1,2017-03-20
4666,64,5,2019-09-02
5407,103,2,2019-12-02
5387,80,4,2019-12-02
5290,85,6,2019-05-13
2152,27,8,2018-02-26
649,33,7,2017-04-24
2866,61,5,2018-07-30
5448,85,3,2019-12-02
4041,104,7,2019-03-04
4689,12,2,2020-01-13
382,37,3,2017-03-20
3098,38,8,2018-09-17
3024,13,6,2018-08-27
2593,6,5,2018-05-21
4890,84,6,2019-09-30
661,10,10,2017-04-03
2588,47,22,2018-06-25
3877,51,15,2019-03-04
1949,0,4,2018-01-29
786,39,2,2017-06-19
1679,54,1,2017-11-13
4791,117,1,2019-10-14
1709,30,15,2017-11-20
2406,36,2,2018-06-11
4626,10,2,2019-08-26
1028,5,1,2017-07-17
784,8,6,2017-04-24
3457,16,10,2018-12-10
4955,102,5,2019-10-07
2538,57,4,2018-05-07
2375,6,5,2018-07-02
3478,21,5,2018-11-26
4858,61,5,2019-09-23
4594,7,3,2019-08-19
3536,3,6,2018-11-19
2110,14,5,2018-07-23
1456,14,7,2017-11-13
4132,53,6,2019-05-27
4430,88,5,2020-01-06
2278,44,4,2018-03-26
5468,61,3,2019-11-25
4309,21,5,2019-06-10
2875,26,7,2018-07-30
3537,64,9,2018-12-31
3580,100,8,2018-11-26
4325,28,1,2019-06-24
580,55,6,2017-07-31
4568,6,1,2019-10-07
2541,39,1,2018-06-18
5571,102,7,2019-12-23
2872,50,5,2018-08-13
2591,17,8,2018-05-21
4770,7,5,2019-09-09
3384,8,7,2018-12-03
5264,75,15,2019-05-13
1176,31,3,2017-08-14
3865,74,8,2019-02-25
226,66,3,2017-04-03
1882,5,2,2018-03-26
4066,3,12,2019-03-11
3596,14,5,2018-12-03
5434,2,2,2019-11-11
1822,13,8,2017-11-27
3902,6,4,2019-02-11
3718,39,2,2019-07-22
4622,110,5,2019-08-12
471,50,7,2017-03-13
2205,26,9,2018-04-02
5506,49,1,2019-12-02
4939,10,5,2019-11-04
3303,2,4,2018-10-08
4873,99,8,2019-09-23
3239,85,5,2018-10-15
520,36,15,2017-05-15
3095,30,8,2018-09-17
5262,1,8,2019-05-13
1079,21,1,2017-07-31
3160,36,2,2018-11-12
5036,81,7,2019-10-14
2025,18,8,2018-02-05
302,6,4,2017-04-03
3306,77,8,2018-10-08
3929,65,6,2019-05-06
3073,66,5,2018-09-03
232,4,6,2017-01-30
866,46,13,2017-06-05
1985,19,4,2018-08-13
3309,13,13,2018-10-15
1251,18,9,2017-09-04
723,6,8,2017-04-17
682,3,2,2017-06-12
259,14,4,2017-04-03
4834,115,9,2019-10-14
1424,46,5,2017-10-02
5253,13,3,2019-07-01
3754,62,1,2019-02-11
2034,56,8,2018-02-05
3252,65,2,2018-10-15
1467,65,9,2017-10-16
1671,36,36,2017-12-11
5073,75,2,2020-01-06
4835,19,7,2019-09-16
4250,18,8,2019-06-24
5095,42,7,2019-04-15
2010,42,6,2018-04-09
1996,54,6,2018-01-29
4026,2,3,2019-04-01
5215,81,3,2019-06-17
4063,60,7,2019-03-25
4680,110,2,2019-10-21
3477,72,4,2018-11-19
4669,117,4,2019-09-16
850,46,7,2017-06-26
5334,82,15,2018-12-31
682,38,8,2017-04-17
3209,38,4,2018-09-17
4729,35,4,2019-10-14
392,46,5,2017-02-27
797,38,4,2017-05-29
2789,9,8,2018-07-09
2020,20,3,2018-04-09
123,66,1,2017-03-06
2437,9,5,2018-04-23
5220,46,10,2019-05-06
2136,33,3,2018-04-02
2182,49,1,2018-03-19
4087,28,5,2019-03-18
1776,43,5,2017-12-11
1960,53,5,2018-01-15
2121,73,3,2018-02-26
5179,76,4,2019-05-20
4721,19,1,2019-10-14
1607,54,5,2017-10-16
4854,73,1,2019-10-28
3456,52,8,2018-11-05
2867,6,3,2018-08-13
5041,8,8,2019-10-14
4249,29,8,2019-05-27
4916,47,7,2019-09-30
2744,10,1,2018-07-16
636,30,3,2017-04-17
1069,2,10,2017-07-03
85,51,4,2017-07-03
794,38,9,2017-05-08
272,44,5,2017-02-13
702,41,22,2017-05-22
5245,2,6,2019-05-13
509,14,4,2017-05-08
3183,15,2,2018-10-01
779,27,4,2017-04-24
3858,14,8,2019-02-04
702,26,3,2017-06-12
5464,69,6,2019-11-11
4511,69,2,2019-09-02
2560,77,13,2018-06-18
5551,117,5,2019-12-09
2014,20,7,2018-01-29
924,10,4,2017-07-03
3467,31,8,2018-11-12
3099,10,8,2018-10-08
24,2,8,2016-12-05
3703,82,4,2018-12-31
176,15,4,2017-07-03
2080,18,2,2018-02-19
2275,35,13,2018-03-19
2399,66,2,2018-07-02
3863,77,10,2019-02-11
1649,54,8,2017-10-23
4682,75,3,2019-09-30
3259,30,11,2018-10-01
5072,48,7,2019-11-25
149,3,8,2017-01-09
4867,82,2,2019-12-16
4861,53,2,2019-10-14
3912,64,5,2019-02-18
4604,49,8,2019-08-19
2266,23,5,2018-04-09
23,7,7,2016-12-05
4853,2,4,2019-11-18
3828,30,1,2019-02-04
605,37,8,2017-04-10
2946,62,3,2018-10-08
1124,43,5,2017-07-24
3999,95,2,2019-03-11
3215,48,5,2018-09-17
4469,43,2,2019-07-29
999,32,1,2017-06-26
4646,100,1,2019-09-02
401,26,9,2017-02-27
939,19,1,2017-06-12
4969,43,2,2019-11-18
958,12,8,2017-05-29
2374,69,7,2018-04-23
2045,66,3,2018-02-19
3441,52,1,2018-12-24
433,26,3,2017-03-13
4031,41,8,2019-03-04
3588,43,2,2019-01-14
1505,4,18,2017-11-27
2366,31,8,2018-04-09
390,1,5,2017-04-17
870,36,12,2017-06-19
165,22,1,2017-02-20
3449,79,6,2018-11-05
232,11,6,2017-02-13
509,41,2,2017-05-08
4793,60,5,2019-09-16
1445,68,1,2017-12-04
2284,30,4,2018-04-02
4653,80,13,2019-08-26
4221,45,2,2019-05-06
2641,50,15,2018-08-13
3451,15,3,2018-12-10
2121,9,6,2018-02-12
3297,93,8,2018-10-08
1379,31,6,2017-09-04
3592,2,2,2018-12-17
1034,31,1,2018-01-22
394,10,6,2017-03-06
4362,66,3,2019-07-08
4603,65,2,2019-09-30
1953,0,1,2018-03-12
2184,72,7,2018-04-16
162,40,1,2017-01-30
2647,89,2,2019-07-08
1544,5,13,2017-10-02
3384,1,8,2018-10-22
3839,35,5,2019-01-28
3974,102,4,2019-03-04
2099,17,3,2018-04-16
5219,51,6,2019-05-06
2952,81,6,2018-10-29
107,10,6,2017-02-13
3351,73,8,2018-10-15
3487,35,5,2018-12-03
2508,9,2,2018-06-18
3499,49,3,2018-12-03
1010,19,2,2018-01-29
5193,30,4,2019-05-27
5272,10,4,2019-06-03
4546,36,4,2019-08-19
2002,65,7,2018-03-26
5300,22,10,2019-06-24
5308,20,6,2019-05-20
3185,5,6,2018-09-17
668,9,2,2017-06-12
2205,22,9,2018-07-23
2062,63,3,2018-03-12
4218,89,8,2019-05-13
355,66,19,2017-07-24
4910,83,6,2019-09-30
1546,69,2,2017-11-06
4744,32,6,2019-10-28
1411,13,10,2017-11-06
3482,81,8,2018-11-05
3558,24,8,2018-11-26
5251,21,2,2019-05-20
3380,64,5,2018-10-22
5037,63,1,2019-11-11
2980,8,6,2018-08-20
924,64,2,2017-06-05
1671,40,4,2017-10-30
3175,3,1,2018-11-12
4826,4,6,2019-09-16
5034,31,1,2019-11-11
1155,53,2,2017-08-14
3639,100,1,2019-01-07
4796,31,3,2019-09-30
5270,101,3,2019-06-10
3012,35,18,2018-10-08
3042,14,5,2019-02-04
3468,44,5,2018-11-05
5230,31,5,2019-05-06
4056,45,10,2019-04-08
4378,44,7,2019-06-24
4216,10,7,2019-06-10
5053,13,1,2019-11-04
2227,20,9,2018-04-23
3715,100,2,2019-02-04
1826,51,6,2017-12-04
3028,20,4,2018-10-01
3382,35,1,2018-10-29
1469,30,8,2017-09-18
1095,73,8,2017-07-10
1371,58,9,2017-09-11
141,36,5,2017-01-30
1646,49,8,2017-10-23
1455,18,14,2017-11-27
4654,80,1,2019-09-23
4428,107,2,2019-07-22
5037,42,7,2019-10-14
1124,35,6,2017-07-17
2752,14,6,2018-06-25
3670,86,4,2018-12-17
3207,73,3,2018-10-22
2967,82,7,2018-11-05
2952,18,5,2018-11-05
5016,29,2,2019-10-21
3492,12,9,2018-11-26
1689,24,2,2018-02-26
5259,22,16,2019-05-13
2246,36,8,2018-03-12
3637,47,11,2018-12-10
848,17,8,2017-06-26
4197,66,7,2019-04-29
4083,72,2,2019-07-22
3934,3,4,2019-03-11
4860,2,5,2019-09-23
2358,0,3,2018-06-25
5212,40,7,2019-05-20
1882,15,6,2018-04-16
2375,57,1,2018-05-07
3509,40,8,2018-11-26
998,18,3,2017-06-26
1710,20,6,2017-11-06
3202,29,6,2018-12-31
4891,41,2,2019-10-21
3172,58,3,2018-09-24
1399,5,5,2017-09-11
1514,52,1,2017-11-13
4487,18,6,2019-07-22
1201,49,5,2017-08-07
4227,75,5,2019-05-06
1665,31,8,2017-10-30
883,20,9,2017-05-08
5232,107,8,2019-05-06
5073,45,5,2019-10-14
2695,16,3,2019-01-14
4098,47,8,2019-03-18
5547,72,2,2020-01-06
4779,110,2,2019-10-21
856,41,8,2017-05-08
4171,42,5,2019-04-15
4884,50,5,2020-01-20
5051,26,5,2019-10-14
3629,9,1,2018-12-24
4355,16,5,2019-06-17
3622,16,1,2018-12-24
5072,47,1,2019-12-02
968,2,3,2017-06-19
1954,30,4,2018-02-12
1487,41,3,2017-12-18
4793,88,5,2019-09-16
3012,53,8,2018-08-27
1459,14,2,2017-10-30
4224,73,3,2019-04-22
845,31,5,2017-05-01
2194,62,2,2018-04-30
375,45,2,2017-03-20
5255,32,2,2019-07-01
358,5,2,2017-07-10
2972,7,2,2018-09-17
4485,121,8,2019-08-19
5567,30,2,2020-01-20
100,35,2,2017-01-23
779,24,6,2017-04-24
592,40,5,2017-03-27
2986,41,8,2018-08-20
4429,14,2,2019-07-22
5575,96,7,2019-12-23
757,56,2,2017-05-01
5331,109,2,2019-11-11
5019,66,8,2019-10-14
5233,39,2,2019-06-17
4462,95,8,2019-08-05
854,31,10,2017-05-08
4081,47,1,2019-07-01
4352,57,6,2019-06-24
4894,41,1,2019-10-14
969,28,6,2017-08-21
2920,9,2,2018-09-10
4362,77,10,2019-07-15
1696,24,4,2017-11-20
401,38,6,2017-02-27
1735,50,2,2017-12-25
1586,39,15,2017-10-09
261,51,5,2017-03-06
2570,30,1,2018-06-04
5472,52,5,2019-11-18
1475,73,8,2017-09-25
4936,84,1,2019-11-11
4159,39,3,2019-04-15
1849,65,2,2018-01-01
3868,15,10,2019-01-28
4635,90,4,2019-09-09
4638,94,6,2019-08-26
3240,68,8,2018-10-22
4686,80,9,2019-09-23
4445,38,7,2019-07-08
3125,45,5,2018-09-24
4342,35,3,2019-07-22
850,66,5,2017-07-10
1335,41,3,2017-11-13
2971,38,8,2018-08-20
2219,16,9,2018-04-02
5126,31,12,2019-06-03
2194,56,9,2018-04-16
5178,47,11,2019-04-29
752,54,3,2017-05-08
481,49,1,2017-04-24
4348,43,5,2019-06-17
4454,24,6,2019-07-15
4378,101,6,2019-06-24
1557,11,1,2017-10-23
1233,73,2,2017-10-09
2902,68,13,2018-08-06
4660,22,5,2019-09-02
3946,20,1,2019-04-01
2662,2,3,2018-06-18
4574,48,4,2019-08-19
2000,16,9,2018-04-16
160,8,2,2017-07-24
3946,36,13,2019-02-18
1755,23,1,2017-11-27
4891,44,3,2019-10-07
2403,86,11,2018-06-25
3012,4,6,2018-10-01
4861,9,8,2019-09-23
3363,75,5,2018-10-22
2519,39,3,2018-06-25
2700,86,9,2018-07-09
3927,30,23,2019-02-18
2025,20,2,2018-02-26
2210,59,7,2018-03-05
4627,104,6,2019-08-26
5414,31,3,2021-01-18
3594,73,2,2019-01-14
4582,9,3,2019-08-26
5450,3,18,2019-11-11
957,19,13,2017-06-12
4985,29,23,2019-11-18
2921,29,7,2018-09-03
4634,48,3,2019-09-02
701,43,4,2017-07-24
4458,99,6,2019-07-29
424,65,2,2017-09-18
3809,83,4,2019-03-25
4976,36,8,2019-10-07
3314,86,10,2018-10-15
1974,69,2,2018-02-12
2809,58,5,2018-07-16
971,29,6,2017-05-29
5462,39,3,2021-02-15
4550,45,4,2019-07-29
5513,47,2,2019-12-16
1626,13,1,2017-10-23
1412,22,8,2017-09-11
2966,29,4,2018-09-10
2054,57,3,2018-02-26
322,43,1,2017-03-20
6,49,3,2017-01-02
5521,40,5,2019-12-16
4973,16,1,2019-10-21
4208,52,11,2019-04-08
1561,20,2,2017-12-04
3185,15,1,2018-12-03
4495,13,2,2019-08-19
2461,77,1,2018-07-09
691,51,5,2017-05-08
3647,20,8,2018-12-10
181,10,2,2017-03-06
3156,62,2,2018-11-05
4587,47,25,2019-10-14
3408,14,6,2018-10-22
2919,23,6,2018-09-03
3739,19,9,2019-01-21
4885,9,6,2019-09-23
3900,29,6,2019-03-11
2585,30,9,2018-07-02
2289,61,1,2018-04-23
344,49,1,2017-03-13
4189,9,8,2019-04-01
2085,10,6,2018-02-05
4508,84,2,2019-08-12
254,14,3,2017-03-20
4288,104,1,2019-06-24
5536,63,8,2020-01-06
3984,72,6,2019-05-06
4688,11,7,2019-09-02
5337,20,5,2019-10-28
1932,46,2,2018-01-01
4438,85,6,2019-07-08
3920,8,8,2019-02-18
4771,15,10,2019-09-16
761,12,2,2017-06-26
4779,8,1,2019-11-11
931,3,16,2017-05-15
2926,12,11,2018-08-06
4178,7,6,2019-04-08
5549,105,1,2020-01-13
198,57,2,2017-03-06
4197,9,8,2019-04-08
3240,5,1,2018-12-17
3898,29,16,2019-02-11
4843,67,5,2019-09-16
4146,20,5,2019-05-20
3326,41,6,2018-10-15
2855,14,13,2018-07-23
2146,9,1,2018-03-05
5207,12,7,2019-06-03
2122,8,1,2018-02-26
3078,21,6,2018-09-03
1455,13,6,2017-09-18
864,43,6,2017-05-22
3747,26,6,2019-02-11
3403,80,88,2019-01-07
84,8,4,2017-07-10
4287,102,3,2019-06-10
5053,63,4,2019-10-14
5573,108,7,2019-12-16
3428,40,8,2018-11-05
797,16,8,2017-04-24
198,9,6,2017-01-23
2049,42,1,2018-02-19
1447,47,2,2017-11-27
4958,1,9,2019-09-30
5195,19,3,2019-06-24
2881,22,6,2018-07-30
3423,49,2,2018-12-03
4063,36,3,2019-03-25
593,10,2,2017-05-15
467,35,2,2017-04-17
2175,46,8,2018-02-26
4697,24,6,2019-12-09
2436,28,8,2018-05-28
1758,18,7,2017-11-27
563,63,6,2017-03-27
4274,94,3,2019-11-25
1984,22,7,2018-03-12
1330,69,2,2017-09-18
516,7,9,2017-03-13
4419,35,4,2019-07-01
3253,39,5,2018-10-15
343,0,5,2017-02-06
1561,3,1,2018-01-01
4702,38,3,2019-09-30
2710,77,3,2018-06-18
1855,43,5,2018-01-08
4031,8,1,2019-03-18
4616,66,4,2019-11-11
4212,18,4,2019-04-15
4151,19,1,2019-07-01
51,2,3,2017-01-09
380,47,11,2017-02-20
5329,109,2,2019-07-01
4620,53,2,2019-08-19
5353,14,2,2019-11-11
650,51,10,2017-04-03
2351,26,6,2018-04-16
4095,39,10,2019-04-08
3757,1,1,2019-02-04
5245,73,8,2019-05-27
4604,29,3,2019-09-30
2497,44,4,2018-04-30
1167,27,5,2017-07-31
4961,36,14,2019-10-07
169,65,9,2017-01-16
2722,78,5,2018-06-25
1585,25,8,2017-10-02
446,58,4,2017-04-24
2564,54,2,2018-07-09
1399,46,6,2017-09-25
2006,24,1,2018-02-12
645,42,1,2017-04-17
107,31,9,2017-01-02
3254,9,3,2018-10-15
2544,47,8,2018-05-07
740,28,6,2017-04-17
4746,30,9,2019-09-09
3933,22,9,2019-04-15
5260,76,2,2019-06-17
4467,101,2,2019-07-29
5062,84,5,2020-08-03
3331,44,4,2018-11-19
4545,26,10,2019-09-02
4944,73,1,2019-10-28
2676,16,7,2018-06-04
1315,21,6,2017-08-28
5338,54,3,2019-10-28
4219,82,2,2019-05-06
4561,19,2,2019-09-02
1656,22,5,2017-11-27
3537,93,5,2018-12-10
3527,30,13,2018-11-19
1714,12,3,2018-01-01
4318,2,8,2019-06-10
5253,80,14,2019-05-13
1409,59,6,2017-09-18
2585,50,5,2018-05-21
4649,36,2,2019-09-23
2487,17,9,2018-07-09
1283,13,17,2017-08-28
2398,31,5,2018-05-28
5499,47,8,2019-11-25
5199,28,8,2019-05-06
2543,79,8,2018-05-07
2063,7,8,2018-02-05
5384,54,3,2019-11-11
2505,25,5,2018-06-25
5445,2,7,2019-11-11
3541,21,1,2018-11-26
1457,45,5,2017-09-18
5309,52,4,2019-06-10
3036,4,5,2018-08-27
1698,9,8,2017-11-06
2393,0,5,2018-05-07
4646,31,7,2019-09-30
5281,30,8,2019-05-13
4302,73,2,2019-06-17
5115,29,11,2019-04-29
2495,49,2,2018-05-21
3621,64,11,2018-12-17
2516,36,13,2018-05-07
5474,43,12,2019-11-18
3934,88,5,2020-06-29
2627,22,4,2018-06-18
1235,39,7,2017-11-27
1450,22,1,2017-11-13
3580,53,13,2018-11-26
3310,35,2,2018-10-29
4752,67,7,2019-09-09
2204,69,8,2018-03-12
1721,22,6,2017-11-27
5571,20,8,2019-12-09
966,10,3,2017-07-17
787,0,9,2017-04-24
1733,46,4,2017-11-20
3470,65,4,2018-12-31
5079,29,8,2019-10-28
68,5,1,2016-12-26
1916,3,1,2018-07-30
481,3,3,2017-04-03
3322,7,5,2018-11-12
4451,22,5,2019-07-15
5429,64,5,2019-11-04
4971,75,1,2019-12-09
3126,27,5,2018-09-10
5574,64,9,2020-01-06
2100,12,14,2018-02-12
2830,64,7,2018-07-30
4513,19,2,2019-08-26
766,26,5,2017-05-08
4963,15,3,2019-12-02
4038,93,2,2019-04-29
5334,43,7,2019-11-11
5010,103,6,2019-10-07
5066,54,8,2019-10-14
3933,39,4,2019-06-10
5076,110,14,2021-08-23
4184,27,2,2019-04-29
4909,107,8,2019-09-30
481,29,5,2017-04-17
4594,79,3,2019-09-09
4805,110,1,2019-10-21
1126,54,8,2017-07-17
4327,81,2,2019-07-01
5017,104,8,2019-10-14
1375,1,6,2017-09-04
5324,25,5,2019-06-03
1256,49,13,2017-08-21
1120,13,11,2017-07-17
1189,27,5,2017-08-07
5225,41,8,2019-06-24
1514,32,8,2017-10-02
4611,69,3,2019-08-19
4301,101,6,2019-06-10
1263,31,3,2017-09-04
1296,15,6,2017-08-28
3174,54,5,2018-10-08
1284,28,6,2017-08-28
3262,47,1,2018-11-19
1855,43,2,2018-01-15
4630,85,2,2019-08-26
3250,47,4,2018-10-29
718,46,4,2017-04-24
1141,26,9,2017-07-17
443,37,17,2017-03-27
3296,93,5,2018-10-08
3390,49,1,2018-12-03
4591,47,12,2019-08-05
1243,38,1,2017-10-09
2200,56,1,2018-04-02
3244,14,8,2018-10-15
5401,87,2,2019-12-09
2333,47,11,2018-04-02
2120,1,1,2018-04-09
1245,47,9,2017-08-21
3275,45,2,2018-11-12
4019,7,2,2019-04-08
3073,48,5,2018-09-03
1589,1,5,2017-11-06
3850,79,5,2019-02-11
5230,36,2,2019-05-20
620,36,13,2017-03-27
3994,80,8,2019-02-25
3768,26,5,2019-01-07
3987,68,5,2019-02-25
3303,24,2,2019-01-14
5011,24,1,2019-11-04
404,8,2,2017-04-17
816,46,9,2017-05-01
926,20,6,2017-05-15
3202,13,8,2018-09-24
822,38,1,2017-05-15
4790,3,1,2019-10-07
4198,67,2,2019-05-06
3202,7,5,2018-09-24
4856,107,2,2019-12-02
4143,7,2,2019-05-06
4451,8,11,2019-09-09
2062,39,2,2018-02-19
2678,31,7,2018-10-01
5373,42,2,2019-11-11
2980,62,6,2018-08-20
4718,1,4,2021-03-01
1475,29,8,2017-09-18
2611,43,10,2018-06-18
3638,54,6,2018-12-10
4140,53,4,2019-03-25
1669,43,3,2017-12-18
331,43,4,2017-02-06
4248,79,2,2019-06-03
4932,84,3,2019-10-21
3175,35,1,2018-10-22
3884,104,3,2019-07-22
2997,39,1,2018-09-24
2986,79,8,2018-08-20
837,65,4,2017-06-12
1081,43,4,2017-08-07
4306,20,4,2019-07-22
1570,60,3,2017-11-06
3222,5,7,2018-11-12
2791,13,2,2018-08-13
757,58,3,2017-05-15
2398,43,4,2018-06-18
4215,94,8,2019-05-27
4370,89,2,2019-07-01
3649,18,10,2018-12-10
2405,61,1,2018-05-21
927,9,10,2017-05-29
5530,38,5,2019-11-18
2001,49,1,2018-02-05
5138,52,2,2019-05-06
2676,90,8,2018-06-04
36,13,8,2016-12-05
956,36,3,2017-06-12
806,15,4,2017-05-15
5459,106,3,2019-12-16
1050,30,13,2017-07-03
3425,25,3,2018-11-26
4771,36,2,2019-09-30
3863,54,4,2019-02-11
5208,88,8,2019-05-27
661,16,8,2017-04-03
4734,52,5,2019-09-09
5245,54,9,2019-06-10
1505,27,4,2017-11-27
1021,4,2,2017-07-24
1482,45,8,2017-09-18
4208,32,7,2019-04-08
3224,5,8,2018-09-24
3943,73,8,2019-02-18
1235,18,4,2017-11-20
3972,77,3,2019-04-01
225,41,2,2017-03-20
1370,14,4,2017-10-02
5292,12,13,2019-05-13
972,38,6,2017-06-05
5115,8,2,2019-05-06
2025,24,1,2018-02-26
404,7,3,2017-03-27
2119,3,4,2018-04-16
3838,64,6,2020-01-06
4780,95,3,2019-10-28
2632,43,10,2018-05-28
4279,6,2,2019-08-26
4042,110,3,2019-03-25
2551,18,1,2018-06-04
5050,4,6,2019-10-14
2744,30,6,2018-07-09
4614,30,12,2019-08-12
2664,32,8,2018-06-04
4288,89,5,2020-07-27
1497,68,1,2017-11-13
4350,79,5,2019-06-17
3279,41,2,2018-11-19
4762,15,10,2019-09-16
3533,72,3,2018-12-10
4717,13,8,2019-09-02
2089,39,4,2018-02-26
2905,51,5,2018-08-27
1056,4,2,2017-08-28
365,33,5,2017-02-27
2505,0,2,2018-06-25
3281,86,4,2018-11-05
4493,15,4,2019-08-12
4354,0,2,2019-07-15
1371,64,6,2017-09-04
2282,59,1,2018-04-16
148,7,2,2017-04-10
649,48,4,2017-06-12
5544,77,8,2019-12-09
396,10,2,2017-06-05
5505,5,8,2019-11-18
5132,18,3,2019-05-27
2214,56,1,2018-07-02
136,54,5,2017-06-19
1364,50,6,2017-09-11
5274,15,6,2019-05-13
3112,40,13,2018-09-10
2656,82,5,2018-06-18
3051,24,2,2020-02-10
3392,75,6,2018-10-22
486,30,4,2017-05-22
1154,66,2,2017-08-14
1932,35,5,2017-12-25
1792,54,1,2018-01-22
825,49,1,2017-05-15
4818,26,6,2019-09-16
3227,14,10,2018-09-24
4313,2,3,2019-06-24
2484,5,5,2018-07-09
4638,89,2,2019-10-07
1792,27,2,2018-01-22
4483,88,5,2019-07-29
4703,67,1,2019-09-30
1305,73,4,2017-09-25
1177,39,2,2017-08-28
5077,47,2,2019-12-09
477,35,9,2017-03-13
4620,39,9,2019-08-12
1809,40,2,2018-01-01
442,24,10,2017-03-06
863,54,5,2017-05-08
3493,40,5,2018-11-12
347,28,5,2017-02-27
109,39,9,2017-07-10
4699,16,6,2019-09-02
1595,49,2,2017-12-04
3649,12,2,2018-12-24
3925,104,1,2019-02-25
5293,54,6,2019-05-20
5225,28,2,2019-06-17
4545,24,8,2019-09-02
4214,23,10,2019-04-29
3571,4,5,2018-11-26
4489,56,4,2019-07-29
3047,18,16,2018-10-29
4415,107,3,2019-07-29
23,6,2,2017-01-09
3727,45,11,2019-02-04
4655,83,2,2019-11-04
2743,3,1,2018-07-23
4650,53,10,2019-10-28
2209,86,6,2018-08-13
1837,43,5,2017-11-27
2942,16,4,2019-01-21
1855,51,3,2018-01-08
3446,46,8,2018-11-12
1932,29,2,2018-02-05
336,22,1,2017-03-20
5060,100,2,2019-11-11
312,12,5,2017-02-27
5427,51,2,2019-12-09
288,8,3,2017-04-03
5085,52,2,2019-04-29
856,17,5,2017-05-29
3861,14,4,2019-04-01
3988,72,2,2019-04-01
5248,6,7,2019-05-13
2215,40,6,2018-03-05
111,40,3,2017-04-10
2558,53,3,2018-05-28
333,8,8,2017-02-06
599,13,1,2017-05-01
2485,54,1,2018-06-11
1723,30,8,2017-11-20
3186,12,28,2018-10-22
927,18,6,2017-05-29
3035,4,5,2018-08-27
2954,39,3,2018-10-01
656,61,8,2017-04-03
830,45,2,2017-06-19
5486,49,3,2019-12-02
5405,106,3,2020-07-20
2547,43,1,2018-05-28
4432,81,8,2019-07-01
3645,24,4,2018-12-10
4357,22,1,2019-07-08
3881,76,5,2019-02-11
842,0,6,2017-05-01
2678,60,2,2018-06-18
343,47,2,2017-07-31
5226,79,4,2019-06-24
3653,45,3,2019-01-14
4224,80,18,2019-05-20
2641,46,7,2018-06-25
1176,48,1,2017-08-21
2028,55,1,2018-02-12
274,33,8,2017-03-06
5091,4,2,2019-05-20
4631,6,1,2019-09-02
1025,39,3,2018-01-22
628,56,7,2017-03-27
5146,73,7,2019-04-22
4536,29,2,2019-08-12
3822,33,4,2019-01-21
3001,33,1,2018-10-01
5144,15,4,2019-04-29
3406,36,11,2018-11-05
1295,24,6,2017-08-28
4688,54,2,2019-09-23
3570,65,5,2018-11-26
3630,60,8,2018-12-10
3355,30,5,2018-11-05
307,54,6,2017-02-06
4519,8,2,2019-08-12
987,2,8,2017-06-05
3862,62,1,2019-02-18
962,22,6,2017-05-29
1755,0,8,2017-11-13
4739,93,8,2019-09-09
2765,12,3,2018-07-16
107,14,1,2017-03-06
2859,72,1,2018-09-10
3411,22,1,2018-11-05
4300,25,4,2019-06-17
3645,6,4,2018-12-10
5457,110,1,2019-11-25
4957,35,1,2019-11-11
2022,45,1,2018-03-05
5209,66,2,2019-05-27
4808,47,2,2019-11-04
5486,61,4,2019-11-18
1586,45,1,2017-10-23
5424,80,9,2019-11-04
3621,29,14,2019-01-07
3933,10,17,2019-05-06
3526,56,4,2018-12-10
2745,68,5,2018-06-25
4772,43,4,2019-09-23
2728,15,2,2018-07-09
3932,22,5,2019-02-18
4986,36,1,2019-10-28
2117,56,4,2018-02-12
2365,4,4,2018-05-14
4271,54,5,2019-06-10
2938,27,8,2018-08-06
3039,82,3,2018-12-17
2088,18,7,2018-02-19
3848,56,14,2019-02-04
1295,31,6,2017-08-28
4040,6,6,2019-03-04
1036,37,8,2017-07-31
1733,19,8,2017-11-13
433,2,2,2017-07-03
4774,29,2,2019-09-23
4705,20,1,2019-09-16
4091,46,4,2019-03-18
2945,14,3,2018-08-20
4523,10,4,2019-08-05
2398,24,3,2018-06-11
5198,100,1,2019-05-20
3250,59,5,2018-10-15
4440,67,9,2019-08-12
1058,37,7,2017-07-24
4820,46,5,2019-11-04
4173,82,3,2019-05-27
4002,44,2,2021-03-01
5004,1,5,2019-10-07
3829,87,8,2019-01-21
4180,53,2,2019-04-22
2628,62,5,2018-05-28
838,56,2,2017-05-22
1647,41,2,2017-11-13
4893,13,2,2019-10-21
1217,45,6,2017-08-14
1520,69,1,2017-11-13
1616,5,2,2017-11-13
2171,46,5,2018-02-26
1381,37,8,2017-09-04
2782,47,4,2018-08-13
2720,45,2,2018-07-09
4993,8,8,2019-10-07
3139,5,8,2018-09-10
2140,36,2,2018-03-26
5078,93,2,2019-11-04
5317,10,14,2019-05-20
4601,49,2,2019-08-26
870,50,1,2017-05-22
2599,33,1,2018-06-04
9,22,3,2016-12-26
5528,80,1,2019-12-09
5010,67,1,2019-10-21
3709,16,5,2018-12-31
560,60,5,2017-04-17
4364,12,11,2019-06-17
3935,90,3,2019-03-04
4012,29,5,2019-03-04
2883,14,22,2018-09-03
2097,18,13,2018-03-19
4231,76,7,2019-04-08
3403,60,2,2018-11-26
5393,75,1,2021-01-25
3848,23,5,2019-02-11
2114,15,8,2018-02-12
1790,60,3,2017-12-11
1692,26,34,2017-12-18
3330,27,4,2018-12-31
1259,8,2,2017-09-25
3756,57,5,2019-01-07
221,45,9,2017-02-27
1947,38,1,2018-02-19
757,62,2,2017-06-05
4292,88,8,2019-06-10
1610,19,8,2017-10-09
4781,20,1,2019-09-23
2129,1,3,2018-02-12
4211,95,3,2019-05-06
2088,22,6,2018-02-19
3111,43,3,2018-10-01
1684,68,13,2017-11-06
2668,43,2,2018-07-02
200,54,9,2017-01-16
4344,8,1,2019-07-22
4159,33,1,2019-04-08
1994,41,1,2018-02-12
5025,14,6,2019-10-07
1293,39,8,2017-08-28
4584,48,2,2019-08-19
2355,56,1,2018-06-25
4789,79,2,2019-10-07
4971,82,5,2019-10-07
4917,75,8,2019-09-30
5207,9,3,2019-07-08
140,40,2,2017-07-24
1538,54,5,2017-10-02
2998,79,8,2018-08-20
4359,27,2,2020-07-06
908,32,6,2017-05-15
4587,21,5,2019-09-09
1931,61,3,2018-02-26
2546,4,5,2018-05-07
1297,61,4,2017-08-28
3042,61,5,2018-08-27
1764,4,6,2017-11-27
4342,57,7,2019-07-15
4215,20,5,2019-04-22
4345,41,4,2019-06-24
1094,59,4,2017-07-24
149,27,5,2017-01-09
1707,47,5,2017-11-06
578,23,5,2017-03-27
3425,26,2,2018-11-26
3794,85,8,2019-01-21
1150,48,7,2017-09-11
3324,6,1,2018-11-12
5543,95,1,2020-01-27
4973,19,1,2019-12-09
4098,19,1,2019-04-08
1646,46,1,2017-11-13
1917,3,4,2017-12-25
1896,63,1,2018-01-08
191,3,1,2017-03-06
4013,26,4,2019-03-04
5196,5,2,2019-06-24
2461,64,1,2018-07-09
5356,88,5,2019-10-28
215,55,1,2017-02-13
2188,28,5,2018-03-19
4857,86,4,2019-10-14
2119,46,13,2018-02-19
2216,32,11,2018-04-09
2877,66,6,2018-08-27
4988,39,6,2019-10-07
4233,95,6,2019-04-08
3290,35,2,2018-10-15
1230,63,5,2017-08-14
5511,35,6,2019-11-18
4661,65,11,2019-08-26
3611,61,5,2018-12-03
3285,31,8,2018-10-01
5378,65,12,2019-11-04
5157,12,17,2019-04-22
5094,18,4,2019-05-13
3398,99,9,2018-10-29
4143,95,2,2021-07-19
1524,51,8,2017-10-02
4119,29,8,2019-04-01
5436,4,1,2019-12-09
2973,24,6,2018-08-20
412,63,6,2017-04-24
4820,82,9,2019-10-28
1638,19,2,2017-10-23
4615,18,13,2019-08-12
134,2,1,2017-03-06
227,64,1,2017-03-20
2955,51,4,2018-08-27
4762,3,15,2019-09-16
1412,47,11,2017-09-25
198,48,6,2017-01-30
3047,7,1,2018-10-01
3362,31,4,2018-11-05
1692,44,10,2018-01-01
2988,46,2,2019-02-04
4363,10,6,2019-06-17
3162,36,5,2018-10-01
3845,51,1,2019-02-18
1927,20,2,2018-02-05
4385,20,5,2019-07-08
5565,66,1,2019-12-30
391,44,2,2017-03-27
4732,88,3,2020-06-22
2386,38,6,2018-04-16
1226,73,5,2017-09-18
4424,76,6,2019-07-08
4696,16,2,2019-09-23
1154,64,2,2017-09-18
4057,48,6,2019-03-11
4701,29,3,2019-09-30
4843,81,2,2019-10-14
4618,36,3,2019-08-19
328,10,10,2017-02-06
15,16,6,2016-12-05
2309,82,4,2018-04-09
4192,16,3,2019-05-06
3972,76,6,2019-04-01
1734,14,3,2017-11-27
2118,22,3,2018-03-05
3054,64,4,2018-09-03
2712,75,7,2018-07-23
3879,85,5,2019-02-04
4174,104,8,2019-04-08
148,23,6,2017-03-27
4869,53,2,2019-10-14
4224,53,21,2019-04-15
2225,24,2,2018-04-23
2097,66,9,2018-02-12
3938,30,4,2019-02-25
4960,104,1,2019-11-04
1711,46,1,2017-12-11
2435,4,5,2018-04-16
2652,31,3,2018-07-30
3032,90,4,2018-10-01
86,53,10,2017-06-19
4577,46,2,2019-08-19
3369,86,6,2018-10-22
4324,90,5,2019-07-29
1635,5,5,2017-11-27
3054,30,8,2018-09-03
3192,12,5,2018-10-29
1511,4,5,2017-11-13
1982,0,2,2018-02-19
2116,9,9,2018-02-12
3924,73,2,2019-02-25
1237,9,8,2017-08-21
2522,56,1,2018-05-28
963,43,6,2017-06-26
3483,46,2,2018-12-03
5300,35,2,2019-05-27
5102,18,2,2019-04-22
4096,72,4,2019-03-18
3999,95,3,2019-02-25
5366,36,2,2019-11-18
2166,26,1,2018-04-23
3003,43,4,2018-08-27
2170,78,8,2018-02-26
5003,2,1,2019-10-21
4857,35,8,2019-10-14
5567,50,5,2018-12-31
4176,14,10,2019-05-20
469,65,3,2017-04-24
395,43,6,2017-02-27
3000,21,1,2018-10-01
2946,41,13,2018-10-08
5054,24,3,2019-11-11
1623,1,4,2017-11-27
3303,35,4,2019-01-14
4460,95,2,2019-08-05
4760,10,8,2019-09-09
1445,23,4,2017-10-02
886,18,2,2017-06-19
2276,10,3,2018-05-07
1148,66,3,2017-08-28
633,47,1,2017-05-08
5278,9,9,2019-05-13
4732,67,7,2019-10-07
2274,68,5,2018-03-26
4165,44,6,2019-04-01
414,58,2,2017-03-20
876,53,4,2017-06-12
4610,33,2,2019-08-26
4440,104,3,2019-07-29
2197,49,3,2018-04-02
218,2,1,2017-02-06
4380,64,2,2019-07-22
727,41,8,2017-04-17
650,48,1,2017-04-17
1819,73,1,2018-03-26
2459,75,9,2018-04-23
3758,35,4,2020-01-06
1627,36,4,2017-11-06
2487,24,7,2018-07-09
4723,86,2,2019-11-04
3047,21,8,2018-11-19
703,1,6,2017-04-10
895,15,1,2017-05-22
2285,0,5,2018-03-26
5496,13,6,2019-11-18
3548,41,10,2018-11-19
2180,12,4,2018-04-23
495,36,1,2017-04-24
3633,8,1,2020-02-03
5316,6,8,2019-06-03
672,58,4,2017-04-10
2168,78,2,2018-05-14
3605,14,4,2018-12-03
820,43,3,2017-05-15
732,46,10,2017-04-24
2745,56,5,2018-06-25
3610,31,4,2018-12-31
901,3,10,2017-05-08
16,28,10,2016-11-28
5222,15,2,2019-06-03
1507,16,4,2017-10-02
5294,56,15,2019-05-20
2950,17,1,2018-10-01
1342,28,8,2017-08-28
4334,16,4,2019-06-24
4603,53,6,2019-08-26
3718,25,4,2018-12-31
5046,76,5,2021-02-08
5234,102,2,2019-05-20
4990,86,9,2019-10-07
4458,9,6,2019-07-22
370,66,9,2017-02-20
411,36,29,2017-07-24
4865,8,4,2019-09-30
1943,43,5,2018-01-08
5295,57,3,2019-06-24
4357,117,2,2019-07-08
2034,79,8,2018-04-09
133,41,2,2017-02-20
1147,14,2,2017-08-14
4334,52,2,2019-07-22
4771,47,5,2019-12-16
1637,36,4,2017-11-13
4689,22,7,2019-09-02
3176,30,6,2018-11-05
5552,57,5,2019-12-02
4761,61,5,2019-10-14
4332,44,5,2019-06-24
463,46,2,2017-04-17
3704,85,4,2019-01-28
1347,36,15,2017-09-18
5008,87,5,2019-10-14
3279,9,10,2018-10-08
2593,30,11,2018-05-21
3787,46,8,2019-01-14
4659,59,2,2019-10-07
1333,59,5,2017-08-28
2531,1,2,2018-05-28
1115,21,4,2017-07-17
4438,72,6,2019-07-29
5451,63,5,2019-11-11
4414,84,3,2019-07-15
4666,76,5,2019-09-02
1025,5,9,2017-06-26
2221,41,6,2018-03-12
2436,46,29,2018-05-28
3062,32,4,2018-11-05
4034,72,5,2019-03-04
3440,52,1,2018-12-03
3453,69,5,2018-12-03
970,6,6,2017-06-05
1651,38,1,2017-11-13
5086,46,5,2019-05-06
2495,28,2,2018-05-21
4693,13,6,2019-09-02
5199,14,2,2019-05-20
339,41,5,2017-02-27
3341,29,4,2018-10-15
2286,3,10,2018-03-19
229,60,4,2017-02-13
184,9,5,2017-03-27
2978,26,5,2018-08-20
4596,5,4,2019-09-16
5311,99,3,2019-07-15
3403,32,8,2018-10-29
1742,22,2,2017-11-27
469,45,2,2017-05-15
3963,6,5,2019-02-18
653,45,1,2017-04-17
593,13,10,2017-03-27
1514,4,5,2017-10-02
1403,0,1,2017-10-16
4482,2,2,2019-08-19
2546,53,3,2018-05-28
4305,39,2,2019-07-08
1421,38,3,2017-10-02
5525,13,2,2020-01-06
899,49,3,2017-06-12
2363,32,1,2018-04-16
4603,66,3,2019-09-09
795,33,8,2017-04-24
3915,68,1,2019-03-18
1661,57,5,2017-11-20
5294,65,10,2019-06-10
5000,8,8,2019-10-14
2830,52,3,2018-08-27
4451,73,6,2019-07-15
3202,36,6,2018-11-26
2174,24,8,2018-02-26
3330,22,2,2018-12-24
5467,16,1,2019-11-18
2573,50,1,2018-05-28
5367,8,8,2019-10-28
3131,1,8,2018-09-17
1291,10,13,2017-08-28
5523,5,7,2019-11-18
4100,1,2,2019-03-25
1286,72,6,2017-08-28
2797,30,2,2018-08-20
2764,19,8,2018-06-25
3463,40,8,2018-11-05
2929,14,1,2018-09-03
4767,115,3,2019-10-07
401,62,1,2017-03-27
783,27,6,2017-05-22
2159,16,2,2018-07-09
3598,8,2,2019-02-11
2163,55,1,2018-03-12
4130,86,2,2019-04-15
3462,0,1,2018-11-12
288,56,2,2017-03-20
3607,45,5,2018-12-03
5558,99,7,2019-12-02
4205,36,8,2019-04-01
3247,85,1,2018-11-12
2439,73,4,2018-05-14
4755,47,5,2019-10-28
2502,8,11,2018-05-07
681,10,8,2017-04-17
3976,65,6,2019-02-25
2176,21,1,2018-04-30
4727,14,1,2019-09-16
1419,65,15,2017-09-11
4591,100,9,2019-08-05
148,18,7,2017-05-01
1644,3,2,2017-12-04
4486,75,6,2019-07-22
1373,56,4,2017-09-04
2118,46,10,2018-02-12
4291,28,2,2019-07-08
534,47,1,2017-04-24
808,48,8,2017-05-22
1542,1,8,2017-10-02
2410,43,3,2018-04-30
5455,80,6,2019-12-30
1288,18,11,2017-08-28
4191,84,5,2019-04-01
5130,41,4,2019-05-20
3984,107,1,2019-05-20
4413,35,2,2019-07-29
4090,9,2,2019-04-01
3893,101,4,2019-02-11
3678,87,1,2021-12-13
1146,13,2,2017-08-21
219,36,6,2017-02-13
5027,39,1,2019-11-11
4932,40,6,2019-09-30
2205,41,7,2018-04-02
3139,57,1,2018-11-05
2092,36,11,2018-02-05
4778,30,1,2019-12-09
4656,82,3,2019-09-09
2484,0,2,2018-06-04
1417,45,8,2017-09-11
4586,8,2,2019-09-23
4516,24,4,2019-07-29
1079,35,4,2017-07-24
2624,46,3,2018-06-25
1559,43,7,2017-10-09
4697,41,10,2019-10-28
3519,35,8,2018-11-19
1404,56,2,2017-11-13
4458,45,6,2019-07-22
1448,25,4,2017-10-16
4967,13,1,2019-11-04
1023,29,17,2017-07-10
3869,43,8,2019-03-25
5538,109,5,2019-12-30
74,5,2,2017-03-06
2262,21,1,2018-04-09
2449,4,11,2018-04-23
84,43,8,2017-01-02
3377,4,1,2018-11-05
3370,99,3,2018-11-12
5568,19,9,2019-12-02
2100,28,6,2018-02-12
3923,2,5,2019-03-25
4063,110,3,2019-03-25
4997,72,1,2019-10-21
5051,28,5,2019-10-14
1513,73,9,2017-10-23
3836,16,4,2019-02-25
1100,18,2,2017-08-07
5395,121,2,2019-11-18
5085,30,2,2019-06-03
4752,64,3,2019-10-14
3403,25,8,2018-11-26
4678,21,7,2019-08-26
1981,4,1,2018-02-19
1305,54,1,2017-09-11
1315,66,2,2017-10-23
2682,32,5,2018-06-11
969,14,4,2017-06-12
1150,38,9,2017-07-24
5398,29,11,2019-11-04
2375,69,4,2018-05-07
4249,6,7,2019-06-03
995,31,1,2018-01-22
5488,13,1,2019-12-09
2653,29,6,2018-06-25
3473,35,1,2018-12-17
4685,96,1,2019-09-30
5420,52,3,2019-11-18
3172,43,16,2018-10-08
4280,18,3,2019-07-15
2209,12,15,2018-04-02
717,23,6,2017-04-17
2813,80,7,2018-07-16
3414,56,6,2018-11-05
2393,90,16,2018-06-18
3040,46,3,2018-11-12
2000,3,8,2018-02-12
5245,77,8,2019-05-13
2452,44,8,2018-04-23
1868,65,8,2017-12-04
2074,45,6,2018-02-05
4221,24,7,2019-04-08
2452,79,8,2018-04-23
3610,40,2,2019-02-18
5129,13,5,2019-04-22
3388,63,8,2018-10-22
4598,17,3,2020-07-06
4469,26,2,2019-08-05
4446,36,11,2019-08-12
5313,32,5,2019-06-03
1762,24,6,2017-11-27
5112,15,13,2019-04-29
3807,48,5,2019-01-21
3629,51,4,2018-12-24
1131,38,2,2017-08-21
3864,12,25,2019-03-11
1652,41,2,2018-01-15
2421,14,2,2018-05-14
2010,46,5,2018-03-05
942,6,8,2017-05-15
1242,13,7,2017-10-16
3946,99,8,2019-02-18
3120,56,6,2018-10-01
3350,49,2,2018-11-05
3881,84,1,2019-02-25
5562,20,6,2019-12-02
1958,49,1,2018-01-22
1873,12,6,2017-12-04
3482,77,2,2018-11-26
4272,49,3,2019-07-01
1722,51,6,2017-11-06
2317,46,8,2018-04-23
18,57,4,2016-12-05
3278,59,5,2018-10-15
2351,51,1,2018-04-16
4775,28,4,2019-09-30
3893,41,4,2019-02-11
4216,90,7,2019-05-27
3254,4,1,2018-12-03
5480,73,1,2019-12-02
401,19,3,2017-03-20
3332,90,8,2018-11-12
5092,56,1,2019-04-22
3969,8,5,2019-02-25
5220,10,7,2019-05-06
1663,19,2,2017-12-18
3688,39,5,2020-01-13
5496,22,2,2019-12-02
5558,40,2,2019-12-09
303,9,8,2017-02-06
1804,14,11,2017-12-18
5144,1,11,2019-05-20
3580,43,2,2018-12-31
5368,80,10,2019-10-28
3640,80,9,2018-12-31
5521,69,8,2019-12-09
4615,49,8,2019-08-19
5105,43,6,2019-04-15
4873,23,5,2019-09-23
2172,68,2,2018-03-12
3451,90,6,2018-11-05
4292,76,3,2019-07-15
2881,40,6,2018-07-30
3331,57,2,2018-12-03
1510,51,12,2017-11-27
1609,31,2,2017-12-11
4773,86,8,2019-09-09
2375,78,3,2018-05-21
2241,28,1,2018-04-09
2950,3,10,2018-08-13
4805,91,2,2019-10-14
1447,59,7,2017-12-04
1893,3,13,2017-12-11
3986,3,6,2019-03-11
3929,109,2,2019-06-10
2566,26,7,2018-06-04
1954,46,8,2018-01-08
2652,7,4,2018-07-09
4922,7,1,2019-10-28
3916,85,2,2019-05-06
862,3,12,2017-06-26
4763,50,2,2019-10-07
1954,8,1,2018-02-19
3221,14,1,2018-10-08
4176,50,3,2019-04-08
3012,24,8,2018-08-27
1081,3,11,2017-08-07
3304,50,6,2018-10-08
5350,1,1,2019-11-11
1860,36,13,2017-12-04
2160,56,5,2018-02-26
396,21,1,2017-05-08
5195,90,7,2019-05-06
2646,69,6,2018-06-04
4456,26,5,2019-07-15
5416,46,9,2019-11-04
1510,54,8,2017-10-02
1287,8,8,2017-08-28
121,14,8,2017-01-02
1168,64,5,2017-07-31
4721,33,6,2019-09-02
2540,0,5,2018-05-14
4739,74,2,2019-10-07
2778,22,2,2018-07-30
3913,5,2,2019-04-01
1702,52,4,2017-11-06
5463,90,7,2019-11-11
1575,46,5,2017-10-16
2421,82,5,2018-05-28
2134,53,5,2018-03-05
4483,18,2,2019-08-26
253,59,3,2017-03-27
559,12,3,2017-03-27
5002,62,1,2019-10-21
2071,56,5,2018-04-23
4929,6,5,2019-09-30
2258,2,1,2018-04-23
2624,3,11,2018-05-28
2833,40,8,2018-07-30
2680,18,11,2018-06-11
5511,2,6,2019-11-25
4539,35,2,2019-08-12
4861,85,5,2019-09-23
4911,13,8,2019-09-30
1206,27,3,2017-08-14
2243,54,1,2018-03-26
470,62,2,2017-04-17
2655,30,4,2018-06-25
3391,73,11,2018-10-22
2544,13,5,2018-05-07
320,66,5,2017-02-06
923,24,5,2017-05-15
1167,17,3,2017-08-14
1734,73,6,2017-11-27
4906,49,4,2019-09-30
4594,109,3,2019-09-09
283,66,5,2017-01-30
796,11,8,2017-04-24
4750,1,1,2019-09-30
5349,88,8,2019-10-28
4427,20,8,2019-07-01
4804,26,1,2019-09-30
5284,94,2,2019-05-20
2582,2,6,2018-06-25
4171,100,7,2019-04-01
2586,4,6,2018-05-21
1638,40,5,2017-10-23
1944,2,1,2018-01-29
1686,3,1,2017-11-20
4003,45,5,2019-02-25
983,13,11,2017-07-24
3249,47,1,2018-10-08
4643,84,12,2019-08-26
3789,76,7,2019-01-14
4408,16,3,2019-07-29
641,22,11,2017-06-05
4658,40,5,2019-08-26
1505,3,3,2017-10-02
247,24,8,2017-03-13
1389,14,5,2018-02-05
3453,18,8,2018-11-12
4646,48,3,2019-09-23
5304,94,2,2019-06-24
2586,58,4,2018-05-21
4918,52,5,2019-09-30
4869,49,7,2019-09-23
1900,39,8,2017-12-11
3132,23,1,2018-10-22
3312,63,5,2018-10-15
421,42,9,2017-03-13
3532,41,1,2018-12-03
4491,101,3,2019-08-26
1281,30,6,2017-09-11
1344,23,3,2018-01-01
357,52,4,2017-04-03
4482,80,5,2019-07-22
5334,4,4,2019-10-28
991,43,3,2017-06-12
1791,26,4,2017-11-20
5537,68,2,2019-12-02
426,31,6,2017-03-06
1150,59,2,2017-08-14
2636,15,1,2019-01-21
4031,53,4,2019-04-22
1889,13,2,2017-12-18
1290,28,4,2017-08-28
1887,49,4,2018-01-22
5016,74,1,2020-07-20
1788,3,13,2017-11-20
3449,12,3,2018-11-19
761,50,3,2017-07-10
2728,47,2,2018-07-09
843,13,6,2017-07-31
4771,100,1,2019-10-21
2201,16,2,2018-04-02
2184,18,5,2018-04-23
2440,46,6,2018-05-07
543,29,1,2017-04-24
3227,47,2,2019-01-07
3010,84,5,2018-09-10
403,8,2,2017-04-24
1198,64,6,2017-08-07
1696,62,5,2017-11-20
402,29,2,2017-04-17
3882,52,4,2019-02-04
3863,72,3,2019-03-18
4931,47,11,2019-09-30
3413,30,5,2018-11-19
144,32,1,2017-03-06
2386,75,1,2018-06-04
3804,35,13,2019-01-21
3134,22,10,2018-09-10
4505,74,5,2019-07-29
3551,93,11,2018-11-26
2004,5,5,2018-04-16
36,31,3,2016-12-26
3226,96,8,2019-07-01
1944,25,7,2018-04-02
4763,59,4,2020-01-27
5379,49,3,2019-11-18
4593,69,9,2019-08-05
4939,52,1,2018-12-31
1655,50,4,2017-12-11
2553,42,8,2018-06-04
5481,31,6,2020-01-13
3070,13,11,2018-09-03
1254,5,6,2017-08-21
560,39,5,2017-05-08
4569,65,8,2019-08-05
1783,49,1,2017-11-27
960,19,5,2017-06-12
1135,18,7,2017-09-25
2034,78,4,2018-04-16
724,49,4,2017-04-17
4848,83,2,2019-09-30
204,19,8,2017-01-16
1655,22,4,2017-12-18
757,39,6,2017-04-24
3145,80,2,2018-11-26
4697,33,5,2019-12-23
22,41,6,2016-11-28
1600,56,8,2017-10-16
5260,35,3,2019-06-03
4480,84,6,2019-07-22
3760,13,5,2019-02-18
4335,92,2,2020-07-13
1648,36,1,2017-12-25
2030,19,2,2018-03-19
718,18,8,2017-05-01
1637,12,8,2017-12-11
3077,82,5,2018-09-03
1836,30,10,2017-12-18
4405,20,2,2019-07-22
4051,86,6,2019-03-18
3671,4,8,2018-12-17
3532,43,1,2018-12-10
1455,2,4,2017-11-27
3010,29,1,2018-11-12
2750,39,4,2018-06-25
3513,101,6,2018-11-19
2695,16,2,2018-07-30
2623,82,8,2018-05-28
2981,39,2,2018-09-24
5525,102,2,2020-01-27
288,48,1,2017-03-20
762,60,8,2017-04-24
2250,39,8,2018-03-12
5526,104,7,2019-11-18
915,13,11,2017-06-19
3764,53,8,2019-01-21
1398,56,5,2017-10-09
3187,30,2,2018-12-03
1606,12,3,2017-11-13
4778,62,1,2019-11-11
4271,110,8,2019-06-03
4971,76,1,2019-11-11
5397,8,9,2019-12-16
3594,26,8,2018-12-10
4757,29,9,2019-09-09
2689,53,1,2018-07-16
1857,35,11,2017-12-04
1266,19,14,2017-08-21
1240,64,4,2018-01-22
6,2,13,2016-12-19
1295,42,6,2017-08-28
1678,40,5,2017-10-30
401,63,6,2017-02-27
2570,61,1,2018-05-28
294,13,5,2017-06-19
2490,28,5,2018-04-30
2877,28,8,2018-08-20
4342,80,3,2019-07-22
2879,60,8,2018-07-30
1243,18,7,2017-10-02
620,12,8,2017-03-27
1845,54,2,2018-01-08
3398,19,1,2018-11-19
5407,28,5,2019-11-04
3895,53,5,2019-02-25
3529,29,13,2018-11-19
4292,84,11,2019-07-22
4349,0,4,2019-06-17
1557,63,3,2017-10-23
642,20,10,2017-04-03
1041,12,2,2017-07-24
2777,51,6,2018-07-09
2398,38,5,2018-05-14
1127,3,20,2018-07-16
4760,40,6,2021-03-08
4701,89,6,2019-09-02
2495,50,7,2018-05-21
5342,81,6,2019-10-28
1788,22,13,2017-11-20
449,10,2,2017-03-27
2267,46,2,2018-04-30
3147,7,5,2018-10-22
4159,82,2,2019-07-15
2255,36,1,2018-04-30
3527,43,13,2018-12-17
5443,93,5,2019-11-18
4669,53,2,2019-09-09
3986,93,4,2019-02-25
2488,12,8,2018-05-14
4212,90,5,2019-05-06
3961,30,19,2019-02-18
12,61,2,2016-12-12
3681,36,7,2018-12-31
4040,15,5,2019-03-04
4069,19,1,2019-07-01
2783,75,7,2018-07-09
3629,20,4,2018-12-10
1691,65,2,2017-12-11
4347,105,2,2020-06-29
3650,2,6,2019-01-21
4034,77,5,2019-03-04
4464,74,2,2020-07-20
512,29,5,2017-04-03
2624,72,5,2018-05-28
1097,6,2,2017-08-07
1556,31,8,2017-10-02
5245,15,13,2019-06-17
4338,7,6,2019-06-24
354,62,2,2017-03-20
4184,46,7,2019-04-01
1132,23,5,2017-07-24
3069,73,11,2018-09-03
604,55,8,2017-04-03
2303,43,1,2018-05-14
4921,31,1,2019-10-28
4937,67,1,2019-11-11
5025,1,5,2019-11-04
2913,58,3,2018-10-15
2425,46,11,2018-04-16
5143,22,2,2019-06-17
1218,59,2,2017-08-28
2938,0,9,2018-08-06
5550,115,3,2019-11-25
1591,29,2,2018-01-22
3289,35,2,2018-10-15
1793,62,3,2017-11-20
1615,51,1,2017-10-23
1148,35,3,2017-08-28
5189,30,1,2019-05-20
1664,56,10,2018-01-08
2695,78,4,2018-06-11
56,6,2,2017-02-13
1390,62,6,2017-09-11
2097,43,2,2018-04-02
3546,90,6,2018-11-19
4583,88,1,2019-08-26
731,25,6,2017-04-17
3082,80,1,2018-10-15
1664,19,24,2018-01-08
4830,60,1,2019-09-30
5422,75,6,2019-12-02
18,35,2,2016-12-12
1581,49,2,2017-11-27
762,45,5,2017-05-29
4078,46,10,2019-03-11
5424,4,3,2019-11-11
1963,21,3,2018-02-19
1818,41,4,2017-11-27
5159,46,14,2019-04-22
5236,42,2,2019-07-08
3837,9,2,2019-03-04
2685,13,3,2018-07-09
193,9,6,2017-01-23
4501,19,8,2019-07-29
3187,44,5,2018-09-24
5489,10,2,2019-12-02
3411,77,5,2018-10-29
5086,64,3,2019-04-29
774,10,22,2017-06-05
4309,53,5,2019-06-17
2621,12,8,2018-05-28
2042,69,8,2018-02-05
78,51,1,2017-03-27
1815,20,6,2017-11-27
4135,49,6,2019-04-01
1600,12,13,2017-10-16
4587,96,2,2019-11-18
3861,46,5,2019-03-18
5449,85,9,2019-11-11
3185,77,3,2018-09-24
4744,10,7,2019-10-07
3776,99,13,2019-01-14
1573,9,4,2017-12-18
3470,93,1,2018-12-10
5431,14,1,2019-11-25
1060,50,4,2017-07-03
79,32,3,2017-07-03
1658,58,2,2017-12-11
3251,56,1,2020-02-03
2523,18,7,2018-05-07
5183,5,2,2019-06-24
4420,64,4,2019-07-22
4977,43,2,2019-12-30
5099,20,10,2019-04-15
2356,36,1,2018-04-30
3238,54,8,2018-10-08
2328,4,8,2018-04-02
2696,13,6,2018-06-11
5416,76,1,2019-11-25
4436,72,2,2019-08-19
3074,57,1,2018-11-12
1040,20,13,2017-07-03
5408,7,2,2019-11-11
5424,18,2,2019-11-25
1426,54,8,2017-09-11
729,13,8,2017-04-17
3588,41,3,2019-12-30
5415,51,1,2019-11-11
213,35,4,2017-04-03
4654,117,1,2019-09-16
4313,3,2,2019-07-29
183,62,1,2017-03-06
4695,32,5,2019-09-02
3839,26,2,2019-02-11
3331,75,4,2018-11-26
2720,85,8,2018-06-18
4053,102,5,2019-04-29
2694,64,1,2018-07-02
4069,74,3,2019-03-25
1987,63,4,2018-01-15
3735,35,3,2019-02-18
1944,82,10,2018-02-19
5223,20,4,2019-05-06
4052,66,10,2019-03-04
4779,68,4,2021-02-08
4311,2,3,2019-07-15
1056,0,9,2017-07-03
4322,107,4,2019-06-17
3697,4,2,2019-01-21
1916,24,8,2017-12-18
971,65,2,2017-06-12
1588,68,8,2017-10-30
543,56,8,2017-03-20
4523,26,3,2019-08-26
5388,6,2,2019-12-02
22,1,6,2017-08-07
4590,4,6,2019-08-05
3861,18,3,2019-02-25
3917,80,1,2019-03-11
5464,88,5,2019-11-11
1448,56,9,2017-11-06
4224,68,4,2019-05-13
2697,53,4,2019-07-15
3817,56,4,2019-02-11
1219,43,4,2017-08-14
671,66,2,2017-05-01
1542,30,2,2017-10-30
1932,20,2,2018-01-29
4016,19,19,2019-04-22
1784,19,8,2017-11-20
2289,28,2,2018-04-30
768,56,11,2017-05-08
2203,15,1,2018-04-09
4428,69,3,2019-07-22
3199,90,15,2018-10-22
52,47,1,2017-01-09
4985,5,1,2018-12-31
2138,55,2,2018-04-09
5244,99,3,2019-06-10
5142,15,7,2019-04-22
3118,42,9,2018-09-10
4814,49,2,2019-10-14
3697,5,4,2019-02-11
1876,60,4,2017-12-18
882,40,2,2017-06-26
4689,121,7,2019-09-02
4126,10,9,2019-07-15
5392,26,6,2019-11-04
3867,51,5,2019-03-04
3929,14,6,2019-06-24
954,46,13,2017-05-15
5475,20,2,2019-12-02
1585,31,13,2017-10-09
5242,12,8,2019-06-17
218,18,7,2017-01-30
3162,0,2,2018-10-22
2029,49,8,2018-01-29
5109,11,5,2019-04-22
1188,5,3,2017-09-18
905,13,8,2017-05-08
4759,121,6,2019-09-09
3224,46,4,2018-10-08
344,5,1,2017-03-06
792,10,8,2017-04-24
4986,68,2,2019-11-04
5298,36,8,2019-07-08
2970,75,3,2018-09-24
1462,7,2,2017-11-27
865,20,1,2017-05-15
2964,65,10,2018-08-20
174,62,1,2017-02-20
2003,53,1,2018-03-26
3431,101,4,2018-11-12
3622,56,3,2019-01-28
5179,15,3,2019-05-20
24,22,1,2017-01-16
968,15,6,2017-05-29
2205,77,2,2018-07-09
4058,110,3,2019-03-25
28,31,6,2016-12-05
5448,24,5,2019-11-18
3045,62,5,2018-09-03
1018,35,3,2017-07-10
1603,50,4,2017-10-16
4155,6,2,2019-04-08
4325,110,2,2019-07-08
2835,53,2,2018-09-24
4891,23,5,2019-09-30
5273,40,2,2019-05-27
1242,22,1,2017-09-11
3296,14,3,2019-02-04
1582,64,8,2017-10-09
4895,32,3,2019-10-07
5166,94,11,2019-05-13
2483,0,6,2018-04-30
3164,21,6,2018-09-17
3791,7,10,2019-01-14
314,29,2,2017-08-07
1955,31,2,2018-04-02
4604,15,8,2019-09-09
2388,32,2,2018-06-11
2641,32,6,2018-07-16
3998,33,6,2019-02-25
4290,19,9,2019-06-10
3293,45,2,2018-11-26
3615,7,8,2018-12-10
2449,28,1,2018-06-25
4820,31,3,2019-10-28
3205,24,1,2018-10-29
1213,50,1,2017-09-25
849,38,6,2017-06-19
4665,104,8,2019-10-28
600,46,1,2017-05-01
2855,68,1,2019-07-15
2480,64,8,2018-05-21
3107,35,2,2018-09-24
5093,75,1,2019-05-13
3361,27,2,2018-11-19
5518,12,9,2019-12-02
5487,73,3,2019-12-02
3739,42,5,2019-02-04
43,10,11,2016-12-05
4894,87,4,2019-09-30
1987,3,5,2018-01-15
1466,2,8,2017-10-02
5180,48,14,2019-04-29
4111,103,5,2021-02-22
4757,30,7,2019-09-30
1235,63,3,2017-11-27
2484,43,1,2018-06-04
411,37,12,2017-03-20
2541,36,5,2018-07-02
2887,85,8,2018-07-30
2709,45,5,2018-07-30
114,14,4,2017-01-16
996,18,2,2017-08-14
2319,66,6,2018-05-14
3934,68,3,2019-03-11
2239,6,5,2018-03-12
649,26,6,2017-05-08
5539,5,8,2019-12-02
5196,59,8,2019-05-06
3274,32,5,2018-10-15
3439,63,8,2018-11-05
4379,3,2,2019-08-05
4283,6,1,2019-10-07
3416,13,11,2018-10-22
3480,54,5,2018-11-05
1765,39,2,2018-01-01
1762,50,2,2017-11-27
5337,31,2,2019-11-18
5369,56,7,2019-10-28
5046,21,2,2019-11-04
692,20,4,2017-05-01
1936,5,9,2018-01-08
239,66,5,2017-02-06
4510,93,6,2019-07-29
4857,107,2,2019-09-30
3970,9,11,2019-02-25
3733,26,3,2021-03-01
2828,65,6,2018-08-27
5132,3,8,2019-04-22
3651,14,4,2018-12-31
5577,33,2,2019-12-30
2461,36,10,2018-04-23
3699,60,8,2018-12-31
4820,121,1,2019-10-07
358,31,1,2017-03-20
2005,8,2,2018-03-19
3994,90,4,2019-02-25
5216,74,3,2019-06-10
2491,6,1,2018-07-02
5453,5,2,2019-11-18
1686,24,1,2018-02-26
2610,10,4,2018-06-18
5386,8,2,2019-12-09
3974,77,2,2019-04-15
110,35,2,2017-02-06
1569,54,6,2017-10-02
3061,84,4,2018-09-17
398,35,5,2017-03-27
1595,58,9,2017-10-09
2097,57,6,2018-03-12
5234,65,5,2019-05-06
1116,73,8,2017-09-04
1436,27,4,2018-01-15
4437,106,1,2020-07-06
3473,57,5,2018-11-12
3893,48,2,2019-02-25
3024,31,6,2018-08-27
3566,32,5,2018-11-26
3603,81,5,2018-12-03
3579,32,5,2018-12-03
479,7,1,2017-04-24
203,46,1,2017-03-13
3747,87,8,2019-01-21
2492,69,11,2018-04-30
5280,100,8,2019-05-20
4646,45,2,2019-10-28
2313,2,3,2018-04-09
4501,13,7,2019-07-29
73,20,9,2017-03-06
5152,86,2,2019-05-27
5257,16,6,2019-05-20
3013,64,10,2018-08-27
4139,79,1,2019-04-08
2745,15,1,2018-07-16
5200,76,1,2019-05-20
2308,10,2,2018-04-09
770,12,5,2017-07-24
1167,51,4,2017-09-04
2515,35,9,2018-07-02
5147,36,18,2019-04-22
1106,65,2,2017-09-11
4229,60,5,2019-04-22
3464,57,5,2018-11-12
4544,3,9,2019-07-29
396,7,4,2017-02-27
3047,60,4,2018-09-03
1931,31,6,2017-12-25
2487,62,7,2018-07-02
1866,41,2,2017-12-11
467,28,6,2017-03-13
1948,20,3,2018-03-12
3519,45,2,2018-12-10
4167,74,2,2019-04-22
1074,36,6,2017-08-07
4727,39,2,2019-09-30
835,31,7,2017-05-01
4049,9,4,2019-03-25
4563,68,2,2019-09-16
5233,19,5,2019-06-17
4023,18,7,2019-03-04
2437,12,2,2018-06-18
4588,64,2,2019-09-09
2110,12,3,2018-04-09
1938,35,1,2018-01-29
4533,28,7,2019-07-29
4889,91,5,2019-09-23
2104,73,2,2018-03-26
2124,24,8,2018-02-12
2955,41,2,2018-09-24
434,58,6,2017-04-03
1648,3,3,2017-12-18
4955,1,2,2019-10-21
1812,4,4,2017-12-04
1595,12,14,2017-10-30
395,63,5,2017-03-13
3933,36,6,2019-06-03
700,7,2,2017-05-15
4503,20,9,2019-07-29
4025,80,4,2019-04-01
4143,8,6,2019-03-25
4934,73,5,2019-09-30
4917,101,1,2019-10-07
4950,38,1,2019-10-21
657,9,2,2017-04-17
242,7,1,2017-04-03
3416,72,8,2018-10-22
5389,65,1,2019-12-02
4423,101,5,2019-08-05
5004,50,2,2019-11-04
5034,61,6,2019-10-07
198,35,2,2017-03-06
4691,52,6,2019-09-02
2799,96,3,2019-07-01
3170,58,6,2018-09-24
4540,36,10,2019-07-29
3264,82,8,2018-10-01
535,50,5,2017-03-27
5322,7,12,2019-06-24
1899,30,6,2017-12-25
1978,18,2,2018-03-12
793,31,2,2017-05-22
2954,53,6,2018-09-10
2127,8,8,2018-03-19
2655,46,3,2018-08-13
4744,80,5,2019-09-16
4682,93,4,2021-02-22
995,65,4,2017-08-21
4796,72,1,2019-10-07
951,28,11,2017-06-26
162,49,1,2017-02-20
4734,107,4,2019-09-09
4730,49,7,2019-09-02
3157,30,6,2018-11-12
4817,99,3,2019-09-30
797,0,9,2017-04-24
1764,54,1,2017-11-27
195,32,2,2017-02-20
155,0,3,2017-06-26
4280,10,8,2019-06-10
1527,12,20,2017-10-16
4281,106,1,2020-07-06
4213,36,12,2019-05-06
4324,88,8,2019-08-19
58,49,3,2017-03-13
2418,56,8,2018-04-23
819,66,3,2017-05-15
441,25,1,2017-04-03
4611,24,2,2019-08-19
134,12,17,2017-03-27
2012,68,4,2018-01-29
4077,75,4,2019-04-15
1781,42,6,2017-11-20
589,31,4,2017-03-27
5215,38,6,2019-05-06
4682,19,8,2019-09-02
4893,94,4,2019-09-30
2378,72,6,2018-04-16
4332,12,7,2019-07-08
1801,39,8,2017-11-20
4946,1,2,2021-03-01
3469,75,7,2018-11-05
3212,28,8,2018-09-17
1143,66,2,2017-09-18
4804,23,6,2019-10-14
266,62,4,2017-07-17
2136,14,13,2018-02-19
4776,95,5,2019-09-09
3069,33,1,2018-10-08
393,51,7,2017-07-24
1511,5,2,2017-10-16
2541,54,4,2018-07-02
4106,43,2,2019-04-01
5039,21,2,2019-11-18
683,1,2,2017-05-01
3553,20,3,2018-12-10
2266,2,10,2018-04-23
203,65,8,2017-03-13
3550,15,16,2018-12-03
5216,4,7,2019-05-06
4250,19,2,2020-06-22
4525,18,12,2019-07-29
2440,49,8,2018-04-23
5111,47,5,2019-04-22
3028,41,11,2018-10-01
4851,63,1,2019-09-30
3222,4,1,2018-11-05
541,66,6,2017-03-20
5297,26,7,2019-05-20
591,15,6,2017-04-24
3383,13,1,2018-11-12
1695,1,7,2017-12-11
3756,24,3,2021-03-01
81,32,1,2017-02-06
545,1,11,2017-04-03
3106,3,3,2018-12-03
615,25,1,2017-04-03
5515,73,6,2019-11-18
2492,65,9,2018-06-18
5150,104,8,2019-04-22
335,37,5,2017-02-06
3408,73,6,2018-10-22
5050,82,3,2019-12-09
4471,25,5,2019-09-02
5396,69,1,2019-12-02
5336,89,4,2019-11-11
4515,12,3,2020-07-20
5413,86,4,2019-11-25
4597,39,6,2019-10-21
2944,24,8,2018-08-13
1386,47,2,2017-09-18
4819,109,2,2020-01-20
2136,42,3,2018-03-26
150,43,1,2017-03-06
3322,18,6,2018-11-12
2013,33,1,2018-04-02
3686,85,3,2019-03-11
4778,89,1,2019-11-18
3405,84,3,2018-11-19
5498,51,1,2019-12-02
386,40,2,2017-07-24
4860,105,8,2019-09-23
2584,66,3,2018-06-11
4273,89,2,2019-07-01
2346,3,4,2018-05-14
1197,49,6,2018-01-01
3204,29,6,2018-09-17
1978,48,6,2018-03-05
2493,64,1,2018-06-11
4221,50,1,2019-06-17
4752,32,2,2019-10-07
671,22,13,2017-04-10
4079,33,4,2019-04-01
3983,76,2,2019-03-11
5399,105,6,2019-11-04
1813,5,6,2017-12-04
4832,10,8,2019-09-16
4921,104,13,2019-09-30
1418,63,1,2017-11-27
2682,26,7,2018-06-11
1024,59,1,2017-07-17
2939,14,8,2018-08-13
3123,45,1,2018-10-08
758,53,8,2017-05-22
4753,73,5,2019-09-23
3992,109,3,2019-03-11
1673,7,15,2017-12-18
4222,50,2,2019-07-01
4968,65,8,2019-10-07
4168,54,11,2019-04-01
4353,60,3,2019-06-24
5446,29,4,2019-11-11
2212,41,2,2018-04-09
2449,49,1,2018-05-07
1401,49,5,2017-10-30
4977,125,3,2019-12-02
1963,56,1,2018-01-29
894,45,6,2017-05-08
2034,12,17,2018-03-05
2334,1,4,2018-04-23
5374,99,2,2019-11-18
2551,23,5,2018-05-14
3451,26,1,2018-11-26
3537,26,8,2018-12-31
483,40,1,2017-04-17
4650,18,11,2019-08-26
2205,40,8,2018-04-02
409,62,6,2017-02-27
2148,57,1,2018-03-26
3674,19,10,2018-12-17
3173,7,2,2019-07-15
5216,26,8,2019-05-06
5102,26,2,2019-06-03
5367,96,2,2019-11-18
2508,65,1,2018-07-02
2286,75,31,2018-04-23
1412,51,6,2017-10-09
1447,41,10,2017-10-09
4656,12,16,2019-10-28
1896,2,3,2017-12-25
1689,53,8,2017-11-13
4224,51,3,2019-05-13
5255,117,1,2019-07-08
4288,45,9,2019-06-10
4954,9,6,2019-10-07
2034,65,6,2018-02-26
1275,38,7,2017-08-21
426,32,2,2017-04-17
3342,9,8,2018-10-22
613,35,6,2017-03-27
3597,4,6,2018-12-03
1457,8,5,2017-09-18
4795,65,1,2019-10-14
3487,16,2,2020-02-03
3276,83,8,2018-10-01
1433,29,8,2017-09-25
3827,54,2,2019-02-18
2345,18,1,2018-04-09
4311,24,2,2019-07-15
5253,110,4,2019-06-10
4130,1,1,2019-04-01
4215,13,15,2019-04-29
2069,62,6,2018-03-05
2248,65,4,2018-04-02
1342,6,2,2017-09-11
182,46,2,2017-03-20
1245,17,1,2017-09-04
766,66,1,2017-05-01
3513,44,6,2018-12-17
5283,65,2,2019-06-03
2889,7,8,2018-07-30
4939,65,1,2019-10-28
1783,62,9,2017-11-20
3120,81,5,2018-09-17
4959,106,10,2019-10-07
4213,104,8,2019-04-08
2273,36,1,2018-04-09
3969,74,4,2019-03-25
2392,12,2,2018-05-21
2370,54,2,2018-06-11
2211,65,10,2018-03-19
2480,18,4,2018-07-23
1059,22,7,2017-07-24
2029,40,1,2018-03-12
4536,36,2,2019-08-12
2695,77,3,2018-07-16
3231,20,6,2018-10-29
67,27,2,2017-05-08
5562,31,20,2020-01-06
4403,15,4,2019-07-22
1787,55,5,2017-11-27
4604,12,3,2019-09-23
3839,14,5,2019-01-28
2119,40,1,2018-03-12
4808,94,3,2019-09-16
2829,66,4,2018-08-06
4670,61,1,2019-09-23
191,38,6,2017-01-16
772,8,9,2017-04-24
3039,51,4,2018-10-22
1320,47,6,2017-08-28
2180,51,4,2018-02-26
4357,51,3,2019-06-24
233,26,8,2017-02-06
2404,58,6,2018-04-23
3241,53,1,2018-11-26
2476,3,7,2018-04-30
3384,47,9,2018-11-05
3124,26,2,2018-10-01
3715,31,1,2019-01-14
1648,28,3,2017-12-04
3929,76,2,2019-06-03
2564,43,1,2018-06-25
4140,9,6,2019-03-25
4492,16,5,2019-07-22
3213,17,1,2018-10-29
3505,66,4,2018-11-12
2947,62,2,2018-09-24
3034,10,8,2018-10-01
3923,38,4,2019-04-08
4233,28,6,2019-04-08
2459,16,3,2018-05-28
4375,79,2,2019-08-12
4984,52,2,2019-10-21
5570,64,5,2019-12-09
4119,12,11,2019-04-29
5455,21,8,2020-01-06
3848,84,2,2019-03-25
2719,43,3,2019-01-07
1419,50,1,2017-09-25
5215,4,1,2019-05-20
3509,26,5,2018-11-26
1514,46,4,2017-12-18
3484,73,10,2018-12-03
2487,27,2,2018-05-21
190,26,2,2017-03-06
2813,84,9,2018-09-03
4686,110,2,2019-09-30
2477,12,14,2018-04-30
1604,68,3,2017-10-30
1661,43,8,2017-11-27
700,3,17,2017-06-05
289,36,1,2017-04-10
1448,39,9,2017-10-16
2331,53,1,2018-05-28
5121,30,4,2019-04-29
1387,12,11,2017-09-04
4704,30,8,2019-09-02
1728,51,2,2017-12-25
3174,7,2,2019-07-15
4089,75,5,2019-04-01
3481,7,6,2018-12-31
987,66,3,2017-07-03
4763,60,2,2019-09-30
805,64,4,2017-05-15
3977,66,2,2019-03-18
2093,15,4,2018-04-02
85,46,8,2017-01-02
4247,50,3,2019-07-01
4950,46,10,2019-12-09
4762,72,1,2019-11-25
1456,2,4,2017-09-18
2238,11,2,2018-05-14
1408,63,2,2017-10-02
4977,13,1,2019-11-25
4715,63,5,2019-09-02
1455,47,8,2017-11-27
5417,101,4,2019-11-11
5398,45,1,2019-11-11
4497,66,3,2019-08-19
3602,26,5,2018-12-31
1639,42,1,2018-01-01
191,30,3,2017-03-20
3941,95,5,2019-02-18
4105,13,13,2019-03-18
5192,20,7,2019-05-06
5463,51,6,2019-11-11
3434,68,13,2018-11-05
602,9,2,2017-04-17
4633,84,6,2019-08-19
683,52,7,2017-05-22
3160,5,2,2018-10-15
4623,41,1,2019-09-02
3390,7,2,2018-11-19
1954,35,1,2018-01-22
3300,99,10,2018-10-08
2444,39,8,2018-04-23
4098,14,1,2019-04-01
5202,18,7,2019-05-06
2456,5,5,2018-04-23
1608,59,2,2017-12-11
5085,3,2,2019-06-03
1462,15,8,2017-10-02
5198,69,6,2019-05-27
399,64,6,2017-02-27
1765,63,3,2017-11-20
2772,64,8,2018-07-09
4913,40,10,2019-09-30
1880,36,4,2018-03-05
4949,77,8,2019-09-30
5354,4,1,2019-11-18
1403,46,11,2017-10-09
4768,52,4,2019-09-23
2946,18,14,2018-08-13
1808,19,8,2017-11-27
4663,15,5,2019-08-26
2314,4,8,2018-03-26
3998,18,6,2019-02-25
3594,68,6,2019-01-14
4668,1,2,2019-09-09
4438,48,4,2019-07-29
4368,75,9,2019-06-17
3516,21,1,2018-11-26
3728,20,7,2018-12-31
2353,48,4,2018-06-25
5098,41,2,2019-05-20
2422,9,1,2018-05-07
2972,80,8,2018-08-20
1690,60,3,2017-12-11
837,60,3,2017-06-12
3908,12,16,2019-02-11
86,56,2,2017-06-19
4486,36,2,2020-07-27
5572,66,5,2019-12-16
3769,39,2,2019-02-11
4817,73,2,2019-10-07
2436,65,1,2018-06-04
5309,73,11,2019-06-24
1731,35,14,2017-11-27
4757,3,1,2019-10-21
4985,96,11,2019-12-02
2718,72,5,2018-06-25
595,29,6,2017-04-17
407,9,4,2017-04-10
4070,12,2,2019-03-25
3183,51,10,2018-09-17
4970,31,2,2019-11-04
1024,28,1,2017-07-10
1236,24,5,2017-08-21
2453,39,8,2018-04-23
2539,16,1,2018-06-11
3934,76,2,2020-06-29
1977,75,4,2018-03-19
5356,100,5,2019-10-28
5056,52,6,2019-10-14
2925,65,7,2018-09-24
1203,19,4,2017-09-11
214,7,6,2017-07-31
2352,7,8,2018-04-09
5551,40,8,2019-12-02
5160,26,6,2019-04-29
1026,36,2,2017-09-04
3004,9,1,2018-10-01
2246,45,1,2018-04-09
4057,68,7,2019-03-11
891,32,6,2017-05-15
1710,1,8,2017-11-06
1816,22,2,2018-01-08
1987,66,4,2018-07-16
404,35,5,2017-02-27
5052,47,12,2019-10-14
4811,91,4,2019-09-16
4791,72,1,2019-09-30
4091,47,7,2019-04-15
4892,39,2,2019-10-21
60,30,16,2016-12-12
581,8,5,2017-03-20
2976,82,6,2018-09-24
2205,38,9,2018-04-02
2755,30,13,2018-06-25
739,3,4,2017-05-22
628,13,13,2017-03-27
1441,3,11,2017-09-18
650,30,1,2017-05-08
3827,43,8,2019-01-21
4534,38,9,2019-08-26
312,35,3,2017-03-20
1160,13,8,2017-07-24
3149,66,5,2018-10-01
4440,26,11,2019-07-08
4048,36,12,2019-03-04
4950,106,2,2019-10-14
4886,87,4,2019-09-30
4283,100,4,2019-09-09
604,32,1,2017-05-08
2964,23,6,2018-08-20
2248,57,7,2018-05-14
3188,5,7,2018-10-01
4078,49,5,2019-04-01
5239,43,3,2019-05-27
1599,14,4,2017-11-13
341,25,1,2017-03-27
3708,22,6,2018-12-31
3306,39,4,2018-10-08
4779,64,1,2019-11-11
2739,12,7,2018-07-09
5289,26,5,2019-05-13
5113,83,7,2019-06-17
4227,86,6,2019-05-20
3384,62,2,2018-12-03
1465,48,3,2017-11-27
4872,22,2,2019-10-21
3521,31,6,2018-11-19
5125,45,2,2019-06-24
4313,1,5,2019-06-10
3860,66,4,2019-02-04
3624,63,11,2018-12-10
852,4,6,2017-06-05
1796,38,6,2017-11-20
4655,73,2,2019-09-30
4899,88,6,2019-09-30
1438,27,8,2017-09-25
3978,57,4,2019-03-11
5188,19,10,2019-05-20
763,43,7,2017-05-15
2373,29,2,2018-05-21
40,3,6,2017-07-31
4656,102,5,2019-09-30
3588,72,8,2018-11-26
3210,7,6,2018-09-24
5100,7,3,2019-04-29
4839,117,4,2019-09-30
3297,56,1,2018-10-22
4122,104,8,2019-03-25
2014,62,2,2018-02-12
2330,20,7,2018-04-02
4300,9,3,2019-06-24
389,20,4,2017-05-01
4261,4,4,2020-06-29
2632,36,5,2018-06-11
3176,81,3,2018-11-26
3156,16,1,2018-11-05
3812,31,8,2019-01-21
3193,53,1,2018-10-01
4357,109,4,2019-06-17
1215,55,2,2017-09-11
3527,101,3,2018-12-31
5171,29,4,2019-05-13
4732,56,2,2019-09-23
577,54,3,2017-03-27
4450,9,1,2019-08-26
2306,15,10,2018-03-19
5334,13,4,2019-12-09
148,10,6,2017-03-27
1495,1,13,2017-09-25
5543,93,2,2019-12-30
4646,31,10,2019-08-26
779,35,3,2017-05-15
3068,79,6,2018-09-03
3559,41,10,2018-11-26
5203,1,5,2019-05-06
3039,69,2,2018-10-22
2642,33,3,2018-08-06
1399,63,2,2017-10-16
1196,69,16,2017-08-07
1282,10,11,2017-08-28
1665,6,2,2018-01-01
388,21,10,2017-07-24
1480,29,3,2017-10-02
5160,13,6,2019-04-29
2913,47,4,2018-10-22
5479,40,2,2019-12-02
5547,104,4,2020-01-06
1585,46,14,2017-10-02
2833,30,3,2018-07-30
4620,5,2,2019-08-19
5253,65,11,2019-05-27
5089,48,8,2019-05-06
3250,102,8,2018-10-01
5011,13,10,2019-10-07
267,16,8,2017-02-06
4673,89,7,2019-08-26
5054,63,8,2019-10-21
4495,36,8,2019-07-22
4258,102,3,2020-07-20
1816,13,8,2017-11-27
2328,69,5,2018-04-02
3598,39,4,2019-01-14
3790,45,5,2019-01-14
3681,1,1,2018-12-31
5316,40,5,2019-06-03
5398,28,5,2019-11-04
3011,40,5,2018-08-27
4562,85,5,2019-09-02
4080,94,8,2019-03-18
713,36,15,2017-04-10
5245,107,7,2019-05-13
4884,21,1,2019-10-14
4166,101,3,2019-04-22
4179,36,1,2019-04-15
4382,90,8,2019-07-22
4680,81,13,2019-10-07
4106,73,5,2019-03-18
5451,46,15,2019-11-11
4942,115,9,2019-10-14
1046,2,2,2017-07-24
3598,68,3,2019-02-25
3867,53,7,2019-03-18
277,50,1,2017-03-06
125,52,6,2017-01-23
2928,9,1,2018-08-20
3487,73,7,2018-12-31
4227,47,5,2019-06-10
5544,106,9,2020-01-06
4840,45,2,2019-09-23
1423,3,5,2017-10-09
4458,76,5,2019-07-29
5380,76,3,2019-12-02
5169,35,1,2019-05-13
5041,80,2,2019-11-18
4535,6,5,2019-07-29
433,49,5,2017-03-06
4646,0,2,2019-10-07
1237,42,8,2017-08-21
1849,60,5,2018-01-01
4162,100,2,2019-04-08
3418,52,3,2018-10-29
4840,86,8,2019-09-23
5347,51,8,2019-12-02
634,62,6,2017-04-10
1838,55,1,2017-12-18
3960,60,5,2019-02-18
3353,2,8,2018-10-15
830,3,8,2017-05-01
1450,73,1,2017-10-30
4125,79,3,2019-04-08
5297,67,8,2019-05-20
775,24,2,2017-06-12
2837,62,4,2018-07-23
4281,76,4,2019-06-10
3326,65,2,2018-10-29
3970,110,10,2019-02-25
380,54,11,2017-03-20
4102,30,15,2019-03-18
125,18,9,2017-01-09
631,12,3,2017-05-15
1666,56,1,2017-11-20
2765,68,1,2018-07-23
198,32,3,2017-03-06
4111,1,3,2019-04-01
3053,68,2,2018-09-17
3050,3,3,2018-09-17
1153,54,5,2017-07-24
3979,36,8,2019-03-04
3756,25,3,2019-01-21
5211,83,4,2019-05-20
3244,38,2,2018-11-05
2287,13,6,2018-03-26
1845,45,8,2017-12-04
3598,31,7,2018-12-17
4587,29,17,2019-09-30
4837,104,7,2019-09-23
4480,47,4,2019-08-05
5140,64,1,2019-05-06
902,13,6,2017-05-08
5225,56,5,2019-05-06
4408,86,6,2019-07-01
1858,60,8,2017-12-04
2346,53,1,2018-05-21
3111,69,4,2018-10-01
4624,69,2,2019-09-30
1847,49,14,2017-12-04
3426,8,8,2018-11-05
4544,72,5,2019-08-26
2140,31,3,2018-03-12
2859,22,3,2018-09-10
5038,13,2,2019-11-04
2335,41,4,2018-07-02
192,18,2,2017-07-31
751,8,9,2017-05-01
4290,88,3,2019-07-29
408,40,4,2017-04-24
4335,19,2,2019-07-29
1101,51,8,2017-07-10
4880,53,3,2019-11-04
740,9,2,2017-05-08
1663,47,3,2017-10-30
1283,49,2,2017-09-11
4356,79,7,2019-07-08
404,49,8,2017-02-27
4894,52,4,2019-09-30
3550,80,11,2018-12-17
3745,81,8,2019-01-07
5491,5,6,2019-11-18
3758,24,3,2019-02-11
327,36,11,2017-03-13
4324,82,3,2019-07-01
3928,1,4,2021-03-01
2683,48,1,2018-06-25
3745,9,2,2019-01-28
4564,56,5,2019-08-05
2835,38,2,2018-08-27
2250,33,1,2018-04-02
539,49,4,2017-04-17
5345,86,4,2019-11-04
5354,99,1,2019-11-11
9,48,8,2016-11-28
2053,51,4,2018-04-02
2074,16,1,2018-03-12
1684,17,5,2017-11-06
5007,83,8,2019-10-07
2209,62,2,2018-03-19
4870,79,1,2019-10-07
2085,31,5,2018-03-12
1797,1,6,2017-11-27
4949,28,1,2019-12-09
5127,90,4,2019-04-29
4743,56,2,2019-09-16
2579,23,1,2018-06-18
2200,78,8,2018-02-26
389,46,12,2017-04-03
2289,33,4,2018-03-26
1510,59,8,2017-10-02
3176,14,1,2018-10-01
4550,106,8,2019-08-05
2814,48,4,2018-07-16
3773,89,9,2020-01-13
2486,22,2,2018-06-18
5433,61,5,2019-11-04
5212,45,4,2019-05-27
4671,64,2,2019-09-09
4658,63,2,2019-09-30
4448,24,5,2019-07-15
4950,64,4,2019-12-02
641,53,8,2017-05-22
3126,36,8,2018-09-10
3088,68,6,2018-09-03
2489,26,2,2018-06-25
3576,48,8,2018-11-26
4524,39,4,2019-08-26
779,59,6,2017-04-24
225,28,5,2017-07-03
469,49,3,2017-05-01
3487,99,1,2018-12-03
1284,5,2,2017-09-25
1202,64,6,2017-08-07
4867,68,1,2020-01-13
1081,10,2,2017-07-31
3101,51,6,2018-09-10
3187,1,8,2018-09-24
3902,63,1,2019-02-25
941,60,6,2017-05-15
4613,69,7,2019-09-02
2263,52,8,2018-03-19
1558,4,3,2017-11-20
3292,81,8,2018-10-08
5494,43,1,2019-11-25
72,14,3,2017-02-20
3405,16,5,2018-10-22
1167,49,6,2017-08-07
3055,10,8,2018-09-03
3431,53,1,2018-11-19
4212,0,2,2019-05-27
2177,0,4,2018-02-26
2352,36,6,2018-04-09
3969,52,2,2019-03-25
1347,47,12,2017-09-18
2534,39,4,2018-05-07
244,11,4,2017-05-08
1617,32,3,2017-12-25
2703,69,5,2018-07-16
4459,95,6,2019-07-15
1208,56,5,2017-08-14
165,36,13,2017-01-16
5094,100,5,2019-04-15
25,20,6,2016-12-05
5446,2,5,2019-11-18
73,50,1,2017-04-10
762,18,9,2017-05-22
4962,96,3,2019-10-28
3399,40,2,2018-12-17
4757,57,3,2019-10-07
3039,3,8,2018-08-27
2386,64,2,2018-06-18
1897,13,2,2018-01-01
3981,75,6,2019-04-15
5337,107,3,2019-10-28
2492,0,5,2018-04-30
4214,42,4,2019-04-15
2468,43,5,2018-04-23
3191,28,5,2019-01-14
3356,73,8,2018-10-15
1062,14,6,2017-07-03
4868,69,4,2019-10-07
3536,49,22,2019-01-07
2209,57,3,2018-03-05
3430,79,2,2018-11-26
2527,7,8,2018-07-02
1099,15,10,2017-07-17
5143,47,9,2019-04-22
4793,41,3,2019-09-30
3109,22,8,2018-09-10
3308,22,2,2018-12-03
3083,38,2,2018-09-24
983,38,16,2017-07-24
4662,10,9,2019-10-14
3157,75,1,2018-10-15
4587,5,9,2019-09-30
2034,39,27,2018-04-16
3039,46,1,2018-10-22
2877,44,2,2018-09-10
2678,18,8,2018-06-11
134,63,1,2017-04-03
3929,48,17,2019-06-10
5397,64,4,2019-12-16
4378,31,5,2019-06-24
2885,12,1,2018-08-13
4347,87,8,2019-06-17
5029,103,5,2019-10-14
2275,36,8,2018-03-19
4949,121,2,2019-12-30
2511,79,8,2018-05-07
4412,8,8,2019-07-01
4990,50,1,2019-11-25
310,65,6,2017-02-13
2525,59,4,2018-05-07
3971,85,5,2019-02-25
2976,3,8,2018-08-20
5225,76,2,2019-06-17
2524,10,28,2018-05-21
3053,14,3,2018-09-17
1526,15,4,2017-12-25
4132,15,8,2019-05-06
4662,28,3,2019-12-02
2706,3,8,2018-06-18
1178,27,2,2018-01-08
5324,47,2,2019-06-03
83,5,2,2017-02-27
4010,106,2,2019-12-23
4024,38,1,2019-04-08
2310,43,3,2018-04-16
1505,36,5,2017-10-09
5252,7,4,2019-05-13
2564,44,2,2018-07-16
2191,18,13,2018-04-02
4138,13,7,2019-03-25
4623,14,8,2019-08-19
4102,48,4,2019-03-18
477,29,2,2017-04-10
3205,23,1,2018-12-17
2399,68,6,2018-06-11
1031,65,8,2017-07-31
4606,9,2,2019-09-16
4218,85,2,2019-04-15
340,9,8,2017-02-13
4778,28,1,2019-12-09
992,5,8,2017-06-12
307,16,2,2017-07-03
219,2,1,2017-02-20
4908,31,9,2020-01-06
3205,29,4,2018-10-15
5204,33,2,2019-06-03
2494,13,2,2018-07-30
2138,5,1,2018-03-05
5564,121,8,2021-01-18
2909,12,13,2018-08-06
2645,13,8,2018-05-28
754,32,5,2017-04-24
1077,16,6,2017-09-11
2386,54,7,2018-04-16
4258,52,1,2019-06-24
4532,81,2,2019-08-12
236,37,3,2017-04-03
5322,29,2,2019-06-17
1999,27,4,2018-02-19
3205,47,1,2018-10-08
4494,46,3,2019-08-05
1098,9,2,2017-08-07
805,43,7,2017-04-24
3331,46,8,2018-11-12
1476,32,8,2017-09-25
5051,72,4,2019-10-28
3979,45,3,2019-05-13
1962,60,1,2018-04-02
3177,54,3,2018-10-29
3739,31,1,2019-01-28
3245,11,4,2018-10-01
3712,64,4,2018-12-31
4224,63,7,2019-05-20
144,56,8,2017-01-09
560,43,7,2017-04-17
97,26,8,2017-01-02
5434,39,8,2019-11-04
1874,18,13,2017-12-04
5019,110,9,2019-10-14
3600,16,5,2018-12-03
2841,66,5,2018-07-30
4921,85,2,2019-11-04
4252,62,6,2019-06-03
1217,54,4,2017-08-28
3974,39,4,2019-04-29
3404,3,6,2018-11-19
1063,18,11,2017-07-03
1757,45,6,2017-11-20
2910,60,3,2018-10-01
478,59,8,2017-03-13
2283,4,8,2018-03-26
3679,73,6,2018-12-17
4482,95,3,2019-09-09
4218,27,3,2019-04-29
4313,46,1,2020-06-22
301,54,4,2017-02-06
4905,82,5,2019-09-30
4911,23,1,2019-11-04
4986,101,1,2019-11-25
5533,67,8,2019-12-30
4406,41,7,2019-07-01
5455,115,11,2019-11-11
2383,25,6,2018-04-23
4697,76,16,2019-10-28
2236,82,1,2018-04-30
5223,8,2,2019-05-27
252,2,1,2017-03-20
3002,17,8,2018-09-10
1296,35,5,2017-09-11
4283,52,4,2019-07-08
1956,82,6,2018-02-19
1316,49,3,2017-10-09
72,3,9,2016-12-26
4313,84,5,2019-06-10
3175,7,2,2018-11-05
2127,66,2,2018-04-02
4078,46,18,2019-03-25
705,43,1,2017-05-01
4703,48,3,2019-10-07
3833,31,4,2019-01-21
779,46,2,2017-07-03
4779,95,1,2020-01-13
2980,7,6,2018-08-20
4685,52,2,2019-09-16
3245,32,8,2018-10-01
1586,23,1,2017-11-13
2242,40,1,2018-04-30
1398,45,11,2017-09-11
4565,85,4,2019-08-26
3463,80,2,2018-11-19
269,37,4,2017-03-20
2696,54,8,2018-06-11
1750,23,5,2017-11-13
949,9,10,2017-05-22
1426,36,16,2017-10-02
1470,46,6,2017-10-23
2190,1,2,2018-05-07
2173,42,5,2018-02-26
3450,84,1,2018-12-17
1677,36,2,2017-11-13
3171,61,6,2018-09-17
4852,47,3,2019-11-04
4458,67,9,2019-08-12
2290,9,4,2018-04-23
5115,26,7,2019-04-29
4266,8,6,2019-09-30
1584,27,1,2017-11-06
2277,32,8,2018-03-26
5093,81,10,2019-04-15
3225,40,15,2018-09-24
3493,53,2,2018-11-19
333,44,1,2017-03-27
3237,1,3,2018-10-29
1376,56,4,2017-09-18
1332,46,8,2017-08-28
2550,13,4,2018-06-04
5570,7,5,2019-12-16
1704,49,6,2017-11-06
5036,82,1,2019-12-09
2662,61,4,2018-06-18
354,14,1,2017-03-06
4797,29,8,2019-09-16
3834,7,4,2019-03-25
5209,49,2,2019-05-27
4690,26,5,2019-10-07
5460,3,6,2019-11-11
1284,72,6,2017-09-18
4738,94,7,2019-09-09
4661,54,2,2019-10-28
3307,9,4,2018-10-15
1438,9,1,2017-10-23
3217,81,1,2018-10-01
4418,92,2,2020-07-13
4210,4,11,2019-04-08
4779,10,1,2020-01-06
758,31,4,2017-04-24
3866,32,4,2019-02-04
4911,61,3,2019-11-04
2976,13,11,2018-08-20
3528,93,6,2018-11-26
3652,16,5,2018-12-10
2902,29,15,2018-09-24
3053,17,1,2018-11-05
2897,42,5,2018-07-30
874,30,8,2017-05-08
232,39,6,2017-02-13
5129,68,1,2019-05-06
1796,28,6,2017-11-20
8,10,6,2016-11-28
1175,20,1,2017-08-21
5085,69,12,2019-04-29
4994,39,2,2019-10-21
5292,15,5,2019-05-27
2369,5,3,2018-05-14
4939,26,2,2019-12-02
3953,20,10,2019-02-18
1442,29,2,2017-11-20
1475,4,1,2018-01-15
5083,24,3,2019-05-13
2357,52,9,2018-04-09
2401,56,4,2018-06-04
5154,88,3,2021-03-01
3208,33,8,2018-09-17
4810,48,7,2019-09-16
3561,38,2,2018-12-31
238,45,1,2017-02-20
4490,56,2,2019-07-29
4400,3,11,2019-07-01
766,32,4,2017-04-24
4193,49,6,2019-04-01
4771,39,1,2018-12-31
1163,62,1,2017-10-02
2508,56,13,2018-06-18
4527,2,5,2019-07-29
3798,22,2,2019-02-11
1157,4,2,2017-09-25
5359,94,10,2019-10-28
481,28,2,2017-05-01
5459,108,1,2019-12-09
2775,5,3,2018-07-23
2392,40,4,2018-07-09
5471,5,2,2019-12-09
2824,63,1,2018-08-13
4445,68,5,2019-07-08
4624,52,3,2019-09-30
5545,56,5,2020-01-06
4959,85,9,2019-10-07
4613,110,4,2019-08-26
2530,39,6,2018-05-07
5427,31,3,2019-12-02
2348,47,5,2018-05-14
1674,2,11,2017-10-30
4651,53,6,2019-09-02
3738,73,8,2019-01-07
1858,51,11,2017-12-04
1254,51,10,2017-08-21
3068,7,9,2018-09-03
5114,57,4,2019-05-27
4887,96,4,2019-10-07
1694,12,24,2017-11-27
5412,35,10,2019-11-04
1014,50,2,2017-07-17
5362,76,10,2019-10-28
4662,0,1,2019-10-28
1378,28,6,2017-09-11
3363,65,5,2018-10-22
4238,66,8,2019-04-15
2706,12,8,2018-06-18
1464,66,1,2017-10-30
2559,30,10,2018-05-28
2038,12,1,2018-06-04
4404,15,6,2019-07-01
2527,35,3,2018-06-25
4611,89,2,2019-09-23
1231,62,5,2017-09-25
1425,65,1,2017-09-18
639,24,2,2017-05-15
1975,10,3,2019-02-11
5429,95,8,2019-11-04
1212,13,10,2017-08-14
4201,2,3,2019-04-29
2398,29,26,2018-06-25
3977,35,4,2019-03-11
1644,6,1,2017-11-27
1306,25,6,2017-08-28
3039,28,2,2018-11-19
3917,15,2,2019-02-25
5564,83,1,2019-12-16
4884,15,15,2019-09-23
4920,21,3,2019-10-14
4672,89,1,2020-06-22
52,12,10,2016-12-12
4151,80,1,2019-04-22
3581,77,8,2018-11-26
2174,31,8,2018-02-26
3386,9,6,2018-10-22
4330,64,1,2020-08-10
402,59,4,2017-07-24
4756,56,1,2019-09-30
5224,54,8,2019-05-06
2785,29,11,2018-07-09
3406,93,4,2018-11-12
4132,73,4,2019-06-17
2561,2,4,2018-05-14
3908,18,14,2019-02-11
704,4,8,2017-04-10
2348,56,6,2018-04-09
3508,80,4,2018-12-17
3054,25,4,2018-10-08
1675,28,5,2017-10-30
4697,9,2,2019-12-02
4371,30,2,2019-07-08
5270,10,1,2019-05-27
962,22,13,2017-06-19
4596,92,2,2019-08-26
5530,56,5,2019-11-18
4328,7,11,2021-06-28
927,25,2,2017-06-26
4353,104,5,2019-06-24
5218,19,1,2019-05-20
2060,53,2,2018-03-12
2107,12,3,2018-03-26
454,41,2,2017-06-26
1547,5,5,2017-10-02
399,18,2,2017-04-10
2727,10,8,2018-06-18
4415,51,8,2019-07-01
4787,19,8,2019-09-16
1348,22,8,2017-09-04
5344,12,15,2019-12-02
3039,41,8,2018-09-03
2859,13,13,2018-07-23
2604,23,2,2018-07-09
4773,19,4,2020-01-13
2349,49,1,2018-04-16
1086,7,14,2017-07-10
1671,24,2,2017-12-04
4059,36,4,2021-07-12
4491,20,5,2019-07-22
2694,82,2,2019-01-14
3762,79,13,2019-01-07
1237,53,2,2017-09-11
4688,80,6,2019-09-23
2278,69,1,2018-04-09
3780,75,7,2019-01-14
5499,100,6,2019-11-18
102,30,2,2017-02-27
2194,16,5,2018-04-09
3319,57,5,2018-11-12
1078,7,11,2017-08-28
2833,39,2,2018-08-20
1424,58,5,2017-09-25
5284,8,1,2019-05-27
16,38,10,2016-11-28
2934,49,2,2019-01-21
2545,64,6,2018-05-07
5006,50,1,2019-10-28
3829,4,6,2019-01-21
5144,7,5,2019-04-22
3749,64,3,2019-01-21
2428,16,5,2018-04-23
4891,39,1,2019-12-02
2115,46,4,2018-03-26
4909,69,2,2019-10-14
2257,49,8,2018-07-02
1626,25,6,2017-10-16
992,18,2,2017-07-03
2681,20,3,2018-09-17
3160,63,5,2018-10-15
2990,77,1,2018-10-01
941,33,8,2017-05-15
2618,72,5,2018-05-28
5089,86,8,2019-04-15
3981,80,8,2019-03-04
3625,18,9,2018-12-24
1916,29,8,2017-12-18
4678,47,3,2019-09-09
2233,9,3,2018-05-07
2327,68,5,2018-04-23
3449,50,6,2018-11-05
509,65,2,2017-05-08
411,54,4,2017-04-24
3443,41,6,2018-11-05
4817,43,2,2019-09-23
186,40,6,2017-01-16
2155,68,6,2018-02-26
1513,43,3,2017-10-30
3237,27,5,2018-10-15
5060,30,13,2019-10-21
4564,63,2,2019-09-16
4587,110,6,2019-08-05
5376,76,1,2019-12-16
3684,73,6,2018-12-24
3398,56,9,2018-10-29
2883,51,8,2018-07-30
4653,15,6,2019-09-02
4592,94,8,2019-08-05
3712,61,6,2018-12-31
288,49,5,2017-02-27
1206,46,2,2017-09-11
2889,22,8,2018-07-30
585,36,3,2017-06-05
1707,16,5,2017-11-06
2721,3,1,2018-07-16
4099,13,8,2019-03-18
1595,65,1,2017-12-11
3979,66,5,2019-05-13
4309,22,7,2019-06-10
3018,48,7,2018-09-10
1254,13,16,2017-09-25
1261,19,6,2017-09-25
2207,1,1,2018-04-09
4994,29,8,2019-10-14
899,1,2,2017-06-05
4266,1,4,2019-09-30
5490,80,3,2019-11-25
2263,78,4,2018-05-07
1670,3,3,2018-02-05
5395,106,1,2019-11-25
2070,46,9,2018-02-19
5228,41,2,2019-05-20
5257,16,1,2019-06-10
2018,22,4,2018-02-26
3290,12,10,2018-10-08
3923,6,4,2019-04-15
4378,2,2,2019-07-22
1059,18,2,2017-07-31
3114,48,5,2018-09-10
2907,18,3,2018-09-17
2994,85,1,2019-01-07
5444,6,1,2019-12-02
5131,76,1,2019-04-29
322,57,1,2017-03-06
3832,24,2,2019-02-25
559,22,5,2017-03-20
5103,50,3,2019-05-20
2690,25,5,2018-06-11
1254,25,2,2017-11-06
725,36,9,2017-04-17
4291,40,2,2019-07-08
4720,30,9,2019-09-02
5125,80,3,2019-07-22
5226,32,8,2019-06-17
2018,26,2,2018-02-26
1450,2,1,2017-11-13
1405,64,2,2017-10-09
5024,6,6,2019-10-07
5019,67,2,2019-10-28
3982,57,3,2019-03-11
5039,85,3,2019-11-18
4973,33,1,2019-11-04
1507,32,4,2017-10-02
4646,48,4,2019-09-30
3366,54,7,2018-10-22
4296,96,1,2020-07-20
84,25,1,2017-01-16
227,58,1,2017-03-06
792,15,8,2017-04-24
1504,11,2,2017-10-09
2339,3,2,2018-05-14
4916,20,6,2019-09-30
3374,7,6,2018-10-22
