product_id,location_id,price,date_of_sale
3818,19,87.4,2019-02-04
842,21,27.1,2017-06-05
955,64,64.7,2017-08-28
4420,13,73.8,2019-09-09
2388,1,14.6,2018-06-04
2401,57,23.8,2018-05-28
5296,19,49.1,2019-06-10
3006,39,23.9,2018-10-15
165,18,97.2,2017-01-30
1963,30,96.0,2018-03-19
2440,0,35.1,2018-05-07
2227,69,95.7,2018-04-30
3160,82,49.3,2018-11-05
5500,61,33.9,2019-11-18
4036,45,12.5,2019-03-18
2564,25,50.4,2018-07-02
3008,36,88.5,2018-09-17
5388,56,28.1,2019-11-25
1543,73,55.9,2017-11-13
5085,104,78.6,2019-05-13
3588,8,30.7,2018-12-03
3929,5,53.8,2019-03-18
2330,26,31.4,2018-06-11
1999,3,33.7,2018-03-19
4939,84,42.4,2019-11-11
2061,36,41.4,2018-04-09
3440,20,38.5,2018-12-10
3233,10,31.7,2018-10-22
4026,0,51.6,2019-03-25
2555,42,10.0,2018-07-30
884,41,34.5,2017-07-24
4880,36,95.2,2019-10-14
4062,86,71.6,2019-04-22
669,20,37.2,2017-04-17
5375,75,20.8,2019-12-16
797,44,79.5,2017-06-19
1172,22,29.3,2017-08-28
2515,25,63.7,2018-08-06
3742,72,47.7,2019-02-18
2327,75,6.8,2018-05-07
1462,27,56.8,2017-12-25
4063,19,90.9,2019-04-01
5127,46,3.3,2019-05-27
4530,12,73.0,2019-09-16
2173,30,95.6,2018-04-02
4359,77,83.5,2019-07-08
3506,65,10.6,2019-01-07
4662,80,46.4,2019-11-11
4173,65,17.5,2019-04-15
5304,46,62.9,2019-07-15
4151,21,71.8,2019-04-08
3762,12,60.6,2019-01-28
3622,5,36.0,2018-12-31
4290,19,19.3,2019-06-24
5279,50,40.1,2019-07-22
4705,30,23.3,2019-09-09
3299,68,16.3,2018-12-17
797,63,33.8,2017-05-15
4386,95,23.9,2019-08-05
1281,65,31.2,2017-10-23
1675,36,5.8,2017-11-27
1633,3,27.0,2017-10-30
3974,82,57.1,2019-03-25
5053,51,55.1,2019-10-21
1608,4,70.9,2017-11-20
3348,51,98.1,2018-10-22
5475,21,67.6,2020-02-10
5318,46,11.8,2019-07-08
1729,9,62.6,2017-11-27
3456,30,76.1,2018-11-19
5200,19,22.5,2019-05-20
716,17,58.0,2017-07-17
1590,4,32.7,2017-10-30
2883,69,26.6,2018-08-13
4547,92,68.0,2019-09-30
2561,75,98.2,2018-07-09
4762,82,87.7,2019-12-23
5455,93,25.5,2020-01-27
3457,82,31.5,2018-11-19
5533,13,38.5,2019-12-16
2565,41,22.5,2018-06-25
5408,90,59.4,2020-01-27
2488,5,21.2,2018-06-04
2911,84,74.8,2018-09-17
1188,12,8.7,2017-08-28
320,3,70.7,2017-03-27
3172,2,42.8,2018-11-05
2003,29,49.2,2018-03-05
5252,4,22.5,2019-07-29
1937,61,82.3,2018-02-19
4165,46,47.6,2019-05-27
2248,18,54.3,2018-05-07
1381,12,3.4,2017-11-06
1150,0,31.9,2017-10-30
468,8,10.2,2017-05-22
3313,30,80.3,2018-12-24
1887,40,71.9,2018-02-05
1999,68,83.2,2018-02-26
946,5,66.0,2017-05-22
3395,59,43.5,2019-01-21
3507,83,75.1,2018-12-17
2508,44,64.5,2018-07-16
4562,89,10.6,2019-09-16
4335,74,90.4,2019-07-01
1937,33,19.2,2018-03-26
4576,12,63.3,2019-09-23
3253,45,79.8,2018-11-12
1355,56,12.1,2017-10-30
756,2,41.9,2017-06-26
951,38,73.5,2017-07-17
1586,18,90.1,2017-10-23
2954,82,40.1,2018-09-17
2584,36,43.8,2018-07-09
134,19,64.5,2017-03-06
3176,65,28.7,2018-12-10
5413,84,20.0,2019-11-04
5498,39,54.6,2019-12-02
4198,67,71.8,2019-04-15
1273,47,79.5,2017-10-23
4440,75,4.5,2019-07-29
2848,12,9.4,2018-08-27
3823,28,69.7,2019-03-11
4788,43,31.8,2019-10-14
313,24,89.5,2017-04-24
2714,12,96.8,2018-06-25
4192,68,45.2,2019-04-22
4165,4,88.5,2019-05-13
5309,76,82.2,2019-06-17
2914,69,33.6,2018-08-27
4597,15,3.7,2019-10-14
2174,18,62.3,2018-05-07
774,35,23.5,2017-06-05
5414,1,11.7,2019-11-11
5195,18,33.1,2019-05-20
1028,56,97.8,2017-09-18
740,13,91.6,2017-07-10
3584,82,16.4,2019-02-18
2242,65,84.8,2018-04-09
4900,6,33.9,2019-12-09
5218,69,75.5,2019-08-05
3322,32,9.2,2018-11-05
3814,15,25.3,2019-01-28
4381,110,10.1,2019-08-12
5196,100,84.6,2019-06-17
1292,47,90.2,2017-09-25
1644,61,93.9,2017-12-18
4019,22,43.5,2019-04-15
2,36,16.5,2016-11-28
784,11,88.4,2017-08-07
5409,92,61.7,2019-12-09
1397,51,19.0,2017-10-23
3332,52,34.7,2018-12-31
915,19,83.8,2017-05-29
5501,30,6.6,2020-01-20
1241,46,13.2,2017-10-09
5133,8,57.7,2019-06-10
1563,73,14.4,2017-10-23
2413,12,4.5,2018-05-07
4944,64,30.6,2019-11-04
4485,2,25.4,2019-08-12
3554,39,93.3,2018-12-31
4485,28,32.8,2019-08-05
2207,16,97.9,2018-04-16
4016,59,3.9,2019-03-18
5068,72,33.5,2019-11-11
4641,110,18.3,2019-09-30
5080,115,82.3,2019-12-23
320,22,51.4,2017-05-08
4362,90,36.1,2019-07-29
5242,0,85.8,2019-07-08
4661,30,84.1,2019-09-02
5250,51,76.9,2019-08-19
4829,65,32.7,2019-10-21
1377,30,3.4,2017-09-25
4222,93,77.2,2019-07-01
4857,2,40.1,2019-12-09
2955,47,14.2,2018-08-13
4033,14,26.6,2019-04-22
2524,18,79.2,2018-06-25
5244,82,55.9,2019-06-10
5437,76,92.0,2019-11-25
4933,77,77.6,2019-12-30
858,15,96.4,2017-06-26
1590,32,42.6,2017-11-06
2116,24,89.3,2018-03-26
1702,72,95.8,2017-11-20
5448,69,51.6,2019-12-02
3382,28,18.3,2018-12-17
2346,72,6.7,2018-05-14
2352,19,68.5,2018-06-04
2657,1,7.7,2018-08-06
4503,69,64.8,2019-09-23
3620,81,66.7,2019-01-07
2421,68,61.0,2018-05-28
3331,93,91.6,2018-12-31
1034,12,36.8,2017-07-31
3877,76,11.9,2019-03-11
978,60,91.1,2017-06-12
5114,3,79.0,2019-07-15
2725,18,97.9,2018-07-30
939,20,94.2,2017-07-10
3608,3,69.4,2019-01-07
4212,84,63.2,2019-06-10
795,5,20.0,2017-05-15
2099,4,20.9,2018-04-16
4988,88,92.6,2019-11-11
4935,12,13.2,2019-12-09
2641,57,19.4,2018-08-20
1505,63,12.7,2017-10-16
4856,14,5.2,2019-09-30
1719,35,41.2,2017-12-25
4267,90,48.7,2019-07-08
2907,20,29.3,2018-10-15
1074,8,39.4,2017-09-11
4209,99,69.6,2019-05-27
4615,36,4.1,2019-08-26
1675,10,75.0,2017-12-25
4586,69,93.0,2019-08-26
2553,24,67.9,2018-07-30
5253,38,75.7,2019-07-29
1848,36,31.0,2018-01-08
5133,57,60.4,2019-05-27
68,12,67.0,2017-03-13
4939,86,46.3,2019-12-02
3555,8,66.6,2018-12-17
969,51,44.6,2017-06-05
4100,35,65.3,2019-05-06
1103,26,49.1,2017-09-18
2666,39,29.6,2018-07-09
906,36,42.5,2017-05-29
1408,40,55.8,2017-10-23
5085,20,92.6,2019-05-13
3165,68,74.2,2018-11-19
3524,2,35.2,2018-12-31
797,4,7.0,2017-07-03
2427,14,41.0,2018-05-07
895,1,7.5,2017-07-17
5100,46,88.7,2019-04-22
4870,36,58.4,2019-11-04
4031,30,58.7,2019-03-04
4609,107,57.8,2019-10-07
3133,73,34.7,2018-11-12
1420,15,85.9,2017-10-16
5337,36,84.6,2019-12-30
841,37,79.4,2017-07-24
5516,115,92.8,2019-12-23
193,20,93.6,2017-02-06
543,7,94.2,2017-05-01
859,42,56.6,2017-07-03
1352,13,30.7,2017-11-13
285,22,2.2,2017-02-20
1454,35,78.8,2017-10-16
661,17,34.0,2017-07-24
2883,85,88.1,2018-08-27
5363,19,56.5,2019-10-28
4224,85,31.5,2019-06-17
2565,16,69.8,2018-07-02
1509,4,37.7,2017-12-11
3542,29,38.3,2019-01-14
5200,77,31.3,2019-06-03
581,45,67.0,2017-09-04
467,31,39.2,2017-05-22
3572,62,83.1,2019-01-07
736,7,2.1,2017-06-12
5244,99,84.9,2019-07-08
5416,85,46.4,2020-01-06
2101,30,82.8,2018-02-26
4917,100,45.5,2019-10-14
3207,18,68.2,2018-10-22
4568,47,56.7,2019-08-12
5115,36,40.5,2019-04-22
863,30,63.3,2017-07-31
4870,9,11.3,2019-09-30
2970,73,96.5,2018-08-20
3970,4,1.0,2019-04-22
3285,6,89.0,2018-10-08
1779,1,36.2,2018-01-29
4236,85,56.6,2019-04-22
730,45,13.6,2017-05-22
1360,35,68.2,2017-09-18
5313,12,13.1,2019-06-03
2454,59,79.4,2018-05-14
2589,8,12.4,2018-07-09
5054,67,67.3,2020-01-13
2081,53,31.2,2018-03-19
2002,8,13.2,2018-03-26
5532,72,35.3,2019-12-09
5483,73,15.3,2019-11-25
2749,69,5.7,2018-08-13
4651,80,54.6,2019-10-14
4079,86,81.9,2019-05-06
4487,64,4.5,2019-08-05
4250,24,31.9,2019-08-05
1008,30,84.9,2017-08-21
941,8,89.8,2017-07-03
3235,46,21.7,2018-11-19
4961,7,50.3,2019-10-21
4994,3,28.6,2019-12-02
648,49,26.6,2017-04-24
857,13,23.5,2017-05-29
3621,82,10.0,2019-01-28
2507,16,56.3,2018-07-23
862,36,88.2,2017-07-24
2954,40,55.7,2018-09-10
4871,75,91.7,2019-10-28
3246,73,6.8,2018-11-19
3369,75,23.8,2018-12-31
4996,12,60.4,2019-10-28
3719,73,6.5,2019-01-07
5407,115,91.4,2020-01-20
75,10,30.1,2017-01-23
3003,15,12.0,2018-09-24
1243,40,12.9,2017-10-23
4060,29,12.0,2019-04-08
1864,36,83.4,2017-12-18
3287,1,62.3,2018-12-24
5315,7,21.3,2019-07-29
962,49,4.7,2017-07-03
4173,20,50.1,2019-04-22
2565,79,25.1,2018-05-28
2477,26,4.7,2018-07-02
3965,12,20.0,2019-04-22
4570,6,99.4,2020-02-17
2099,55,70.9,2018-02-26
5556,51,94.1,2019-12-30
5414,100,49.3,2019-12-16
4222,99,16.6,2019-06-17
4998,24,50.1,2019-11-25
5193,27,52.1,2019-08-19
808,2,45.4,2017-07-03
1815,31,72.8,2017-12-11
1049,30,38.6,2017-09-11
31,10,56.8,2016-12-19
1273,65,64.5,2017-11-06
4209,13,99.1,2019-06-03
3095,30,19.0,2018-09-24
689,20,24.4,2017-06-19
2337,8,15.2,2018-06-25
5004,39,3.9,2019-12-16
2006,45,44.3,2018-02-19
4301,5,20.9,2019-07-29
4603,7,46.6,2019-10-21
1781,36,4.4,2018-01-15
5124,7,73.7,2019-06-10
2319,79,3.6,2018-07-02
4655,22,13.0,2019-09-30
5245,48,41.2,2019-07-22
1658,31,47.6,2017-11-27
4691,31,66.6,2019-11-11
2034,64,89.1,2018-03-26
5176,72,88.0,2019-05-06
2146,30,42.8,2018-03-19
1428,38,57.4,2017-11-27
4311,80,18.3,2019-08-05
3484,65,90.3,2019-02-04
3763,56,84.5,2019-01-14
1295,29,66.9,2017-09-11
4224,32,94.8,2019-07-01
1233,29,38.6,2017-09-25
2944,86,36.0,2018-09-17
5458,82,8.7,2019-12-02
4219,91,72.5,2019-08-05
2772,29,21.2,2018-07-23
4960,33,2.6,2019-10-28
5326,66,4.1,2019-07-01
2912,20,51.0,2018-08-27
2494,30,33.5,2018-05-07
2561,61,52.7,2018-07-16
979,46,71.3,2017-08-07
1668,62,64.4,2017-11-20
2578,43,59.2,2018-07-16
2141,17,41.1,2018-05-14
336,7,87.0,2017-05-15
3175,72,31.5,2018-11-05
4950,82,72.1,2019-11-04
756,7,21.1,2017-05-29
4184,16,78.5,2019-06-24
3783,36,10.3,2019-02-04
5264,86,96.3,2019-05-13
2685,85,17.9,2018-06-18
3739,31,65.2,2019-02-18
5313,66,84.1,2019-07-08
4980,30,37.7,2019-12-16
929,54,1.5,2017-06-05
1530,26,44.4,2017-12-18
1173,41,65.7,2017-08-21
2881,84,15.6,2018-09-10
2339,36,44.5,2018-04-23
2514,54,72.3,2018-07-09
2541,68,66.7,2018-05-21
2346,82,65.4,2018-06-11
4731,86,70.7,2019-09-23
5121,86,56.6,2019-06-10
3429,1,97.7,2018-12-17
849,58,89.0,2017-06-19
5102,65,80.2,2019-06-03
5208,6,35.0,2019-05-13
1318,36,17.9,2017-10-23
2970,28,40.5,2018-09-24
4704,80,47.7,2019-09-23
5001,2,79.6,2019-12-09
5209,56,27.3,2019-07-08
2373,52,1.5,2018-05-28
1497,22,85.8,2017-11-20
2368,5,88.2,2018-05-21
1404,10,43.3,2017-10-02
2047,12,68.2,2018-02-19
3804,99,64.5,2019-07-01
1745,10,41.0,2017-11-20
1537,0,33.0,2017-11-20
4762,73,97.5,2019-11-18
680,32,19.4,2017-06-19
634,54,42.0,2017-04-17
4209,30,54.7,2019-06-10
1203,20,75.7,2017-08-28
2194,56,28.0,2018-05-21
4704,47,67.5,2019-09-23
5450,81,21.2,2019-12-09
2524,49,78.8,2018-05-28
1574,0,3.5,2017-12-11
1824,29,22.2,2018-01-22
5490,8,78.5,2019-12-02
3308,49,59.5,2018-10-29
2920,36,60.0,2018-09-10
3922,43,46.7,2019-04-01
3564,82,43.4,2019-01-07
2272,31,48.9,2018-06-04
3618,2,53.7,2019-02-04
847,36,30.4,2017-06-05
4615,77,49.1,2019-10-21
4252,60,26.9,2019-08-19
2080,68,24.0,2018-04-02
1547,10,95.5,2017-10-23
2834,13,20.1,2018-09-03
5195,75,41.3,2019-06-03
2061,28,88.7,2018-05-14
5126,95,82.1,2019-06-17
4668,14,10.8,2019-10-14
4743,53,50.1,2019-10-07
4682,56,40.2,2019-09-16
3603,18,6.6,2018-12-24
3631,100,87.4,2019-01-07
2833,33,81.8,2018-08-13
5099,9,16.7,2019-07-01
4985,60,6.0,2019-12-09
4312,72,81.5,2019-06-17
1435,41,21.9,2017-11-06
5354,85,80.5,2020-01-06
3558,22,86.5,2018-12-17
2386,65,31.4,2018-06-11
1590,72,32.9,2017-12-04
1822,20,8.0,2018-01-22
4853,24,59.8,2019-10-21
2807,69,6.3,2018-09-10
227,40,12.0,2017-02-20
2876,19,63.8,2018-08-13
4840,89,86.6,2019-11-25
1659,29,60.0,2017-10-30
1083,9,75.6,2017-09-11
5033,15,75.6,2019-10-21
3341,80,29.3,2019-01-07
2386,3,79.4,2018-05-14
1790,36,28.2,2017-12-11
5193,43,85.5,2019-05-27
1805,43,42.1,2018-01-22
4212,64,98.1,2019-05-06
4808,22,35.3,2019-10-21
4680,106,49.4,2019-10-21
4981,30,20.6,2019-12-02
185,63,11.0,2017-06-26
1558,48,83.6,2017-11-06
2918,66,64.6,2018-09-17
5021,110,7.9,2019-10-21
2324,29,9.5,2018-04-23
1644,14,72.6,2018-01-01
2589,50,48.3,2018-06-11
5534,121,7.1,2020-02-24
5393,109,92.1,2019-11-18
4798,10,21.8,2019-12-02
4264,38,29.8,2019-08-26
4748,72,91.2,2019-10-14
5244,84,28.7,2019-07-01
3002,13,49.3,2018-11-19
4150,36,56.0,2019-05-20
2034,52,71.1,2018-03-05
5438,31,1.7,2019-11-18
3221,29,2.6,2018-10-08
4465,89,3.5,2019-08-19
4796,110,83.1,2019-09-16
3914,19,48.7,2019-04-01
803,18,97.2,2017-05-01
821,58,91.6,2017-07-03
3556,81,54.1,2018-12-31
764,37,53.1,2017-05-29
3024,43,74.9,2018-09-24
2656,3,85.8,2018-08-20
1857,22,55.0,2018-01-15
3244,81,2.9,2018-10-22
4582,35,27.7,2019-08-26
5173,94,33.6,2019-04-29
2561,84,86.9,2018-07-16
4971,26,45.6,2019-10-21
2978,86,63.6,2018-09-10
2098,75,56.2,2018-03-05
988,54,70.3,2017-07-10
1846,22,63.5,2017-12-18
4038,41,12.6,2019-05-13
5224,18,77.9,2019-06-03
4939,5,61.8,2019-12-09
2711,86,86.4,2018-07-30
3432,12,3.0,2019-01-07
2504,14,94.9,2018-06-25
3979,56,7.4,2019-04-29
4228,47,6.8,2019-05-13
3228,59,54.6,2018-12-24
5309,81,63.5,2019-07-15
3088,22,12.9,2018-10-15
2449,29,80.2,2018-05-21
2655,46,43.8,2018-07-16
4987,88,94.7,2019-12-30
3315,14,88.6,2018-11-12
3966,46,11.9,2019-04-08
3972,49,59.1,2019-03-11
2095,41,19.1,2018-04-02
3969,7,99.8,2019-04-22
915,47,6.9,2017-07-31
2950,66,71.1,2018-09-10
1101,20,63.3,2017-09-18
4252,52,40.8,2019-08-12
1460,66,72.7,2017-10-16
5575,32,48.0,2019-12-16
2565,42,92.9,2018-06-04
2353,46,47.7,2018-07-02
4913,41,28.8,2019-10-07
5220,77,30.1,2019-07-01
5089,47,47.9,2019-05-27
3550,101,66.2,2018-12-24
1115,28,58.2,2017-09-25
1852,19,44.6,2018-02-05
4744,82,5.0,2019-11-11
3114,30,54.5,2018-12-10
5094,43,74.1,2019-04-29
730,19,27.8,2017-05-22
585,16,32.4,2017-05-15
1745,22,66.2,2017-11-20
1898,13,50.1,2018-02-26
4267,12,32.5,2019-07-01
3003,26,48.8,2018-11-05
2306,3,17.2,2018-04-09
5417,61,35.4,2020-01-06
4062,40,8.0,2019-04-08
2622,82,94.0,2018-07-16
1448,16,31.9,2017-10-23
1514,43,40.4,2017-10-09
1656,61,2.3,2018-01-08
3133,46,29.8,2018-11-05
5575,85,29.7,2019-12-30
5527,1,35.1,2020-02-03
2008,43,45.4,2018-03-26
784,29,93.8,2017-05-08
4699,88,96.0,2019-09-30
774,7,60.8,2017-05-15
2658,4,79.3,2018-07-09
1259,3,41.6,2017-09-11
1298,18,3.6,2017-10-09
2315,69,39.8,2018-07-02
1557,72,18.8,2017-12-25
155,40,44.3,2017-07-03
4132,31,19.0,2019-05-20
947,18,36.6,2017-07-10
2295,43,53.3,2018-05-28
5337,8,39.9,2019-11-11
5218,77,2.5,2019-06-24
2519,33,43.0,2018-05-28
4042,43,64.8,2019-05-13
4440,66,93.2,2019-07-22
3649,84,53.9,2019-03-11
2349,41,59.0,2018-05-14
3814,82,2.6,2019-02-04
2048,10,51.9,2018-03-12
1505,21,38.7,2017-12-11
4333,41,82.3,2019-08-12
649,49,89.4,2017-06-12
4005,15,77.0,2019-03-04
680,24,24.3,2017-07-03
1732,41,21.9,2018-02-05
1767,25,17.8,2018-01-01
5226,45,4.8,2019-07-08
932,36,92.4,2017-06-12
3487,30,20.7,2018-12-31
5445,43,6.5,2019-12-30
1077,19,32.9,2017-08-21
2358,82,22.3,2018-06-04
1644,45,32.1,2017-12-04
3785,2,27.2,2019-01-28
1517,3,34.3,2017-10-23
482,20,57.7,2017-05-29
1476,42,59.1,2017-12-11
4375,18,66.9,2019-07-22
2320,36,96.7,2018-06-11
4439,35,50.3,2019-08-26
5432,14,44.4,2019-12-23
2034,56,42.4,2018-03-05
5558,45,30.4,2020-01-20
3012,46,9.7,2018-10-22
683,46,21.0,2017-06-19
4362,85,33.6,2019-06-24
3981,68,91.1,2019-05-13
3558,43,55.6,2019-01-14
5526,19,27.6,2020-01-27
1962,6,54.6,2018-01-22
5339,109,27.9,2019-11-11
1862,47,76.0,2017-12-25
4809,32,88.0,2019-11-25
4221,13,29.2,2019-05-06
1493,16,2.4,2017-10-30
3475,13,61.3,2019-01-07
4227,23,91.6,2019-04-29
4916,72,44.5,2019-11-04
4850,83,60.2,2019-11-11
306,36,34.5,2017-04-03
3421,56,63.5,2018-12-17
604,54,31.9,2017-04-10
1672,3,49.2,2017-12-04
4656,77,16.0,2019-09-09
253,43,51.1,2017-04-17
2183,69,88.5,2018-03-12
3507,29,31.7,2019-02-04
3162,84,84.8,2018-11-19
1712,13,58.5,2018-01-22
4528,65,55.1,2019-08-19
4026,69,13.0,2019-04-01
2476,19,19.5,2018-07-09
2452,45,63.5,2018-05-21
5522,16,49.3,2019-12-02
3320,15,78.6,2018-12-03
3293,10,99.0,2018-10-15
3942,85,10.3,2019-03-18
716,12,89.8,2017-05-01
1287,29,85.0,2017-09-18
1514,65,86.4,2017-10-09
3114,35,76.3,2018-09-17
5104,12,76.5,2019-04-22
4377,57,8.0,2019-07-08
1350,15,14.1,2017-09-18
2678,50,4.9,2018-07-23
5437,76,9.8,2020-02-03
5311,3,54.9,2019-08-05
1677,19,34.6,2018-02-05
4933,115,35.4,2019-12-02
5404,94,56.4,2019-12-09
705,65,10.8,2017-05-08
174,0,31.6,2017-02-27
641,44,72.6,2017-07-24
3537,7,28.9,2019-02-11
3343,30,12.9,2018-11-12
3162,22,76.7,2018-10-22
4830,72,12.3,2019-10-14
4669,36,98.6,2019-10-21
918,23,43.4,2017-07-03
2348,32,53.3,2018-05-28
5130,3,88.5,2019-06-17
5421,76,41.7,2019-11-25
5020,115,43.9,2019-11-18
3204,15,30.7,2018-11-12
341,46,42.8,2017-03-27
4047,29,54.6,2019-04-29
5368,80,47.1,2019-11-18
5246,52,17.4,2019-06-17
1849,19,37.4,2018-01-08
2913,8,59.3,2018-09-03
2936,0,73.0,2018-09-17
1784,5,59.3,2018-01-15
5218,25,56.2,2019-07-01
2405,54,1.0,2018-07-02
4338,95,51.8,2019-07-01
5218,12,72.9,2019-07-15
2508,46,47.6,2018-05-14
1115,19,85.9,2017-10-02
3784,80,60.8,2019-02-04
2621,47,24.0,2018-07-09
2318,6,81.3,2018-06-11
5545,81,53.3,2020-02-10
2444,7,17.4,2018-05-07
5095,99,93.4,2019-04-29
1422,63,1.4,2017-12-11
3480,49,60.0,2018-12-03
4440,26,38.0,2019-08-19
3814,83,52.9,2019-04-01
3852,76,2.5,2019-04-01
1358,6,43.9,2017-10-02
2107,48,78.8,2018-02-19
5563,77,59.4,2019-12-09
4062,74,59.5,2019-04-22
4691,21,66.4,2019-11-25
4630,68,64.2,2019-11-11
3603,93,82.6,2019-01-07
5394,79,92.1,2020-01-20
3919,8,88.1,2019-03-11
2477,6,8.5,2018-08-20
705,38,67.5,2017-04-24
5393,73,94.0,2020-01-13
1671,40,66.2,2017-12-18
3076,20,13.5,2018-10-08
1247,16,24.6,2017-10-09
3848,47,56.1,2019-04-01
2190,46,15.8,2018-04-30
5313,100,86.6,2019-06-24
720,29,46.6,2017-05-08
707,64,99.2,2017-07-03
4354,89,35.9,2019-08-05
4697,101,16.9,2019-10-14
4609,12,52.7,2019-09-09
5099,18,26.8,2019-06-17
3904,80,65.5,2019-03-11
1970,9,5.4,2018-01-29
5445,41,74.2,2019-11-11
2117,29,63.9,2018-04-02
2604,85,60.5,2018-08-27
1831,26,67.4,2017-12-11
2965,12,74.4,2018-09-10
2709,3,4.2,2018-07-30
4211,89,13.4,2019-08-26
850,22,79.5,2017-06-19
4307,30,85.1,2019-07-01
861,41,16.7,2017-06-26
3657,12,10.7,2019-02-18
891,56,12.1,2017-06-12
1140,69,90.1,2017-09-11
1241,1,51.3,2017-10-23
5245,59,17.1,2019-07-01
2877,53,84.3,2018-08-27
3932,76,84.1,2019-04-08
3738,52,65.0,2019-03-18
3466,41,72.8,2018-12-17
4221,72,76.6,2019-05-13
3550,99,5.6,2019-01-07
2614,66,51.3,2018-06-04
327,10,52.0,2017-02-27
3203,29,62.9,2018-10-08
5419,47,41.5,2019-12-23
1527,25,64.1,2017-10-09
957,22,5.7,2017-07-10
4228,44,1.7,2019-05-06
5334,79,20.1,2019-11-25
5395,42,21.3,2019-11-25
5121,56,77.3,2019-06-24
3085,81,37.7,2018-11-12
1347,39,50.9,2017-11-06
3417,80,86.9,2018-12-31
3332,56,88.7,2018-12-17
1707,18,64.3,2017-12-11
775,46,80.7,2017-06-05
4586,67,83.3,2019-10-21
3440,62,20.0,2018-12-17
1666,4,16.5,2017-12-04
2078,69,12.6,2018-03-05
5222,75,40.7,2019-07-29
3620,40,48.8,2019-02-18
5117,86,53.7,2019-04-29
5268,99,91.2,2019-07-01
5069,29,91.1,2020-01-06
1318,28,65.6,2017-09-11
5523,56,35.5,2019-11-25
5133,15,4.7,2019-05-20
5122,59,70.8,2019-06-10
5295,75,70.5,2019-05-27
3393,31,48.3,2018-11-05
4908,35,38.5,2019-10-28
4354,86,75.8,2019-07-15
2296,65,61.2,2018-05-21
1493,24,24.7,2017-10-09
4228,109,88.0,2019-06-03
3022,30,71.5,2018-09-24
1546,15,81.5,2017-10-09
5362,3,37.4,2019-12-16
1661,18,11.1,2018-01-01
5215,62,94.1,2019-06-17
5050,31,93.2,2019-11-11
2908,29,12.9,2018-09-17
2034,35,80.0,2018-04-02
1072,47,71.1,2017-09-11
3554,5,76.7,2018-12-10
4753,53,18.5,2019-10-14
5298,90,43.9,2019-06-24
5343,2,46.8,2019-11-18
4697,27,41.4,2019-11-04
881,42,66.5,2017-05-22
2333,2,33.7,2018-06-25
2648,9,31.4,2018-06-25
4385,101,31.6,2019-07-29
393,36,92.6,2017-03-20
3837,72,10.6,2019-03-11
1381,12,61.5,2017-11-13
4309,29,64.8,2019-06-17
1749,13,35.8,2018-01-15
1267,14,64.8,2017-09-04
4101,81,79.6,2019-04-15
4391,50,91.3,2019-07-15
3353,46,26.8,2018-10-22
639,64,40.8,2017-04-10
196,23,68.4,2017-03-27
1927,28,28.2,2018-01-08
3330,8,83.0,2019-01-14
5335,105,42.4,2019-12-02
5247,8,64.5,2019-06-17
5450,30,96.0,2019-12-09
5563,22,45.8,2020-01-20
2162,20,79.6,2018-05-14
3398,72,39.6,2018-11-19
4662,9,56.6,2019-09-30
876,48,8.9,2017-06-05
3255,20,74.6,2018-12-17
5304,15,20.1,2019-07-08
4687,75,92.3,2019-09-30
3931,76,73.1,2019-03-18
960,53,35.9,2017-06-26
2442,54,28.7,2018-05-07
4683,18,52.2,2019-09-23
2624,7,44.0,2018-06-04
4775,33,70.9,2019-10-21
861,8,99.7,2017-06-26
4220,46,41.4,2019-06-24
1574,10,37.5,2017-10-09
775,54,26.6,2017-07-10
387,21,89.7,2017-04-24
4215,83,88.8,2019-05-27
4985,117,65.9,2019-12-23
1808,46,76.1,2018-02-19
3562,12,19.0,2019-02-11
4744,108,84.6,2020-02-03
2653,68,8.1,2018-06-18
753,41,57.4,2017-07-10
752,65,24.2,2017-05-15
4743,85,65.0,2019-09-16
5048,81,67.7,2019-12-09
5404,94,45.3,2019-11-11
1589,42,49.6,2018-02-12
3466,80,59.6,2018-11-12
5379,4,6.0,2019-11-04
969,46,34.3,2017-08-14
2553,1,4.7,2018-07-23
3322,52,29.9,2018-11-26
3250,63,48.2,2018-11-05
3834,63,1.2,2019-03-25
2748,28,3.1,2018-07-23
870,33,27.8,2017-06-05
2127,3,71.1,2018-04-02
2437,69,89.8,2018-05-21
4260,69,82.1,2019-08-12
1419,43,34.9,2017-10-30
479,3,39.0,2017-04-24
4211,104,31.4,2019-05-27
5285,15,88.7,2019-08-05
2272,6,81.8,2018-04-16
4833,21,47.9,2019-11-25
5164,79,69.5,2019-05-13
4066,63,15.6,2019-04-22
2042,15,80.6,2018-04-09
2062,65,2.5,2018-04-16
4898,121,67.3,2019-11-25
4031,52,80.1,2019-03-11
5574,47,47.6,2020-01-13
821,1,98.3,2017-05-29
5061,31,31.7,2020-01-27
2010,23,65.3,2018-04-16
3554,21,61.8,2018-12-31
4255,77,14.0,2019-07-22
2258,16,83.7,2018-08-13
1386,54,65.5,2017-12-25
1605,10,3.5,2017-10-30
2614,56,48.4,2018-07-16
5358,20,80.2,2019-12-16
4801,14,92.5,2019-09-30
1780,48,90.6,2018-02-05
3933,72,71.9,2019-02-25
253,37,6.4,2017-03-27
2310,40,44.7,2018-04-30
405,6,74.3,2017-04-17
5200,102,47.5,2019-05-13
1474,20,55.2,2017-11-20
1591,30,85.9,2017-12-11
4100,65,66.3,2019-04-01
4260,29,51.6,2019-08-05
3332,45,98.9,2018-12-17
1059,18,37.6,2017-08-07
574,30,82.2,2017-04-03
1582,7,60.2,2017-11-13
4314,80,93.6,2019-07-08
2826,19,57.7,2018-10-01
969,48,63.2,2017-06-12
1115,31,38.2,2017-07-31
1857,7,43.5,2017-12-11
4236,65,99.2,2019-05-06
4264,41,67.4,2019-08-05
829,10,85.4,2017-06-05
1824,43,32.0,2018-02-19
5135,10,6.9,2019-05-13
2345,43,48.9,2018-05-07
2690,20,19.1,2018-06-18
2536,15,20.5,2018-07-16
2647,82,82.1,2018-07-02
1230,6,39.2,2017-10-09
1661,13,67.3,2018-01-08
4048,75,14.8,2019-03-11
4248,75,53.9,2019-08-05
1401,38,92.7,2017-11-27
1467,19,49.9,2017-10-30
1673,48,78.8,2018-01-08
477,7,62.7,2017-04-10
987,15,68.0,2017-07-10
4793,18,26.2,2019-10-14
1585,56,99.0,2017-12-25
2381,39,80.9,2018-06-11
1871,7,70.2,2018-01-08
702,52,28.7,2017-06-12
3299,20,28.5,2018-10-22
3399,20,49.6,2019-01-07
1719,22,99.4,2017-12-04
1293,18,7.0,2017-09-25
2289,53,61.6,2018-06-04
1433,36,10.6,2017-11-06
2605,30,70.8,2018-06-18
2587,12,95.2,2018-07-16
5126,104,16.6,2019-05-06
3126,20,7.2,2018-11-12
960,18,60.5,2017-06-19
3719,76,75.5,2019-01-21
2380,10,14.9,2018-05-14
4461,20,69.3,2019-08-05
2565,3,56.1,2018-07-09
2970,19,15.7,2018-10-29
2557,8,94.2,2018-07-23
2772,3,84.1,2018-08-20
772,20,8.2,2017-05-01
1552,73,64.6,2017-10-23
5072,100,96.8,2020-01-06
4187,80,90.2,2019-04-15
1416,19,4.9,2017-11-20
5432,106,19.7,2019-12-09
5097,68,68.4,2019-06-24
2561,19,35.0,2018-06-04
2053,69,26.5,2018-04-09
5075,47,28.0,2019-12-16
5069,115,8.2,2019-11-25
5007,50,78.5,2019-11-25
2907,18,79.6,2018-08-13
1414,51,67.8,2018-01-01
857,57,57.4,2017-05-15
2711,12,46.7,2018-07-09
3138,72,74.9,2018-09-17
1426,66,39.1,2017-10-23
3487,31,37.7,2018-12-31
159,46,82.0,2017-03-06
1543,45,48.4,2017-10-23
461,17,5.4,2017-07-10
2597,13,70.6,2018-06-11
2695,59,54.2,2018-07-02
502,10,54.5,2017-05-29
5085,15,72.1,2019-04-15
4534,69,58.2,2019-08-26
4682,81,28.3,2019-09-09
996,18,53.0,2017-06-12
5373,73,14.4,2019-11-04
3698,1,15.5,2019-01-28
10,46,15.5,2017-02-13
5472,15,78.2,2019-12-30
1741,36,55.5,2018-01-01
5309,2,26.0,2019-07-08
713,54,72.2,2017-06-19
2201,75,20.4,2018-03-12
3190,15,63.2,2018-10-22
857,1,68.6,2017-07-10
3554,16,16.7,2019-01-28
1646,64,57.0,2018-01-08
4415,45,42.2,2019-08-12
297,64,62.1,2017-02-13
5544,52,47.3,2019-12-30
661,12,21.7,2017-05-15
4890,20,65.4,2019-11-25
754,12,6.0,2017-07-10
3974,32,70.4,2019-04-29
1201,12,3.5,2017-08-14
5471,102,15.3,2019-11-18
3522,0,94.7,2018-12-17
1671,73,76.1,2018-01-01
5085,10,92.3,2019-06-10
3776,18,5.8,2019-02-25
702,50,10.0,2017-06-19
5279,0,26.9,2019-07-01
884,10,65.0,2017-05-29
3642,29,93.4,2018-12-31
5162,57,85.6,2019-04-29
4587,56,11.5,2019-09-30
1988,3,48.5,2018-02-19
5052,48,58.9,2020-01-13
4710,51,98.3,2019-11-04
1241,72,73.3,2017-09-04
2970,57,60.6,2018-10-15
5073,35,72.2,2019-10-28
532,5,85.1,2017-05-08
4585,77,27.6,2019-08-05
2401,44,22.1,2018-07-09
5469,15,76.2,2020-01-06
2775,36,87.9,2018-09-03
3047,60,50.3,2018-09-10
4213,80,54.0,2019-04-08
4858,93,72.9,2019-11-11
1853,30,52.8,2017-12-25
5015,36,24.3,2019-11-04
2393,40,29.5,2018-05-28
4594,40,69.5,2019-08-05
2481,12,19.3,2018-05-21
2331,12,98.5,2018-07-02
2948,36,24.9,2018-08-27
4016,30,70.7,2019-04-01
2516,19,7.4,2018-07-30
2127,69,54.9,2018-05-07
941,18,90.4,2017-05-22
2754,79,29.8,2018-09-10
4603,79,86.6,2019-10-14
230,10,55.2,2017-05-01
4835,59,54.6,2019-12-09
5322,50,46.9,2019-07-15
5247,54,47.0,2019-05-27
5212,82,7.3,2019-07-01
1306,6,93.0,2017-10-09
4597,32,63.9,2019-10-07
5003,19,46.8,2019-11-11
4823,66,77.2,2019-10-07
4963,19,47.4,2019-12-23
2709,29,9.1,2018-08-06
4689,121,97.6,2019-09-16
857,46,87.9,2017-06-12
1631,8,55.6,2018-01-01
733,10,25.5,2017-04-24
2772,7,7.8,2018-07-16
3987,16,57.8,2019-04-15
5235,14,58.4,2019-06-03
4651,31,49.0,2019-09-09
1858,15,61.5,2018-01-22
5287,18,16.4,2019-06-24
2393,49,73.2,2018-06-18
4235,69,72.4,2019-04-15
1788,69,41.0,2018-01-22
936,43,5.4,2017-05-29
4483,20,86.1,2019-08-05
2365,73,32.2,2018-05-07
126,13,56.5,2017-03-13
730,43,48.9,2017-06-19
3935,73,80.9,2019-04-01
2399,50,68.5,2018-05-14
4164,74,86.5,2019-05-27
1673,68,37.1,2018-01-15
1575,29,72.9,2017-10-16
5234,29,38.6,2019-05-13
5563,88,44.0,2020-01-13
2618,1,68.3,2018-06-18
2484,45,26.9,2018-06-04
4224,19,51.7,2019-04-29
951,23,20.6,2017-07-17
2003,69,35.1,2018-02-12
4208,7,59.7,2019-06-24
4292,73,12.9,2019-06-10
5021,106,93.3,2019-10-28
3853,81,3.6,2019-02-11
2139,47,64.7,2018-03-05
2553,14,34.9,2018-06-11
2038,32,22.9,2018-05-28
5074,82,84.8,2019-12-09
1608,66,84.9,2017-12-11
4933,54,3.8,2019-11-11
3629,84,73.6,2018-12-24
1367,1,83.4,2017-11-20
4292,86,49.7,2019-08-19
3365,36,97.6,2018-10-22
2373,53,72.6,2018-05-14
1059,30,77.2,2017-08-07
2517,12,41.0,2018-06-11
1724,7,44.7,2018-02-12
4954,35,45.0,2019-11-11
5329,2,61.2,2019-07-29
794,62,34.1,2017-07-17
1031,46,51.3,2017-07-10
3980,13,13.7,2019-04-29
3049,46,94.8,2018-09-17
221,22,25.8,2017-02-13
3356,4,57.6,2019-02-04
5226,3,4.6,2019-05-13
5172,39,19.8,2019-05-13
339,3,14.8,2017-04-24
5525,94,75.1,2019-11-25
560,46,36.5,2017-04-10
4446,77,15.9,2019-08-19
3864,20,87.6,2019-02-18
4347,94,57.6,2019-08-19
3639,41,27.2,2018-12-24
1235,40,69.2,2017-09-25
3629,5,14.8,2018-12-31
2388,31,76.4,2018-05-28
493,20,26.2,2017-08-28
1999,61,54.6,2018-04-02
609,47,70.3,2017-04-10
4291,18,53.0,2019-06-24
4896,19,4.1,2019-10-21
3970,35,82.9,2019-04-08
4677,46,18.0,2019-09-16
3537,12,13.6,2019-02-18
1267,29,23.3,2017-10-09
3532,19,6.7,2019-02-04
3851,12,16.0,2019-03-18
3507,3,31.8,2018-11-26
962,29,17.6,2017-06-12
4333,75,15.0,2019-08-12
4275,13,30.2,2019-07-22
4135,32,33.5,2019-06-17
4380,96,45.7,2019-09-02
3332,52,67.7,2018-11-12
1571,72,91.9,2018-01-15
5164,5,51.9,2019-05-06
5198,57,53.6,2019-05-20
959,9,58.2,2017-08-14
1637,3,13.7,2017-12-18
3260,86,4.8,2018-10-15
1670,64,66.2,2018-01-29
756,7,9.0,2017-04-24
3698,43,97.2,2019-01-28
679,62,61.4,2017-06-12
427,54,94.6,2017-03-13
2635,23,20.1,2018-07-02
2641,75,69.1,2018-06-11
2502,19,6.5,2018-07-30
1958,19,30.3,2018-02-12
4157,39,17.3,2019-04-22
2635,60,23.3,2018-07-09
4796,41,59.1,2019-09-30
1890,30,16.5,2018-01-01
4808,21,4.2,2019-11-18
3598,49,47.3,2019-01-07
3504,81,79.4,2018-12-24
1899,22,49.9,2018-02-12
2205,10,34.1,2018-05-21
2002,60,31.9,2018-03-05
5313,100,69.0,2019-06-10
5533,81,1.9,2019-12-02
4896,2,55.5,2019-12-09
3478,29,8.3,2018-12-10
1505,15,21.0,2017-12-18
811,64,82.4,2017-06-19
754,48,58.4,2017-05-15
4025,20,54.6,2019-03-18
2582,2,87.2,2018-06-04
2144,20,47.3,2018-04-30
4170,81,50.3,2019-04-29
5334,5,23.3,2019-12-30
4682,36,52.4,2019-10-14
814,19,91.7,2017-06-12
3559,83,97.9,2018-12-10
4125,29,21.3,2019-04-01
258,41,90.1,2017-04-03
2642,64,5.2,2018-08-13
3656,48,3.8,2019-01-07
5332,35,81.1,2019-12-09
2611,50,6.0,2018-06-11
679,1,98.2,2017-07-03
4609,96,14.7,2019-08-19
1006,59,40.8,2017-06-19
3469,66,44.8,2018-11-19
1388,64,23.1,2017-11-06
4101,53,75.4,2019-03-25
3443,3,38.2,2019-01-14
3814,3,70.2,2019-03-25
5368,115,27.8,2020-01-13
4207,75,66.2,2019-05-06
2954,1,46.2,2018-10-22
5510,82,20.7,2020-01-20
3758,24,80.1,2019-02-18
4458,18,37.3,2019-08-05
4799,76,28.7,2019-09-23
1291,54,16.4,2017-10-02
3106,85,11.7,2018-10-01
2690,12,2.4,2018-07-16
1191,26,24.5,2017-08-14
4502,99,73.2,2019-08-26
5361,10,35.9,2019-11-11
4206,74,90.3,2019-05-13
3404,8,37.1,2018-10-29
146,12,44.3,2017-03-06
5200,69,96.4,2019-07-01
755,14,57.9,2017-06-05
281,26,86.6,2017-03-06
2051,13,38.7,2018-04-16
3479,39,58.2,2018-11-19
56,47,89.5,2017-01-30
3214,83,8.3,2019-01-28
4870,31,8.7,2019-12-16
457,0,37.4,2017-05-29
1467,47,96.3,2017-10-09
4630,121,76.9,2019-09-30
2502,7,54.7,2018-05-14
4664,59,94.8,2019-09-30
4752,76,43.4,2019-11-11
653,19,12.5,2017-05-29
1595,7,15.0,2017-12-25
1134,26,36.9,2017-07-31
2966,29,76.6,2018-10-01
37,10,27.1,2017-02-06
1196,14,23.8,2017-10-16
3487,102,69.7,2018-12-03
2324,68,79.6,2018-04-23
3360,10,7.8,2018-10-29
4724,84,80.4,2019-10-14
4377,52,60.7,2019-08-19
2550,28,65.2,2018-07-09
4464,33,19.9,2019-07-29
407,41,80.7,2017-04-03
4680,106,16.4,2019-12-16
5212,54,25.1,2019-07-08
1251,47,99.7,2017-09-11
181,8,12.6,2017-02-20
4594,56,4.5,2019-10-14
1869,47,64.8,2017-12-25
2955,30,61.6,2018-08-20
1112,65,5.2,2017-07-31
5268,3,14.0,2019-07-15
1871,7,1.8,2018-02-26
5356,12,74.2,2019-11-25
4283,15,10.7,2019-06-10
783,50,58.0,2017-06-26
2566,45,35.2,2018-06-25
2263,41,93.9,2018-05-07
3308,2,3.6,2018-11-19
4293,19,82.8,2019-07-08
3945,68,66.0,2019-03-18
3623,13,4.3,2019-01-28
2629,22,75.8,2018-07-30
3433,15,98.3,2018-12-10
4931,27,13.1,2019-12-02
947,18,19.5,2017-05-29
3323,3,48.2,2018-11-19
3388,82,88.3,2019-01-07
687,12,95.6,2017-07-10
2231,10,8.0,2018-04-09
2564,51,95.2,2018-06-25
2201,18,51.6,2018-04-09
744,29,60.3,2017-06-26
4236,46,73.9,2019-05-13
5428,80,36.8,2019-12-02
3370,3,3.6,2018-11-05
4283,66,13.4,2019-07-01
3403,17,25.2,2018-11-05
5322,7,29.0,2019-05-27
2565,24,60.4,2018-07-30
3355,30,18.1,2018-12-17
5242,47,20.8,2019-06-17
4933,102,44.3,2019-11-18
1329,30,71.2,2017-09-25
1533,12,32.4,2018-02-19
115,12,52.0,2017-01-16
3149,69,2.2,2018-10-15
1519,14,65.5,2017-11-13
2540,12,33.5,2018-07-23
4961,115,19.3,2019-12-30
2329,69,5.5,2018-04-30
5021,53,94.5,2020-01-06
5064,30,93.7,2019-11-04
5043,12,71.3,2019-12-16
5244,74,18.6,2019-06-24
1656,2,15.2,2017-12-18
5368,35,12.0,2020-01-13
2271,69,25.0,2018-04-16
4202,18,82.6,2019-04-15
4670,9,85.3,2019-11-25
5511,74,33.8,2019-12-30
1927,3,76.7,2018-01-15
1726,68,3.1,2017-11-13
3172,9,24.6,2018-10-15
2569,53,92.2,2018-06-25
4141,5,37.1,2019-04-01
5426,31,83.7,2019-12-09
2058,72,24.6,2018-05-14
1880,65,55.0,2018-02-19
2136,75,89.2,2018-04-02
2389,10,57.4,2018-06-11
1358,5,13.1,2017-10-23
3637,56,60.4,2018-12-24
730,62,40.9,2017-06-12
4386,81,22.6,2019-07-08
5247,10,63.1,2019-07-08
3177,39,36.7,2018-11-12
1915,54,64.3,2018-05-07
5345,83,24.4,2019-11-04
702,15,32.7,2017-05-15
2057,13,69.1,2018-04-16
1397,8,42.6,2017-10-23
2492,48,8.6,2018-06-18
4033,36,71.7,2019-04-22
924,15,64.9,2017-08-07
5191,36,32.7,2019-06-17
2591,73,78.0,2018-06-04
2712,47,56.9,2018-08-13
4292,90,43.0,2019-08-05
3070,18,89.8,2019-02-25
3106,26,88.3,2018-09-17
5489,94,37.0,2020-02-03
2169,27,95.7,2018-03-05
3745,43,97.2,2019-02-04
4646,33,72.8,2019-10-07
640,19,56.3,2017-05-01
3399,14,42.7,2019-01-14
4835,48,79.2,2019-09-30
3385,45,34.1,2018-11-19
5510,82,42.4,2020-01-06
3619,12,43.3,2019-01-14
2954,7,27.1,2018-10-08
1608,29,31.3,2017-12-25
3218,13,99.7,2018-11-12
762,8,23.7,2017-05-22
5298,41,63.6,2019-06-17
5347,39,10.3,2019-10-28
2774,18,30.9,2018-08-06
1644,57,69.7,2017-12-25
1422,45,16.8,2017-10-09
3398,26,67.4,2018-12-10
1213,69,71.7,2017-10-09
3597,43,3.8,2019-01-14
4436,42,10.5,2019-08-05
3187,29,81.4,2018-10-29
1811,0,69.0,2018-01-08
2412,5,64.6,2018-07-09
407,56,80.0,2017-04-24
1421,35,84.6,2017-09-25
4193,80,27.5,2019-06-17
2571,8,48.7,2018-07-09
4986,72,50.0,2019-11-04
641,46,73.1,2017-05-29
2631,54,39.7,2018-06-18
4655,30,94.7,2019-10-14
2571,43,96.8,2018-07-09
1677,30,57.1,2018-01-15
2085,53,91.9,2018-04-02
5542,65,55.5,2019-12-16
1627,41,34.6,2017-11-27
1195,69,54.6,2017-09-04
4311,80,56.6,2019-07-08
5542,14,12.3,2019-12-30
1399,46,81.3,2017-09-25
1719,19,50.9,2018-01-01
4501,10,9.0,2019-09-02
4382,104,39.8,2019-08-19
769,12,73.5,2017-05-29
2902,47,20.9,2018-10-01
860,16,60.2,2017-06-26
4164,13,98.2,2019-05-13
987,14,91.5,2017-08-14
1156,10,39.2,2017-08-28
2485,6,5.7,2018-07-09
4682,36,86.6,2019-09-30
4342,30,69.9,2019-08-12
4975,105,50.2,2019-12-23
3369,83,92.0,2018-11-05
5031,56,59.2,2019-11-25
4898,16,11.4,2019-10-07
649,44,86.5,2017-04-10
4180,2,12.1,2019-05-27
3553,77,91.9,2018-12-10
4804,110,76.1,2019-09-23
5244,56,20.2,2019-07-15
3908,18,34.1,2019-03-11
2659,31,26.0,2018-07-23
1068,18,27.6,2017-07-17
3406,14,23.2,2018-12-03
4917,83,25.8,2019-09-30
593,13,89.1,2017-04-10
1531,15,72.7,2017-12-25
4266,86,52.9,2019-06-17
2910,69,33.8,2018-09-03
4778,3,65.4,2019-11-18
2461,0,77.3,2018-06-18
5249,73,33.4,2019-06-10
5224,53,50.4,2019-06-24
2130,38,36.1,2018-05-07
3169,20,21.5,2018-09-24
5533,77,23.6,2019-12-09
5577,49,45.7,2019-12-23
1921,12,58.1,2018-01-08
1235,15,25.6,2017-09-11
4986,67,41.2,2019-10-28
752,32,79.5,2017-08-28
1134,3,99.0,2017-10-02
5265,50,5.1,2019-07-08
198,12,14.0,2017-01-23
4329,5,57.3,2019-07-08
5371,15,67.4,2019-12-23
2249,82,43.5,2018-04-30
2581,30,9.4,2018-07-30
1464,24,14.6,2017-12-11
1651,12,80.3,2017-11-13
707,13,91.5,2017-07-17
2581,36,77.9,2018-07-30
2902,9,15.5,2018-10-29
2885,12,47.8,2018-08-27
734,47,98.9,2017-07-03
5494,65,51.0,2019-12-02
595,6,24.0,2017-07-10
1738,36,14.6,2018-01-08
705,18,64.5,2017-05-29
1640,59,77.6,2018-02-05
4992,64,37.7,2020-01-13
4104,107,74.2,2019-05-20
668,48,52.7,2017-06-26
1742,73,95.8,2017-11-27
4779,64,21.3,2019-11-18
1546,63,67.2,2017-10-30
2319,5,13.8,2018-05-21
4217,80,47.8,2019-04-29
4594,18,24.2,2019-09-16
3118,10,10.7,2018-11-19
4290,15,41.5,2019-08-05
1126,18,34.6,2017-09-11
3246,41,73.4,2018-10-22
1422,23,65.7,2017-11-06
1297,43,12.7,2017-09-18
5147,46,52.3,2019-06-03
691,12,59.5,2017-06-05
882,13,26.4,2017-07-03
4017,13,84.8,2019-03-04
4321,10,16.9,2019-06-24
4339,30,42.5,2019-07-15
2104,1,10.1,2018-03-26
4931,59,83.8,2019-11-25
2642,2,49.2,2018-07-09
3310,2,68.3,2018-11-19
2678,22,46.4,2018-07-09
4858,2,39.2,2019-12-09
1292,36,51.7,2017-10-09
1009,50,94.7,2017-08-07
2194,42,44.3,2018-04-16
5075,101,13.2,2019-12-23
3402,43,26.2,2018-11-05
3442,16,78.3,2019-01-14
5242,101,68.9,2019-06-24
702,26,75.9,2017-06-19
3322,72,39.6,2018-11-19
2859,82,42.2,2018-10-01
1209,49,3.7,2017-08-28
4830,30,86.5,2019-11-11
3487,53,39.6,2018-12-31
1929,35,7.4,2017-12-25
4218,8,62.1,2019-05-13
5043,13,78.4,2019-11-18
4362,12,28.1,2019-06-24
1206,36,71.5,2017-10-09
5145,100,73.8,2019-06-03
2449,14,3.4,2018-04-30
656,15,26.5,2017-07-03
3199,102,38.0,2019-01-14
834,64,96.5,2017-08-07
5212,56,80.8,2019-05-06
5124,53,41.3,2019-07-15
5146,68,48.0,2019-07-15
2429,63,47.9,2018-04-23
2641,2,38.7,2018-07-16
4462,117,74.7,2019-09-02
2849,69,73.4,2018-08-06
1486,32,52.9,2017-11-20
792,30,90.0,2017-07-03
1909,18,54.0,2017-12-25
3411,12,82.2,2018-12-31
2706,41,56.3,2018-07-09
2862,20,36.7,2018-09-03
2463,53,31.6,2018-06-11
5297,69,33.6,2019-08-12
641,31,3.5,2017-04-17
3174,52,36.6,2018-10-01
5562,15,71.2,2020-01-13
4005,46,79.4,2019-03-25
3361,4,50.9,2018-10-29
2315,1,14.1,2018-07-02
3529,51,76.5,2018-12-10
5419,30,13.7,2019-11-18
1510,66,61.0,2017-11-20
2115,35,18.9,2018-02-19
5021,31,11.9,2019-11-25
3243,12,62.4,2018-10-15
5018,63,54.6,2019-11-04
5033,29,18.2,2019-12-30
5125,18,64.2,2019-04-29
2461,46,99.3,2018-04-30
2554,56,7.1,2018-06-04
3612,12,6.5,2019-01-07
1517,46,77.9,2017-11-13
4182,19,57.7,2019-04-22
4743,68,91.9,2019-10-21
3466,75,84.3,2018-12-17
5424,19,37.4,2019-12-02
4211,75,98.6,2019-06-24
3952,18,35.2,2019-03-11
2619,69,78.4,2018-07-30
854,56,62.2,2017-06-26
2913,69,60.2,2018-08-27
3612,49,21.6,2018-12-17
5420,5,9.1,2019-11-25
5085,7,93.4,2019-05-20
3036,19,1.8,2018-09-03
3456,69,88.7,2018-11-12
226,36,60.1,2017-04-10
402,27,41.6,2017-04-24
1809,10,39.5,2018-01-22
3487,15,88.8,2018-12-24
4069,36,80.2,2019-04-22
4970,3,40.5,2019-11-11
2939,52,91.7,2018-09-03
5131,51,39.7,2019-05-06
1352,54,39.8,2017-09-25
757,24,73.3,2017-05-29
3848,33,2.5,2019-03-18
2435,3,45.0,2018-05-21
1592,36,8.4,2018-01-08
5272,53,52.1,2019-06-03
4909,14,88.8,2019-10-21
4960,0,87.7,2019-10-28
4933,94,53.5,2019-11-18
921,30,8.7,2017-05-22
4711,32,53.2,2019-09-23
4158,40,17.5,2019-03-25
4171,74,39.9,2019-06-17
754,17,35.6,2017-06-12
4016,8,19.2,2019-04-08
1857,65,2.0,2018-01-29
1132,43,63.4,2017-09-18
1335,18,7.3,2017-10-16
775,56,91.7,2017-06-12
2398,53,39.9,2018-07-02
5397,12,73.6,2019-11-25
1282,21,16.5,2017-09-04
3518,47,76.8,2018-12-17
808,54,43.4,2017-05-29
2176,40,99.6,2018-03-05
3434,18,64.2,2018-12-17
640,47,67.7,2017-06-12
5017,47,78.3,2019-11-04
599,12,30.8,2017-05-29
477,63,45.9,2017-05-15
4911,29,26.8,2019-11-11
1036,41,40.5,2017-08-21
2322,27,46.5,2018-05-07
3389,75,43.0,2018-12-17
3395,73,74.2,2018-11-26
3383,12,61.6,2019-01-14
2653,43,1.3,2018-08-06
1031,15,11.2,2017-08-21
3502,82,93.5,2018-11-19
3412,43,8.0,2018-12-03
2693,9,26.3,2018-06-18
367,43,76.3,2017-03-06
2003,30,82.6,2018-03-05
3698,86,83.4,2019-01-21
3418,48,96.4,2019-01-07
1732,32,58.8,2017-11-20
4056,16,95.2,2019-04-15
2263,55,82.7,2018-04-16
4493,35,38.9,2019-09-23
4042,12,81.6,2019-04-29
216,56,75.7,2017-08-28
4647,5,67.1,2019-09-09
4977,57,24.9,2019-10-21
5459,90,63.9,2019-12-23
5225,30,43.1,2019-05-06
4173,76,92.5,2019-05-06
1466,40,60.1,2017-12-25
927,15,20.0,2017-05-22
3173,36,5.8,2018-11-26
616,56,54.9,2017-06-12
2589,73,66.4,2018-06-25
2406,53,89.0,2018-04-30
5518,77,83.0,2019-12-30
94,1,79.1,2017-01-09
2673,12,45.6,2018-08-13
915,41,29.1,2017-07-03
1735,10,71.6,2018-01-08
3502,4,94.2,2018-12-10
4724,9,71.5,2019-11-18
5234,2,3.2,2019-07-01
3615,51,8.4,2018-12-17
792,30,58.7,2017-05-01
2139,62,63.0,2018-04-16
420,56,41.3,2017-03-20
341,63,92.0,2017-02-20
4771,15,89.8,2019-10-21
4972,94,43.0,2019-10-14
3969,29,8.2,2019-03-04
1609,58,80.1,2018-01-08
4894,10,51.7,2019-10-28
862,30,13.8,2017-06-26
4569,73,18.8,2019-09-16
983,8,86.9,2017-07-17
989,12,46.5,2017-08-14
4037,99,83.1,2019-04-08
5316,86,9.9,2019-06-24
649,15,86.5,2017-05-22
3051,40,19.0,2019-01-28
3623,93,15.1,2018-12-31
3651,80,14.6,2018-12-17
3346,84,7.9,2018-11-19
396,30,24.1,2017-04-24
2674,13,17.9,2018-07-02
2375,47,52.5,2018-07-09
2205,2,4.9,2018-04-02
2964,60,4.1,2018-08-27
3156,43,38.9,2018-12-10
2358,62,65.7,2018-07-16
3823,80,16.8,2019-02-25
2987,49,98.6,2018-10-22
1651,64,45.4,2017-11-06
3332,57,47.0,2018-12-24
864,57,77.2,2017-05-29
4871,13,51.7,2019-10-28
4950,26,67.5,2019-12-23
4956,81,70.9,2019-10-21
5301,14,34.8,2019-05-27
1826,48,41.7,2018-01-08
4532,29,79.0,2019-09-30
4493,95,60.0,2019-08-05
2507,16,33.5,2018-05-14
3450,80,43.7,2018-12-10
2485,12,28.5,2018-07-09
5226,32,97.8,2019-07-29
5073,35,48.7,2019-12-02
2532,82,1.0,2018-05-14
2663,4,18.5,2018-06-18
5310,3,76.7,2019-07-01
1858,8,49.5,2017-12-18
4218,56,93.4,2019-04-22
4380,74,6.6,2019-08-05
5225,49,69.8,2019-06-03
1574,19,87.0,2017-11-13
3010,60,81.5,2018-09-24
5279,99,25.2,2019-06-03
1493,46,36.9,2017-10-16
3430,82,18.3,2019-01-14
4377,68,46.2,2019-09-23
2911,12,84.7,2018-08-13
5368,22,47.1,2019-11-25
4711,22,43.9,2019-10-28
946,28,28.0,2017-06-12
821,25,87.1,2017-06-12
5283,5,89.5,2019-06-24
5547,36,31.2,2020-01-20
2558,1,70.4,2018-06-25
474,56,49.7,2017-05-22
2335,32,92.4,2018-04-16
2982,77,49.8,2018-09-17
1936,21,24.8,2018-04-02
3314,49,19.0,2018-10-15
946,41,10.5,2017-07-17
1470,45,2.4,2017-11-27
4430,10,50.4,2019-08-19
961,30,31.3,2017-06-19
3589,39,52.2,2019-01-07
4349,89,1.2,2019-08-05
2449,19,75.6,2018-05-07
4662,110,38.2,2019-09-09
2952,66,84.2,2018-09-17
1914,46,27.9,2018-02-19
2327,19,12.1,2018-04-09
5025,2,23.5,2019-12-23
3976,95,76.1,2019-04-29
5529,108,37.1,2019-12-02
4033,75,88.5,2019-04-29
5156,39,90.0,2019-05-13
2597,65,35.5,2018-08-06
1815,40,92.1,2018-01-15
4165,61,53.7,2019-04-08
5147,100,99.3,2019-07-01
4661,96,8.9,2019-09-30
2893,20,48.6,2018-08-27
4844,25,48.6,2020-02-03
2534,23,20.6,2018-07-23
2229,47,29.1,2018-04-16
5064,89,6.7,2019-12-30
3657,86,79.8,2018-12-24
3252,45,84.5,2018-10-22
5336,81,36.5,2019-12-02
5552,3,30.3,2020-02-17
951,25,19.0,2017-06-05
2571,77,28.7,2018-06-11
1508,9,67.7,2017-10-16
2377,19,24.6,2018-06-18
5103,1,23.2,2019-05-20
2910,45,44.8,2018-08-20
235,65,52.1,2017-02-27
2313,43,85.4,2018-05-07
857,6,57.6,2017-06-26
3188,29,91.3,2018-10-08
2952,10,15.6,2018-10-15
594,25,15.2,2017-08-07
4682,42,57.6,2019-10-21
5082,36,23.2,2019-04-22
987,47,70.2,2017-07-17
3762,12,88.1,2019-03-04
5099,83,51.8,2019-05-20
4962,43,20.4,2019-11-11
1645,3,96.6,2017-11-06
5105,15,55.8,2019-05-27
2515,66,83.3,2018-07-30
5495,62,21.5,2020-02-17
771,41,7.6,2017-05-15
624,20,72.9,2017-04-10
2480,27,69.4,2018-04-30
2083,12,1.5,2018-04-23
4923,3,84.2,2019-11-04
2453,8,30.0,2018-07-09
1899,68,89.8,2018-02-26
4603,95,6.3,2019-10-28
3722,73,64.7,2019-03-18
1090,66,53.6,2017-08-28
645,64,29.1,2017-04-17
4886,15,48.1,2019-12-16
5000,41,84.1,2019-12-09
2542,53,60.9,2018-06-11
1105,46,91.9,2017-07-31
2565,7,54.8,2018-07-16
3129,2,97.8,2018-10-08
918,4,91.8,2017-07-10
3365,24,51.5,2018-11-12
852,26,94.4,2017-07-17
2647,82,85.1,2018-07-16
1623,64,18.4,2018-01-01
3294,59,5.0,2018-11-26
4697,68,25.7,2019-10-28
2243,69,99.4,2018-04-16
1637,59,95.8,2017-11-20
2614,51,84.6,2018-06-04
5410,12,86.5,2019-12-02
4684,19,95.5,2019-11-25
1279,47,2.2,2017-09-04
4312,47,85.5,2019-07-15
1618,22,65.5,2017-12-25
2319,16,58.5,2018-06-04
1505,17,77.8,2017-11-27
1578,9,24.1,2017-11-20
5263,53,43.2,2019-07-29
4071,3,36.1,2019-04-15
3928,12,1.1,2019-03-04
1612,13,52.1,2017-10-30
1550,46,8.0,2017-10-16
5449,29,62.9,2019-12-16
2548,53,44.5,2018-07-23
4394,5,15.9,2019-08-05
5253,77,13.1,2019-06-24
849,48,69.0,2017-06-05
2401,48,75.2,2018-06-18
3744,56,95.8,2019-01-21
4057,63,55.2,2019-04-01
1246,13,53.8,2017-09-04
5277,5,23.9,2019-05-20
5188,2,81.0,2019-07-01
5485,103,90.5,2019-11-25
5133,15,46.1,2019-06-17
5439,29,63.3,2019-12-09
5331,93,17.9,2019-12-02
758,37,68.6,2017-06-12
4279,53,42.9,2019-08-05
4296,19,50.5,2019-06-24
2333,16,28.4,2018-05-21
2187,60,22.7,2018-04-16
3848,49,39.2,2019-02-11
4959,92,94.1,2019-10-07
5483,43,77.1,2020-01-27
1462,0,32.3,2018-03-05
2178,23,24.9,2018-04-02
4298,20,17.0,2019-07-22
2904,0,85.3,2018-10-08
1256,65,2.0,2017-10-16
5298,24,97.3,2019-05-27
2487,28,90.0,2018-08-06
1279,17,76.5,2017-11-20
1701,12,43.5,2017-11-20
5179,13,82.2,2019-05-13
5363,19,72.9,2019-11-04
276,4,96.0,2017-02-27
3678,90,20.4,2019-01-07
4957,102,2.8,2019-11-18
1542,10,73.8,2018-01-01
931,16,7.0,2017-06-12
4689,121,77.4,2019-09-23
2190,3,7.1,2018-04-02
5192,20,58.0,2019-05-27
1374,18,88.4,2017-10-16
5575,59,4.6,2020-02-03
1552,31,70.8,2017-10-16
484,37,57.1,2017-03-27
1435,53,5.8,2017-09-18
2209,51,36.5,2018-03-12
713,54,36.2,2017-05-29
4180,69,47.1,2019-05-06
5318,94,10.0,2019-07-01
5277,107,94.3,2019-07-29
2494,9,50.1,2018-07-09
4939,7,68.8,2019-10-21
5113,39,86.1,2019-05-27
4222,102,96.7,2019-04-22
4344,95,94.3,2019-08-05
2492,61,86.9,2018-05-07
2502,12,93.0,2018-06-25
336,21,53.9,2017-04-10
2421,82,95.7,2018-05-07
4763,121,51.3,2019-10-28
396,1,38.5,2017-04-24
795,59,26.4,2017-06-12
2914,86,21.0,2018-10-01
754,33,40.9,2017-06-12
837,31,22.7,2017-07-03
2163,75,31.3,2018-04-30
4565,69,12.6,2019-10-07
2042,69,54.2,2018-02-19
5060,43,89.6,2019-12-23
5329,3,78.4,2019-06-10
4982,61,2.4,2019-11-18
3384,7,9.5,2018-11-12
3537,46,24.1,2018-12-31
2477,49,39.8,2018-05-07
2604,39,69.8,2018-06-11
5304,2,78.9,2019-07-15
2421,14,68.7,2018-04-30
1266,42,80.6,2017-10-16
1447,6,2.6,2017-12-04
2889,39,45.7,2018-09-24
2467,15,95.8,2018-06-25
3929,47,94.5,2019-03-25
3895,19,93.1,2019-03-18
3580,19,93.0,2019-01-14
5178,20,46.5,2019-05-27
4221,94,59.6,2019-06-03
5198,7,86.0,2019-06-17
3600,35,97.6,2019-02-25
2514,20,6.5,2018-06-18
4566,18,36.7,2019-08-12
3154,20,41.2,2018-10-01
1774,65,26.4,2018-01-22
5503,108,90.8,2020-02-10
1799,15,66.0,2017-12-25
5311,68,37.3,2019-07-01
1215,29,49.2,2017-09-11
5506,93,46.1,2019-12-23
2510,17,27.2,2018-08-13
2568,21,3.3,2018-05-21
3109,43,52.0,2018-11-05
3398,51,61.3,2018-11-19
2511,2,56.4,2018-06-11
3584,12,7.2,2018-12-31
3382,102,77.1,2019-01-07
4933,23,8.8,2019-11-18
2327,21,90.0,2018-05-14
74,3,77.7,2017-02-13
2480,56,1.7,2018-06-11
887,14,37.3,2017-06-19
3628,82,54.0,2018-12-17
2421,9,45.8,2018-05-14
4661,109,33.5,2019-09-09
4483,48,72.4,2019-08-05
3847,3,70.8,2019-02-25
2322,66,7.4,2018-06-18
1246,38,37.2,2017-10-02
5561,20,78.5,2020-01-20
2485,7,49.8,2018-07-09
1637,53,21.4,2017-12-04
5528,1,52.5,2019-12-23
4318,73,43.2,2019-07-01
956,48,53.1,2017-06-05
3179,26,99.8,2018-11-19
2777,12,31.7,2018-07-16
864,46,89.7,2017-07-10
1690,68,87.3,2017-12-18
3447,20,81.9,2018-11-26
2913,28,16.6,2018-10-15
2987,19,63.7,2018-09-24
1695,1,20.4,2017-12-11
814,51,25.3,2017-07-17
1217,41,9.3,2017-10-23
1196,39,11.0,2017-08-21
5086,36,12.9,2019-04-22
5031,94,12.6,2019-11-18
4532,57,25.3,2019-09-23
5189,19,60.2,2019-05-06
2347,14,9.9,2018-04-23
3484,57,18.2,2018-12-17
2549,47,42.0,2018-05-28
4294,81,94.8,2019-06-17
2832,18,19.9,2018-08-13
2556,47,9.9,2018-05-21
2439,73,10.5,2018-07-02
5125,5,77.0,2019-06-03
3455,56,26.6,2018-12-03
5001,83,14.5,2019-12-23
2588,20,60.5,2018-06-11
2333,36,23.3,2018-04-23
3332,93,4.7,2019-01-07
4591,36,77.5,2019-09-23
4025,101,8.1,2019-04-29
532,5,15.6,2017-06-19
5268,13,82.9,2019-06-03
1291,47,44.7,2017-09-11
2739,5,43.1,2018-07-09
2146,61,70.6,2018-04-02
2153,30,75.1,2018-03-19
2004,15,10.8,2018-02-26
4270,94,42.3,2019-07-22
4111,80,89.5,2019-04-29
1597,41,85.7,2017-11-06
2348,61,3.0,2018-07-02
2527,26,48.9,2018-05-28
380,9,24.2,2017-05-15
250,12,58.9,2017-02-27
1762,39,76.3,2017-12-18
908,26,18.8,2017-06-26
443,54,83.9,2017-05-08
1251,41,56.3,2017-09-11
578,36,71.1,2017-06-19
1284,19,38.7,2017-10-09
2466,64,2.3,2018-06-04
1320,36,54.1,2017-10-02
743,36,30.6,2017-07-03
2950,7,53.2,2018-09-10
2334,47,34.3,2018-06-04
4808,103,82.4,2019-10-28
5264,22,98.8,2019-06-24
839,63,18.5,2017-06-19
754,2,38.7,2017-05-08
1411,29,83.1,2017-11-13
2515,85,95.1,2018-08-27
4773,61,53.0,2019-12-02
753,45,21.5,2017-05-01
1612,7,49.8,2017-12-04
5250,19,72.1,2019-06-03
4532,57,38.9,2019-09-16
805,30,12.4,2017-05-22
1513,2,67.7,2017-11-13
1773,73,50.1,2018-01-22
3562,9,23.1,2018-12-17
3537,18,69.8,2019-02-25
3999,66,25.0,2019-05-06
4088,53,89.6,2019-04-08
5246,14,83.0,2019-07-29
863,26,4.0,2017-07-17
5123,94,91.6,2019-07-08
5131,53,68.1,2019-04-22
2429,9,13.8,2018-06-11
1446,49,3.3,2017-11-27
4711,94,59.6,2019-09-23
1434,50,85.8,2017-10-16
5459,90,95.6,2020-01-20
2118,2,79.2,2018-03-12
591,46,93.9,2017-05-01
5259,19,71.2,2019-07-08
5428,27,1.9,2019-12-09
1809,56,87.5,2018-01-29
4790,19,69.9,2019-10-21
4853,29,2.2,2019-10-21
5298,0,62.3,2019-05-27
2099,32,63.3,2018-03-05
4684,4,22.8,2020-01-06
3863,12,45.2,2019-04-15
877,37,84.2,2017-07-17
753,26,35.0,2017-05-22
1645,5,65.7,2017-11-27
2651,72,95.2,2018-06-11
2268,69,16.8,2018-05-07
3207,100,5.3,2018-11-12
1396,56,98.5,2017-10-30
3979,18,70.5,2019-04-08
539,51,35.3,2017-04-24
2077,7,9.2,2018-04-09
5152,3,23.4,2019-06-10
1596,16,66.3,2018-01-08
1296,26,93.8,2017-08-28
539,29,91.9,2017-03-27
4597,26,79.1,2019-10-14
1297,48,38.2,2017-11-06
257,30,96.3,2017-03-27
5203,74,74.7,2019-07-15
1725,10,25.6,2018-01-29
4031,2,76.1,2019-04-15
4813,13,13.5,2019-11-25
1816,36,22.6,2017-12-04
5123,73,78.5,2019-04-22
864,58,9.2,2017-08-07
5471,103,94.5,2019-12-09
3484,31,16.3,2018-12-24
4642,36,59.8,2019-09-16
2623,73,95.3,2018-07-02
5440,18,20.0,2020-01-13
4545,41,31.9,2019-09-02
967,15,90.1,2017-06-26
4616,63,52.5,2019-10-21
854,48,15.0,2017-07-10
2984,72,79.4,2018-10-01
1693,40,15.3,2017-12-04
4723,110,51.6,2019-10-14
5199,85,40.0,2019-07-08
1254,33,58.8,2017-11-20
5510,15,94.4,2019-12-09
783,36,10.3,2017-06-12
4190,107,59.9,2019-07-01
5246,50,43.7,2019-06-24
2187,42,29.3,2018-04-02
3882,26,80.3,2019-02-25
2493,24,4.3,2018-05-21
769,2,15.6,2017-07-03
4804,16,52.8,2019-11-25
2331,44,95.7,2018-05-21
4833,66,46.4,2019-09-23
5121,63,65.1,2019-05-20
4252,16,29.8,2019-06-10
5100,65,96.9,2019-07-01
1457,72,16.5,2017-10-02
2548,15,72.0,2018-07-02
1852,12,18.1,2018-01-15
4825,73,40.7,2019-09-30
3882,32,39.0,2019-03-18
253,1,95.3,2017-03-06
5562,103,28.3,2020-01-13
1291,29,93.2,2017-10-30
4303,7,58.4,2019-06-10
5276,30,46.6,2019-07-01
759,37,58.3,2017-05-08
3530,31,54.2,2018-12-10
1335,12,64.9,2017-10-30
4591,53,69.8,2019-10-07
4933,79,93.2,2019-12-09
3068,32,77.6,2018-11-05
1628,35,76.5,2017-12-18
5277,73,78.3,2019-06-24
5174,73,65.2,2019-05-06
3550,25,11.5,2018-12-10
3835,29,32.5,2019-02-18
4635,53,36.5,2019-11-04
1933,12,37.2,2018-01-15
1076,73,86.2,2018-02-19
1776,36,25.7,2017-11-27
636,39,68.8,2017-05-22
2375,10,40.5,2018-04-30
1331,13,67.3,2017-11-13
1493,12,27.8,2017-10-30
454,42,53.9,2017-05-15
5522,22,50.0,2019-12-16
2401,84,26.8,2018-05-14
1454,18,16.6,2017-11-06
4846,18,82.3,2019-09-30
2773,29,20.7,2018-08-20
1697,65,33.6,2017-12-18
4697,53,13.7,2019-11-04
5452,30,87.9,2019-11-11
1018,37,20.2,2017-07-24
2071,47,49.5,2018-04-23
3987,12,92.1,2019-05-20
2398,51,97.1,2018-05-14
1188,12,41.3,2017-10-16
5043,45,46.4,2019-10-21
2508,35,21.9,2018-06-18
259,41,20.1,2017-02-13
3828,18,43.3,2019-02-04
2712,79,3.4,2018-08-06
1830,13,37.8,2018-02-05
1961,65,60.7,2018-02-19
1395,47,14.0,2017-10-30
5297,21,66.7,2019-07-29
1310,69,27.5,2017-09-18
4716,67,10.7,2019-09-09
3866,19,32.8,2019-04-08
4985,89,87.3,2019-12-30
5490,121,80.1,2019-12-30
6,47,93.1,2017-01-30
5103,35,49.7,2019-04-22
2365,66,99.7,2018-04-30
5021,30,21.2,2019-12-02
4605,80,46.6,2019-08-19
2290,0,3.5,2018-05-14
5258,14,67.0,2019-05-20
973,3,34.4,2017-06-05
795,8,21.4,2017-05-29
4168,77,82.4,2019-04-08
2442,79,9.6,2018-06-18
2776,15,75.3,2018-09-24
1204,66,18.9,2017-09-18
3935,19,51.4,2019-04-01
3228,65,90.5,2018-12-31
4482,39,25.5,2019-08-05
4218,99,30.4,2019-06-24
1337,64,96.3,2017-11-06
4980,68,98.9,2019-10-28
5125,93,80.8,2019-06-10
2910,32,67.9,2018-10-01
2056,62,13.0,2018-03-26
2611,5,82.3,2018-07-23
1772,19,81.8,2017-12-11
4261,13,96.2,2019-06-24
2704,19,69.5,2018-07-23
4018,30,46.1,2019-03-18
1775,51,34.8,2018-01-15
1474,32,7.3,2017-11-27
1755,21,17.7,2018-01-29
5375,89,27.4,2019-12-02
4852,23,68.8,2019-12-16
84,0,74.8,2017-01-23
3376,18,86.9,2018-12-17
4906,12,59.5,2019-10-21
645,8,96.1,2017-06-12
861,9,47.3,2017-06-12
134,19,1.3,2017-01-23
2402,66,57.0,2018-07-09
995,19,25.1,2017-06-12
407,43,88.4,2017-04-10
2322,46,27.6,2018-05-28
1226,59,59.5,2017-11-20
5013,115,92.0,2019-12-16
1610,68,30.9,2017-12-11
3062,54,43.2,2018-11-26
126,0,50.9,2017-04-17
1972,3,74.1,2018-02-19
1181,51,98.3,2017-10-09
3237,65,34.4,2018-10-29
1076,43,1.0,2017-07-31
5470,18,1.3,2019-11-25
2862,48,79.7,2018-09-17
5508,56,99.7,2019-11-18
1213,13,89.3,2017-10-09
10,8,96.7,2017-01-02
1767,25,5.0,2018-02-26
4582,14,77.3,2019-09-02
4922,10,10.3,2019-11-04
3012,46,26.6,2018-10-08
5071,77,83.5,2019-12-23
3076,5,76.8,2018-09-24
4975,8,13.9,2019-10-28
4228,84,94.8,2019-06-24
3894,13,56.8,2019-04-29
2598,22,42.8,2018-07-02
4211,67,1.6,2019-04-15
2902,15,59.6,2018-09-24
1429,18,29.5,2017-10-02
2829,43,24.6,2018-08-06
1984,0,31.0,2018-05-07
2160,46,27.8,2018-03-19
380,8,77.1,2017-02-27
2770,14,17.2,2018-07-16
4493,46,32.6,2019-08-05
1428,49,40.9,2017-12-11
2652,2,33.9,2018-07-09
2570,75,7.4,2018-07-23
4211,42,1.3,2019-05-27
857,47,78.7,2017-05-15
3163,0,91.7,2018-11-19
5115,25,18.8,2019-05-20
1402,20,27.7,2017-11-20
1546,13,62.0,2017-10-16
3422,64,60.1,2018-12-10
74,36,88.4,2017-02-06
2359,82,29.3,2018-07-02
5455,57,3.1,2019-12-30
1754,27,42.2,2018-01-01
2954,64,30.0,2018-09-10
4807,3,61.9,2019-12-02
1213,47,88.5,2017-08-21
5342,82,3.3,2019-12-16
3699,72,54.5,2019-01-07
2744,36,11.0,2018-08-06
5305,67,47.8,2019-07-29
2502,63,19.5,2018-06-25
2781,13,24.2,2018-08-27
3916,66,68.0,2019-03-18
5382,86,95.8,2019-12-09
4939,57,80.4,2019-12-02
784,13,36.4,2017-05-22
1474,18,62.2,2017-09-25
1666,46,3.3,2017-11-20
2225,46,99.2,2018-03-19
2412,46,77.0,2018-05-14
3999,46,62.9,2019-03-11
2918,5,97.7,2018-10-01
390,37,17.1,2017-03-13
2428,26,58.2,2018-07-30
5021,56,38.6,2019-11-04
5089,3,36.3,2019-05-06
4724,99,99.4,2019-10-21
4184,63,41.4,2019-06-10
5531,12,74.6,2020-01-20
3698,52,60.1,2019-03-04
4666,77,47.9,2019-09-16
1559,16,28.1,2018-01-01
1549,59,96.4,2017-12-18
2556,0,60.2,2018-06-04
5462,74,48.3,2019-11-25
4448,100,92.8,2019-07-22
5064,75,3.7,2019-12-16
5147,40,4.4,2019-05-27
1513,52,11.9,2017-12-04
2415,6,2.7,2018-06-11
4131,52,9.3,2019-04-01
1679,64,48.2,2018-01-22
3600,86,21.0,2019-01-14
4697,3,22.9,2019-12-02
457,33,3.1,2017-07-17
1969,54,74.1,2018-02-19
1646,65,48.9,2017-12-25
2386,9,49.3,2018-04-23
3313,45,70.9,2018-11-05
2510,48,78.8,2018-05-28
2952,31,41.8,2018-10-22
3361,73,76.0,2018-10-22
2967,13,82.2,2018-10-15
946,8,73.3,2017-06-26
1665,4,1.4,2018-01-15
3979,63,47.5,2019-05-06
2828,18,9.0,2018-09-10
5085,5,59.7,2019-06-17
763,38,10.9,2017-07-10
5270,79,25.4,2019-06-24
1201,63,43.3,2017-08-14
849,25,12.1,2017-07-10
414,51,87.3,2017-04-17
4375,72,34.6,2019-07-01
3376,15,49.9,2018-11-12
2656,60,4.4,2018-07-30
5531,39,27.8,2019-12-09
4331,19,75.6,2019-08-19
2293,43,13.6,2018-04-23
786,26,82.4,2017-08-21
4051,48,14.0,2019-05-13
4655,85,25.0,2019-10-07
3210,12,23.5,2018-10-29
821,13,97.6,2017-05-29
2200,40,50.7,2018-03-26
4458,102,99.6,2019-10-28
3205,68,37.1,2018-12-24
2085,5,17.5,2018-04-30
1331,19,27.9,2017-09-11
2487,10,55.3,2018-06-18
2653,56,6.1,2018-07-16
2,18,92.7,2017-01-02
1862,46,87.0,2018-02-12
4817,43,3.0,2019-09-23
1624,14,1.4,2018-01-29
2401,39,21.5,2018-06-11
4908,88,77.4,2020-01-06
4852,43,47.4,2019-12-02
1324,14,52.0,2017-11-20
4356,75,74.0,2019-07-01
824,9,63.4,2017-07-17
2603,30,10.7,2018-07-30
3466,86,82.3,2019-01-14
2225,47,57.9,2018-05-28
296,15,73.9,2017-07-31
1637,41,79.5,2017-11-06
2476,49,49.1,2018-04-30
1298,27,42.0,2017-11-13
5563,83,60.3,2020-02-03
3844,26,47.5,2019-03-25
4994,45,14.5,2019-11-11
2189,75,59.6,2018-04-02
5246,94,37.0,2019-06-10
1454,14,46.7,2017-10-09
1406,12,18.6,2017-11-13
782,2,50.4,2017-06-19
5563,53,60.8,2019-12-30
4701,19,33.9,2019-09-09
488,60,97.1,2017-04-17
4985,31,18.0,2019-10-21
4620,31,35.3,2019-08-26
5410,29,98.4,2019-12-23
2327,8,55.9,2018-05-21
1558,51,5.8,2017-11-06
1526,32,38.8,2017-11-20
2525,30,78.1,2018-07-16
3765,31,87.0,2019-03-04
465,47,75.9,2017-05-22
2461,38,55.8,2018-04-30
686,7,34.2,2017-05-22
3852,3,96.2,2019-03-11
4613,76,31.6,2019-09-23
1279,18,38.3,2017-09-25
4380,22,57.4,2019-08-26
12,18,4.9,2017-01-02
859,35,81.1,2017-06-19
2668,79,87.9,2018-07-09
3190,56,60.6,2018-10-22
720,4,91.0,2017-04-24
2494,12,57.6,2018-05-14
2005,7,73.9,2018-02-19
3581,1,68.3,2018-12-24
1031,13,76.3,2017-09-04
2564,9,41.7,2018-06-25
5048,74,66.5,2019-12-16
5532,85,4.9,2019-12-23
5137,19,12.2,2019-05-27
2495,42,22.8,2018-07-23
4382,15,11.3,2019-08-12
3177,90,78.9,2018-10-08
5401,29,3.4,2019-11-18
5394,56,42.2,2019-11-25
1608,30,71.1,2017-12-11
2225,28,92.4,2018-04-16
3031,29,59.1,2018-09-17
786,43,48.0,2017-06-12
2421,29,16.4,2018-07-09
2593,39,12.4,2018-07-09
1486,19,35.5,2017-11-06
832,13,31.2,2017-05-22
762,39,92.1,2017-04-24
4894,10,84.4,2019-09-30
4804,20,69.1,2019-12-09
5220,5,96.7,2019-06-24
4177,62,22.5,2019-04-29
3820,46,41.2,2019-03-04
4224,6,78.1,2019-06-03
819,47,7.0,2017-05-15
4376,9,82.8,2019-07-29
5245,48,71.9,2019-07-15
656,48,7.8,2017-05-15
3600,5,97.1,2018-12-17
5218,22,39.4,2019-06-10
1902,48,31.2,2018-01-22
5564,8,30.8,2020-02-10
2739,90,19.3,2018-08-06
3403,61,90.7,2018-12-31
2647,79,34.0,2018-07-09
774,4,7.7,2017-05-22
318,19,40.3,2017-03-27
5399,16,36.9,2020-01-06
5351,82,34.7,2019-11-25
681,45,87.4,2017-06-05
2058,13,52.6,2018-04-09
5348,36,74.9,2019-11-11
5346,69,46.5,2019-11-04
2488,73,67.6,2018-06-11
2386,79,68.5,2018-07-23
2638,7,29.3,2018-07-09
2658,46,97.3,2018-07-30
5297,10,45.3,2019-06-10
4352,13,37.9,2019-07-22
5253,26,80.2,2019-07-01
421,30,41.7,2017-04-24
4199,39,39.8,2019-05-06
5344,96,61.0,2019-12-02
1361,35,32.8,2017-09-18
396,49,1.5,2017-03-27
4155,38,40.1,2019-04-15
1167,27,44.8,2017-09-18
3447,77,99.1,2018-11-12
857,45,49.8,2017-07-17
2393,42,4.7,2018-05-14
1374,60,62.5,2017-11-20
1069,30,34.6,2017-08-21
4585,77,5.2,2019-10-07
4894,65,89.5,2019-10-21
1458,40,69.3,2017-10-09
233,36,74.5,2017-04-17
3783,19,53.5,2019-02-18
4192,39,70.1,2019-04-29
2877,39,60.3,2018-09-03
2331,9,35.8,2018-04-30
3936,10,91.5,2019-05-06
1817,72,79.3,2018-01-22
5088,32,65.2,2019-07-01
2946,9,90.3,2018-09-03
3448,30,33.9,2018-12-31
4192,27,41.7,2019-04-08
3805,29,36.0,2019-03-11
5060,40,31.3,2019-11-25
3537,86,83.8,2018-12-31
3451,49,62.1,2018-12-17
2972,52,56.3,2018-10-01
1447,24,31.4,2017-10-02
2449,50,95.4,2018-06-11
1379,32,52.3,2017-11-06
4362,90,77.1,2019-07-08
5397,15,97.9,2019-12-23
2893,29,52.2,2018-08-13
1754,66,99.1,2017-12-25
2162,19,56.4,2018-05-07
1972,28,98.3,2018-03-19
5298,65,84.1,2019-07-01
3969,110,5.4,2019-04-15
4072,80,99.8,2019-04-22
3368,47,76.6,2018-11-05
1279,69,72.8,2017-10-02
1595,69,65.9,2018-01-01
5454,96,89.9,2019-11-18
5164,107,25.9,2019-07-01
990,42,42.4,2017-06-12
2683,77,7.7,2018-07-23
3062,30,7.1,2018-10-22
4038,19,64.8,2019-04-22
4148,36,82.9,2019-05-20
2139,51,1.2,2018-03-19
5311,9,66.1,2019-07-01
5570,96,48.7,2019-12-16
2194,9,93.6,2018-06-04
3361,12,56.2,2018-12-03
2645,31,23.3,2018-06-04
5198,44,6.8,2019-07-01
4478,13,75.4,2019-09-09
2051,69,80.3,2018-04-23
5195,1,25.8,2019-07-08
961,48,86.4,2017-07-17
4226,100,80.4,2019-05-20
3280,50,31.8,2018-10-22
3751,36,90.4,2019-02-04
1736,18,60.8,2017-12-25
3044,59,71.9,2018-09-24
1248,26,52.4,2017-10-02
1650,60,16.6,2017-10-30
3686,90,38.9,2019-03-18
3365,100,5.5,2018-12-10
177,26,82.9,2017-01-23
1727,73,29.2,2017-12-04
2437,15,68.7,2018-05-21
1234,52,17.6,2017-09-18
2597,28,25.8,2018-07-02
2582,4,9.2,2018-06-25
4780,80,95.1,2019-11-11
4609,22,45.8,2019-09-09
811,5,82.3,2017-08-07
2102,30,12.4,2018-03-19
4310,104,64.7,2019-08-19
520,15,13.6,2017-06-05
4817,10,49.7,2019-10-07
4170,6,70.2,2019-06-24
2010,12,62.3,2018-02-05
1431,25,65.4,2017-10-23
2947,86,31.8,2018-10-15
4324,30,31.8,2019-07-15
4377,52,55.3,2019-09-16
21,3,19.5,2016-12-12
1143,30,48.2,2017-07-31
1806,26,37.5,2017-12-18
934,30,53.1,2017-06-19
4662,79,77.5,2019-10-14
2442,36,12.6,2018-05-07
859,26,18.8,2017-07-10
2399,14,52.5,2018-06-18
3287,79,96.0,2018-11-26
1738,35,15.7,2017-11-27
4214,3,11.4,2019-05-20
3331,3,48.5,2019-01-07
5329,61,2.7,2019-07-08
3603,35,22.9,2018-12-17
2403,48,81.0,2018-05-14
3323,5,76.7,2018-12-03
4396,92,13.6,2019-07-29
3863,77,6.1,2019-04-01
3224,73,11.0,2018-10-01
4000,69,47.6,2019-04-01
5099,31,82.8,2019-07-01
1817,30,14.2,2018-01-01
1848,36,10.9,2017-12-11
3981,39,51.3,2019-04-15
2829,47,89.9,2018-09-17
2497,22,53.8,2018-05-07
1526,41,9.6,2017-12-18
2495,43,83.8,2018-07-16
4631,36,83.8,2019-09-02
3317,22,94.8,2018-10-29
2386,1,17.7,2018-06-25
3106,61,34.8,2018-11-12
5575,99,9.1,2019-12-16
4185,80,40.9,2019-04-29
4178,100,33.0,2019-04-22
4342,20,28.3,2019-07-01
4066,80,50.0,2019-04-29
2393,75,36.7,2018-05-28
1447,59,50.8,2017-10-30
4377,29,43.6,2019-09-02
3061,56,28.1,2018-09-17
1402,3,23.6,2017-09-25
805,56,83.9,2017-05-15
4251,50,49.9,2019-08-05
5279,30,27.1,2019-07-08
1221,12,69.0,2017-09-18
5316,72,31.1,2019-08-12
2573,60,76.7,2018-07-30
4900,45,57.6,2019-12-02
2477,8,88.8,2018-07-16
4342,36,18.6,2019-07-08
74,6,46.8,2017-01-23
2203,20,71.3,2018-05-21
402,46,70.4,2017-03-20
4689,19,56.6,2019-09-09
3516,18,51.8,2018-11-26
4775,28,75.1,2019-12-09
1018,37,90.5,2017-08-07
5570,104,54.1,2019-12-16
4404,19,62.4,2019-09-09
5008,3,89.9,2019-12-30
2647,36,84.8,2018-06-04
3981,42,84.0,2019-05-06
5125,31,99.8,2019-06-17
4173,74,76.4,2019-06-17
3863,86,55.5,2019-02-25
1417,63,28.5,2017-11-13
3974,36,96.4,2019-03-25
5195,31,12.3,2019-07-22
986,39,90.1,2017-06-26
1404,46,83.8,2017-11-20
4775,36,62.8,2019-10-07
1796,5,33.6,2017-12-18
5106,46,27.0,2019-06-03
2596,51,61.5,2018-07-16
1849,36,46.6,2017-12-11
4330,29,91.6,2019-07-15
468,38,15.5,2017-04-03
1447,40,47.1,2017-10-09
2164,1,83.7,2018-04-16
1626,28,88.9,2017-11-20
5435,41,55.4,2020-01-20
5547,85,21.5,2019-12-30
5149,30,28.7,2019-06-24
2174,73,34.9,2018-03-05
5201,67,1.8,2019-07-22
2691,43,31.4,2018-06-18
4247,29,61.6,2019-06-17
482,2,19.2,2017-04-24
3600,76,36.0,2019-01-14
5195,9,81.0,2019-06-24
4135,74,79.6,2019-05-20
636,29,87.7,2017-06-12
911,19,85.9,2017-07-17
1506,15,65.6,2017-10-23
2829,14,39.8,2018-08-27
1730,7,12.7,2017-12-11
2616,50,85.6,2018-06-04
5199,43,2.4,2019-06-17
3205,29,82.1,2018-10-29
666,36,61.8,2017-05-29
2248,13,39.0,2018-04-16
4332,10,10.3,2019-06-17
797,33,47.4,2017-05-01
1679,21,83.1,2018-01-22
2454,13,48.7,2018-04-23
2859,24,61.8,2018-10-22
910,41,83.7,2017-06-05
2051,53,42.8,2018-04-23
1671,39,42.3,2017-12-18
641,37,25.0,2017-07-03
2642,59,52.4,2018-07-02
4589,51,89.1,2019-10-14
4561,65,91.4,2019-08-26
763,4,86.1,2017-05-22
1254,4,40.4,2017-10-09
4261,48,74.5,2019-08-26
3979,77,71.2,2019-03-18
3309,80,9.4,2018-11-05
5422,43,67.1,2019-12-16
5384,105,12.4,2019-11-04
686,39,89.9,2017-06-26
1,36,7.6,2017-02-06
5297,3,47.3,2019-07-08
781,22,58.2,2017-06-12
1310,21,35.2,2017-09-25
16,24,6.0,2017-02-20
2382,47,15.6,2018-06-04
2498,69,40.9,2018-05-21
4221,51,46.4,2019-04-22
2653,28,20.7,2018-07-09
4549,1,99.0,2019-09-02
1289,36,12.6,2017-10-02
983,10,65.4,2017-08-14
1316,47,81.6,2017-10-02
5466,104,2.1,2020-02-10
1550,39,57.9,2017-10-16
5267,80,34.1,2019-06-03
848,36,80.3,2017-05-22
3554,47,24.7,2018-12-17
5331,9,98.4,2019-12-23
2168,73,27.4,2018-06-04
1888,5,88.3,2018-01-01
3933,63,67.2,2019-03-11
2964,3,12.4,2018-09-10
5270,20,56.4,2019-07-22
2641,16,86.0,2018-07-09
1652,36,62.7,2018-01-08
987,22,24.1,2017-07-10
2564,1,55.0,2018-07-23
3475,72,64.4,2019-01-14
4565,36,54.4,2019-09-16
5204,46,97.6,2019-06-17
1248,10,4.5,2017-08-21
929,36,36.7,2017-07-10
5162,18,7.6,2019-06-24
5344,87,96.3,2019-11-25
4247,86,84.7,2019-07-15
1741,14,27.1,2017-12-25
3544,75,78.1,2018-12-31
3487,57,16.4,2019-01-21
2385,35,66.4,2018-05-14
1849,56,54.8,2018-02-05
48,12,20.8,2016-12-26
809,54,64.2,2017-07-03
1245,3,67.2,2017-09-11
943,1,21.3,2017-05-22
1163,26,83.0,2017-10-16
2683,57,94.8,2018-08-06
5319,36,95.7,2019-05-27
3686,83,59.4,2019-03-18
4264,45,79.0,2019-07-22
757,8,68.9,2017-06-19
1993,25,6.4,2018-02-05
4981,0,73.0,2020-01-27
791,1,36.3,2017-05-08
4271,29,43.8,2019-07-08
2457,68,46.1,2018-06-18
2402,10,36.1,2018-07-09
2505,8,58.0,2018-05-28
2779,86,3.2,2018-08-20
1562,33,40.0,2017-11-20
2556,12,20.2,2018-07-09
4005,45,38.1,2019-04-08
779,15,82.8,2017-06-19
3864,36,96.3,2019-03-04
2119,3,1.4,2018-05-07
3565,43,43.3,2019-02-04
4659,31,1.5,2019-10-07
1252,46,27.8,2017-09-25
1208,6,40.5,2017-10-30
3702,20,55.3,2019-02-11
1807,48,79.9,2018-01-08
4224,36,90.1,2019-05-20
4176,53,43.7,2019-04-29
5114,9,43.1,2019-06-24
1809,56,49.8,2017-12-25
5180,10,21.9,2019-05-20
1235,49,96.2,2017-10-02
761,46,79.3,2017-05-22
1844,20,3.5,2017-12-25
3655,75,24.0,2018-12-31
3738,52,98.2,2019-01-21
4939,31,59.1,2019-10-07
1074,14,85.7,2017-09-04
4208,31,38.9,2019-04-15
2057,26,22.3,2018-03-12
639,21,26.5,2017-06-19
1815,12,82.0,2018-02-12
5475,100,33.1,2020-01-20
5569,35,69.1,2019-12-16
2907,90,17.5,2018-09-10
5125,53,19.2,2019-05-27
5514,53,17.6,2019-12-16
9,6,79.3,2016-12-19
5001,125,90.9,2019-12-16
992,13,75.2,2017-08-07
4617,102,15.9,2019-10-21
4832,35,66.4,2019-09-30
2329,3,29.8,2018-06-04
4872,80,80.4,2019-09-30
686,2,11.9,2017-04-17
2758,19,87.6,2018-08-06
5533,85,12.0,2020-01-20
3555,43,88.3,2019-01-14
5416,75,54.8,2019-11-11
4186,68,51.1,2019-05-06
1736,57,86.6,2017-12-18
3620,72,33.7,2018-12-31
3032,30,59.5,2018-10-29
3870,0,46.9,2019-03-25
338,18,87.7,2017-03-27
5207,95,67.7,2019-07-15
1457,18,14.0,2017-10-09
5536,74,12.1,2020-02-03
2557,63,12.1,2018-08-13
574,0,82.0,2017-05-01
2036,41,72.4,2018-02-05
5133,66,11.7,2019-05-27
3123,41,64.9,2018-10-01
4342,29,45.3,2019-07-15
4724,67,58.3,2019-10-14
797,33,20.8,2017-06-12
4227,76,57.5,2019-06-24
4749,51,10.3,2019-09-16
4347,53,54.8,2019-08-12
5313,5,87.4,2019-06-10
5182,3,96.7,2019-06-03
5286,14,51.1,2019-06-03
2550,31,66.2,2018-07-30
1280,66,95.3,2017-10-09
5538,36,65.2,2019-12-09
5245,3,83.5,2019-06-10
2122,2,5.6,2018-03-05
4908,63,45.2,2019-11-25
700,64,11.4,2017-04-24
2290,8,4.1,2018-05-07
3172,46,58.7,2018-11-26
5576,9,67.0,2020-02-10
3849,18,34.4,2019-04-01
702,2,9.9,2017-06-05
5452,94,53.6,2019-11-11
999,46,38.7,2017-07-31
1540,15,58.2,2017-12-04
4203,49,18.7,2019-05-27
1132,29,48.6,2017-10-09
2223,1,92.1,2018-04-02
2437,9,46.3,2018-04-30
2178,56,19.0,2018-04-09
4665,29,71.3,2019-09-23
5450,4,52.9,2019-12-02
1778,73,39.6,2018-02-12
2454,38,58.9,2018-06-25
4036,0,17.2,2019-04-08
5382,86,67.7,2019-12-16
5382,53,52.1,2019-12-02
2142,65,21.5,2018-02-26
3047,45,99.7,2018-09-17
3530,32,76.1,2018-12-17
1853,56,80.9,2018-01-29
3100,40,99.1,2018-11-19
1316,21,2.4,2017-09-18
2333,4,39.3,2018-06-11
4023,107,45.5,2019-03-18
595,29,65.0,2017-04-24
58,19,52.6,2017-01-30
5509,38,17.3,2019-11-18
971,5,30.4,2017-06-05
4928,104,38.8,2019-11-04
963,47,46.5,2017-06-12
4745,29,31.9,2019-09-23
759,60,62.4,2017-05-08
3440,40,23.7,2018-11-12
3972,30,35.6,2019-04-15
840,16,23.9,2017-06-26
74,35,60.9,2017-04-24
3330,48,14.3,2019-01-07
2332,68,43.5,2018-04-23
4485,72,48.7,2019-08-05
3441,36,47.6,2018-11-12
4870,81,77.9,2019-09-30
1541,29,10.1,2017-10-16
1572,36,45.6,2017-11-27
2571,28,67.2,2018-07-30
4263,69,52.0,2019-06-24
4119,107,39.6,2019-04-08
2550,26,8.3,2018-05-21
4620,12,16.3,2019-10-14
644,13,45.3,2017-04-17
4532,100,71.7,2019-08-12
4719,103,49.2,2019-09-16
4847,66,53.0,2019-10-07
2280,19,69.5,2018-05-21
1757,69,66.2,2018-01-22
2532,73,73.0,2018-06-11
859,19,60.0,2017-07-31
3315,7,96.3,2018-11-19
1254,40,24.1,2017-11-20
4796,94,17.4,2019-10-07
4999,65,70.2,2019-10-28
864,8,8.1,2017-07-17
226,1,60.4,2017-04-03
251,0,26.7,2017-04-10
656,59,26.0,2017-05-15
1672,36,1.5,2018-01-29
3330,43,22.7,2018-12-24
5257,16,56.6,2019-08-12
425,46,57.4,2017-03-27
3929,51,93.6,2019-05-13
4544,36,9.9,2019-08-05
886,22,51.4,2017-05-22
5112,2,78.7,2019-05-13
1830,36,58.9,2017-12-11
758,29,98.1,2017-05-22
3600,41,45.4,2019-01-28
5300,82,84.6,2019-07-01
982,8,29.8,2017-08-21
712,1,87.7,2017-07-03
4695,80,6.5,2019-09-30
1055,18,33.9,2017-08-07
3895,26,80.2,2019-05-06
2067,63,26.8,2018-02-19
840,12,46.3,2017-07-10
4088,18,81.7,2019-04-15
4207,38,21.8,2019-05-06
4984,74,11.5,2019-10-28
600,41,61.8,2017-05-01
801,41,86.7,2017-06-26
2440,54,24.2,2018-05-28
35,10,73.8,2016-12-12
4342,85,40.6,2019-08-19
4663,51,88.4,2019-11-11
3550,7,28.8,2019-02-04
929,45,43.6,2017-07-10
2443,1,7.7,2018-06-04
3219,80,96.9,2018-11-05
3918,41,17.4,2019-03-11
4030,22,67.4,2019-03-11
2296,65,75.1,2018-04-30
3760,56,84.0,2019-03-11
5031,92,32.9,2019-12-23
931,30,80.1,2017-05-22
1481,9,2.8,2017-12-11
1716,12,69.3,2017-12-25
5093,99,61.6,2019-06-10
4023,1,24.6,2019-04-15
3475,30,11.4,2018-12-17
1213,35,90.4,2017-10-30
3658,69,94.3,2018-12-31
4939,30,92.2,2019-10-28
1477,8,8.5,2017-10-09
2522,69,94.2,2018-07-23
5237,28,35.7,2019-08-05
4917,115,79.1,2019-10-07
668,15,92.4,2017-05-08
1890,20,54.7,2018-02-12
1929,18,49.8,2018-01-15
5305,24,22.7,2019-06-03
5166,54,25.4,2019-05-27
5341,29,21.8,2020-01-13
3595,51,59.6,2018-12-17
3427,7,52.1,2018-12-24
1552,20,4.0,2018-01-01
3297,30,28.8,2018-12-10
4236,39,37.6,2019-04-22
4767,26,2.3,2019-11-25
5446,30,76.2,2020-01-13
4891,41,36.1,2019-11-18
852,8,94.6,2017-06-12
5339,35,47.4,2019-11-18
2139,68,58.5,2018-04-16
3895,14,12.2,2019-03-25
1845,12,33.3,2018-01-08
1999,36,42.1,2018-03-12
2998,59,20.3,2018-08-27
1626,0,32.3,2018-01-01
5515,47,72.9,2020-01-06
3604,95,67.0,2019-02-04
273,36,37.8,2017-03-13
5162,95,84.7,2019-07-22
761,7,23.8,2017-07-03
3935,39,33.5,2019-03-18
1114,64,47.4,2017-08-07
5225,69,17.7,2019-07-08
2440,21,8.8,2018-05-21
4986,62,6.3,2019-10-21
2487,32,68.3,2018-07-09
5324,4,21.1,2019-07-08
1955,20,27.8,2018-02-26
3105,5,55.7,2018-09-10
2584,36,39.1,2018-07-30
4381,93,33.8,2019-09-02
2463,30,53.8,2018-05-28
4655,41,70.1,2019-09-30
3501,40,62.4,2018-11-26
1289,39,28.7,2017-10-16
3491,56,52.7,2018-12-03
5340,67,29.6,2019-12-23
2000,31,70.0,2018-03-05
2524,45,18.7,2018-07-30
1191,2,22.2,2017-11-06
1550,12,63.7,2017-10-09
1329,56,91.4,2017-10-30
336,63,43.0,2017-04-03
5051,12,21.9,2019-11-04
5454,84,85.9,2019-11-25
1839,12,25.4,2017-12-11
2715,47,78.9,2018-07-02
5334,103,94.7,2019-12-09
2481,13,40.6,2018-06-18
4025,66,4.2,2019-04-08
1593,3,71.4,2017-11-20
3925,79,99.6,2019-03-18
325,3,99.5,2017-03-20
5218,23,2.1,2019-07-01
4682,3,9.7,2019-11-25
5093,21,30.5,2019-05-13
27,22,69.3,2018-02-19
63,9,92.7,2017-08-07
4898,3,89.6,2019-10-14
3314,31,70.4,2018-12-03
1201,29,22.6,2017-08-28
2397,40,28.0,2018-08-06
857,32,19.8,2017-07-17
3986,19,73.8,2019-04-01
1646,43,75.3,2017-12-18
3621,28,40.8,2018-12-24
3186,41,34.4,2018-10-01
2443,30,73.5,2018-06-11
5482,56,85.5,2019-11-25
2136,72,93.7,2018-03-19
2609,69,17.6,2018-07-16
2883,90,78.5,2018-08-13
2436,65,26.2,2018-04-30
3806,100,64.8,2019-02-04
1887,3,69.7,2018-01-08
5425,3,60.6,2020-01-06
3526,38,82.3,2019-01-07
700,38,43.3,2017-06-26
5409,88,44.8,2020-01-13
763,47,87.1,2017-07-03
4627,74,72.1,2019-09-02
5168,12,90.8,2019-07-15
4918,3,79.8,2019-11-11
1631,30,52.6,2017-11-20
3375,18,95.4,2018-12-10
5295,27,18.4,2019-07-22
2531,29,35.0,2018-06-11
2628,13,55.5,2018-07-30
946,60,59.6,2017-05-29
4442,39,62.2,2019-10-07
5125,23,27.2,2019-08-12
5094,110,59.4,2019-04-29
3474,73,9.3,2019-01-14
5095,3,87.3,2019-06-17
4513,56,50.4,2019-09-09
1644,33,78.8,2018-01-08
2298,9,43.9,2018-05-21
1447,6,91.9,2017-12-25
5022,35,68.2,2019-10-28
2555,3,34.5,2018-07-02
5483,46,36.7,2019-12-09
3536,100,42.5,2019-01-07
2272,1,25.6,2018-04-30
5225,47,36.0,2019-05-20
2907,90,79.6,2018-08-20
5180,85,27.2,2019-06-10
1072,49,88.3,2017-07-10
4222,57,92.1,2019-05-13
1588,48,32.1,2017-10-09
5253,85,96.5,2019-06-10
4732,3,50.4,2019-11-25
2352,43,17.9,2018-06-11
1476,15,58.4,2017-10-09
5571,108,99.1,2019-12-16
5208,104,4.2,2019-05-13
2252,36,10.0,2018-03-19
1671,68,64.3,2017-11-13
3556,30,30.9,2019-01-07
5414,10,25.1,2019-12-16
5321,69,71.8,2019-06-24
4955,79,46.9,2019-12-09
4801,30,32.0,2019-09-16
5476,57,8.1,2019-12-30
4209,38,13.8,2019-05-06
387,3,28.1,2017-03-27
2348,13,99.0,2018-05-28
3853,39,34.1,2019-03-11
1282,19,97.2,2017-11-06
3065,41,32.3,2018-09-17
2567,47,25.6,2018-06-11
5209,11,25.0,2019-08-05
1108,20,62.0,2017-09-04
2780,31,70.5,2018-08-27
1880,47,20.6,2017-12-25
2401,41,87.6,2018-05-28
2599,7,69.3,2018-07-30
359,51,62.3,2017-03-27
792,48,89.0,2017-06-05
5298,80,14.6,2019-06-24
3218,20,7.6,2018-10-22
3376,43,48.0,2018-11-19
1774,64,37.6,2018-01-01
4438,41,21.6,2019-07-29
4381,10,96.0,2019-09-09
3719,1,54.1,2019-01-21
3546,5,36.4,2019-01-21
393,51,67.8,2017-03-20
4342,109,59.7,2019-08-05
1513,22,98.3,2017-11-27
184,54,85.7,2017-03-20
2635,12,22.0,2018-06-18
895,5,95.3,2017-05-29
4176,41,82.4,2019-04-22
5223,79,24.4,2019-07-15
5490,5,98.6,2019-12-16
4692,52,97.7,2019-09-23
2130,36,60.0,2018-04-30
5126,33,67.1,2019-06-10
1680,48,45.3,2017-12-25
2594,24,86.5,2018-05-28
469,36,66.5,2017-03-13
4216,15,5.0,2019-04-08
4833,21,23.3,2019-10-28
2194,22,21.5,2018-04-23
2585,7,20.7,2018-07-23
3361,86,6.8,2018-11-19
5021,46,10.1,2019-12-16
4272,110,41.3,2019-07-01
2722,45,6.2,2018-09-17
2444,46,54.8,2018-06-04
4382,51,57.9,2019-08-26
2293,18,25.6,2018-04-09
3086,22,40.8,2018-10-22
5247,41,77.8,2019-07-22
3834,51,96.6,2019-03-18
4221,22,97.9,2019-05-27
3865,73,66.0,2019-03-11
5552,1,13.0,2019-12-16
2872,32,67.7,2018-08-20
5148,14,60.0,2019-06-17
396,7,74.8,2017-05-01
1355,31,86.8,2017-10-09
3249,26,15.3,2018-10-22
797,49,1.6,2017-06-12
2537,9,71.6,2018-07-09
3076,12,52.7,2018-10-15
4834,46,3.2,2019-09-30
3915,29,46.0,2019-04-08
2902,81,97.4,2018-08-20
1656,39,64.3,2017-12-18
5377,8,20.7,2019-12-16
2571,51,82.7,2018-06-18
4453,65,31.0,2019-09-23
4217,36,41.1,2019-06-03
4582,89,49.3,2019-10-07
3299,59,44.8,2018-11-19
5367,93,17.2,2019-12-23
2173,50,55.3,2018-04-30
2905,21,82.1,2018-09-03
2982,2,7.0,2018-09-17
1076,46,67.5,2017-09-25
3644,19,19.3,2018-12-31
456,59,93.8,2017-03-13
2373,22,43.9,2018-04-23
5220,54,67.2,2019-07-15
1951,30,29.3,2018-01-22
2843,8,74.9,2018-07-23
5528,106,28.8,2019-11-18
3987,18,39.6,2019-05-13
1730,22,84.6,2018-01-01
4263,39,99.8,2019-07-29
790,12,69.6,2017-05-08
5207,48,20.4,2019-05-20
824,59,32.6,2017-06-05
5248,101,42.0,2019-06-03
1470,30,76.8,2017-11-27
3570,5,74.4,2019-01-14
1933,21,81.0,2018-03-05
2444,30,11.7,2018-07-16
2945,75,39.9,2018-10-08
2954,61,65.3,2018-08-27
1505,22,75.9,2017-10-30
2504,46,79.3,2018-05-28
5195,26,51.1,2019-05-13
4731,1,30.0,2019-10-14
2388,53,54.6,2018-05-14
4212,74,30.1,2019-07-01
5207,72,43.0,2019-05-06
1595,46,27.0,2017-12-11
148,18,36.7,2017-05-01
5180,51,49.6,2019-04-29
5304,100,67.5,2019-08-26
5304,94,37.3,2019-07-22
655,3,46.6,2017-04-10
4939,3,24.6,2019-10-28
1933,21,23.9,2018-03-19
3917,41,68.6,2019-03-11
1527,47,78.8,2017-11-20
1196,16,9.1,2017-08-14
3339,7,70.1,2018-10-15
3354,3,40.0,2018-10-22
454,21,4.2,2017-03-27
4132,93,75.1,2019-04-15
1561,47,81.7,2017-10-23
2876,86,50.8,2018-09-17
1401,59,1.3,2017-12-18
2077,62,91.1,2018-05-07
5158,53,65.9,2019-07-01
4036,18,67.8,2019-03-25
5251,66,60.3,2019-07-22
3265,45,59.9,2018-11-05
5174,50,9.2,2019-05-06
2668,75,59.7,2018-06-18
3044,51,57.9,2018-10-01
1652,73,44.1,2017-11-20
210,33,59.0,2017-08-14
4620,18,9.5,2019-09-09
2527,45,45.6,2018-06-18
4578,36,36.7,2019-08-26
4227,12,42.6,2019-05-20
431,13,95.4,2017-04-24
412,3,65.3,2017-05-01
845,46,91.9,2017-06-19
2998,8,43.3,2018-09-03
1505,27,35.2,2017-10-23
406,12,6.7,2017-05-01
3507,40,63.4,2019-02-11
2330,29,91.6,2018-05-28
5344,76,60.4,2019-12-30
1506,8,65.4,2017-10-30
2421,54,28.5,2018-05-28
5298,66,92.4,2019-07-08
402,10,30.6,2017-04-03
5247,22,22.5,2019-07-08
4050,74,85.7,2019-03-11
4176,107,11.8,2019-07-01
863,2,98.1,2017-06-12
978,59,1.3,2017-06-12
5247,19,64.2,2019-07-29
5137,75,27.6,2019-04-29
5168,73,80.7,2019-06-10
4163,65,44.4,2019-06-10
1681,13,61.3,2017-12-04
2702,40,48.9,2018-09-03
2338,29,29.7,2018-06-04
3970,19,76.4,2019-04-22
5292,63,9.9,2019-07-15
1115,28,49.4,2017-09-11
2597,3,26.5,2018-08-06
2445,3,38.0,2018-06-18
5134,75,39.6,2019-07-29
848,27,70.7,2017-07-17
2828,7,9.3,2018-09-17
4977,80,21.8,2019-11-04
762,54,59.4,2017-06-26
4585,35,99.7,2019-08-19
989,20,38.6,2017-06-19
4654,67,29.1,2019-09-23
5133,62,53.0,2019-04-29
960,1,24.0,2017-06-05
4031,33,46.2,2019-03-11
3440,83,26.4,2018-12-24
5339,64,6.1,2019-12-23
3164,21,78.3,2018-10-08
1508,69,64.6,2017-11-27
3489,39,77.9,2018-11-26
2391,30,34.7,2018-05-07
949,6,95.0,2017-06-26
653,43,30.3,2017-07-24
5104,2,31.7,2019-06-03
5339,121,84.8,2019-12-30
3914,31,47.8,2019-04-15
2910,16,50.1,2018-09-24
4170,74,28.5,2019-06-03
3169,46,34.5,2018-09-24
421,46,20.4,2017-04-10
4213,59,59.4,2019-04-29
627,3,34.8,2017-06-26
1671,41,89.2,2017-10-30
130,59,72.9,2017-06-19
1233,64,32.5,2017-10-23
3701,16,86.9,2019-02-18
3864,3,51.3,2019-03-18
471,57,38.6,2017-05-29
3571,13,5.8,2018-12-24
3984,12,60.1,2019-04-01
2436,3,70.8,2018-06-04
615,48,36.0,2017-05-15
1239,69,28.6,2017-09-04
297,49,10.7,2017-02-13
4525,65,35.4,2019-09-30
2118,15,7.8,2018-04-09
4921,47,17.2,2019-11-18
3621,20,9.9,2019-01-07
2296,10,42.8,2018-04-30
1663,47,29.0,2017-12-11
1531,6,42.3,2017-11-20
2399,6,13.4,2018-05-28
996,64,88.4,2017-08-28
3877,80,31.7,2019-04-01
3870,13,78.1,2019-04-08
5212,82,4.6,2019-06-10
4999,96,90.7,2019-10-14
859,4,82.5,2017-06-19
2660,13,65.3,2018-07-30
2541,3,61.0,2018-07-02
3012,49,36.8,2018-10-15
5364,75,1.1,2019-12-30
281,2,54.7,2017-03-13
4493,104,74.4,2019-07-22
5112,23,21.6,2019-05-27
2435,54,21.9,2018-06-04
1417,57,35.8,2017-11-20
3923,35,6.1,2019-04-15
3297,15,64.0,2018-10-29
3785,56,34.0,2019-03-11
5394,12,11.8,2019-11-25
3012,28,40.5,2018-09-10
396,18,11.8,2017-03-06
3214,40,87.8,2019-02-25
837,47,83.8,2017-06-19
866,24,18.8,2017-07-31
4163,93,78.5,2019-06-03
2026,35,42.5,2018-02-12
4851,39,99.3,2019-09-23
5545,68,82.5,2020-02-17
4223,12,30.9,2019-04-29
2421,45,49.7,2018-05-14
2588,49,98.9,2018-06-11
3988,90,62.8,2019-04-08
5466,12,47.2,2019-11-18
3505,79,86.8,2019-01-14
3036,65,73.8,2018-10-08
1780,16,76.4,2017-12-25
5309,39,34.9,2019-07-29
2913,50,18.0,2018-10-29
3388,22,23.7,2018-12-17
1834,41,72.8,2017-12-25
5031,52,63.0,2019-11-11
5233,13,16.4,2019-07-22
2712,31,20.6,2018-07-02
2038,86,2.8,2018-07-16
2614,73,4.7,2018-06-25
5085,81,88.5,2019-05-06
2651,90,53.5,2018-08-13
589,0,54.2,2017-08-21
1167,15,72.9,2017-09-11
4780,19,26.3,2019-10-14
1663,43,20.3,2017-12-11
4277,80,26.1,2019-06-10
2922,79,36.6,2018-09-10
5212,39,54.7,2019-06-17
2149,29,63.9,2018-02-26
3030,66,93.1,2018-09-24
4680,39,25.3,2019-11-11
3719,51,71.4,2019-02-18
2495,12,26.5,2018-07-02
2225,43,96.0,2018-03-26
4775,41,27.7,2019-09-23
977,22,16.0,2017-10-30
3114,47,69.3,2018-10-29
5031,3,86.1,2019-12-16
5332,18,46.5,2019-11-25
1999,28,8.7,2018-04-16
5410,40,48.8,2019-12-16
2296,20,4.9,2018-04-23
5245,4,37.7,2019-08-12
2685,43,12.6,2018-06-18
5318,100,10.4,2019-08-12
545,36,56.3,2017-05-15
4741,93,61.2,2019-09-16
3135,46,14.9,2018-10-08
1530,47,7.2,2017-11-06
3012,10,68.2,2018-11-05
639,29,45.4,2017-05-22
3918,7,81.1,2019-02-18
5311,95,8.9,2019-07-22
1196,9,75.1,2017-09-11
3277,5,32.6,2018-10-15
3109,21,4.9,2018-09-24
941,9,91.6,2017-07-10
5113,2,16.0,2019-06-10
5270,8,58.6,2019-07-15
5458,69,15.1,2019-12-16
5574,41,40.7,2020-02-10
2361,65,59.9,2018-06-25
2407,18,50.3,2018-06-04
1911,64,54.5,2018-01-22
1996,0,24.3,2018-04-02
5421,75,6.9,2019-12-16
5093,57,48.7,2019-04-29
1185,57,21.3,2017-09-18
649,56,54.6,2017-04-10
4976,46,61.7,2019-12-16
4999,21,71.6,2019-10-28
1449,54,80.3,2017-09-25
1730,3,10.7,2018-01-01
5532,90,16.6,2019-12-16
1300,30,79.1,2017-10-23
5432,14,44.1,2019-12-30
4513,31,16.9,2019-08-26
4611,63,23.5,2019-08-19
1936,26,28.7,2018-02-05
2668,4,88.0,2018-06-25
2785,16,41.6,2018-08-27
3908,4,12.9,2019-04-08
4660,35,25.9,2019-09-02
2045,12,27.1,2018-02-19
2168,31,99.5,2018-04-16
2952,77,13.4,2018-09-17
5397,15,36.8,2020-01-13
4335,85,19.1,2019-08-12
3343,10,17.9,2018-10-29
4292,27,60.6,2019-06-17
1612,29,22.0,2018-01-01
3481,5,17.9,2018-12-17
1619,4,4.1,2017-12-04
1310,12,45.7,2017-09-25
4933,19,69.7,2019-11-04
825,20,29.2,2017-06-05
3406,2,15.3,2018-10-29
1090,29,28.8,2017-07-31
5118,50,53.9,2019-04-29
2421,2,33.9,2018-04-23
861,47,75.7,2017-06-12
5577,15,65.2,2020-01-06
2666,68,58.3,2018-07-30
5079,82,29.5,2019-11-11
1979,31,98.8,2018-04-09
4646,63,80.0,2019-09-02
4088,1,33.7,2019-05-13
4132,57,51.6,2019-06-17
943,4,55.4,2017-07-17
3974,32,85.2,2019-03-25
2771,16,73.6,2018-09-17
4212,27,22.8,2019-05-13
1849,6,64.9,2017-12-18
4382,21,84.8,2019-08-19
3333,84,86.6,2018-10-29
3646,41,99.1,2019-01-14
5329,28,18.2,2019-06-03
4744,29,65.6,2019-09-16
4330,36,27.5,2019-08-05
3752,29,46.4,2019-03-04
1664,46,76.0,2018-01-15
5130,74,43.2,2019-07-08
4024,99,36.6,2019-03-11
2828,41,81.3,2018-10-01
1202,24,48.1,2018-01-15
5294,43,29.7,2019-05-27
763,4,41.9,2017-07-10
4026,82,56.2,2019-03-25
2205,60,76.7,2018-05-14
3699,72,68.1,2019-01-28
4211,4,16.8,2019-05-27
4050,40,73.7,2019-05-06
447,19,34.8,2017-04-17
2223,40,81.4,2018-04-09
1023,35,33.6,2017-07-17
5338,36,41.7,2019-10-28
1447,58,62.3,2017-10-30
1908,30,8.8,2018-03-12
3174,40,5.0,2018-09-17
3697,2,13.3,2019-03-04
5192,30,57.9,2019-07-01
5079,89,35.4,2019-11-04
4804,77,99.4,2019-10-28
3870,16,89.2,2019-05-06
1739,19,66.8,2017-11-27
1679,2,5.5,2017-12-25
1411,51,58.6,2017-09-25
3472,65,51.1,2018-11-19
5279,75,40.2,2019-07-01
5125,46,63.1,2019-06-24
861,22,19.5,2017-05-29
585,10,18.9,2017-06-19
828,18,43.4,2017-07-24
4872,1,97.0,2019-10-21
3699,57,63.1,2019-03-11
2663,73,82.9,2018-06-25
941,54,6.3,2017-06-19
3354,31,57.7,2018-12-03
5114,18,38.7,2019-07-15
5038,106,23.3,2019-11-04
3764,29,93.4,2019-03-25
1427,64,97.1,2017-10-09
2508,39,1.4,2018-07-16
4325,85,11.9,2019-06-17
3865,13,43.5,2019-04-15
2410,36,63.0,2018-05-14
1295,42,60.3,2017-10-09
948,21,6.0,2017-07-31
802,42,4.7,2017-05-15
3699,16,34.6,2019-03-11
738,46,5.9,2017-05-29
4280,22,29.6,2019-08-05
2541,29,54.5,2018-07-16
1395,39,54.8,2017-10-02
1382,47,61.2,2017-10-23
2034,12,48.3,2018-03-26
4616,84,30.4,2019-09-23
5247,67,30.2,2019-07-15
2635,31,24.8,2018-08-13
1425,56,87.2,2017-11-06
4717,18,24.7,2019-11-25
1808,18,85.5,2017-12-25
3350,12,76.5,2018-10-22
4325,72,39.2,2019-07-15
4762,88,36.9,2019-12-02
5382,46,46.4,2019-11-25
2998,32,42.1,2018-10-08
3712,30,46.8,2019-02-04
2513,36,78.6,2018-06-11
4105,31,41.4,2019-05-06
1586,61,82.9,2018-01-01
3932,77,6.1,2019-04-01
4844,76,58.7,2019-12-23
3148,6,25.6,2018-09-17
4493,18,40.8,2019-08-26
2925,3,85.7,2018-09-24
877,35,30.6,2017-06-19
4822,30,26.7,2019-11-11
2495,48,79.2,2018-06-04
5368,80,18.4,2019-10-28
1908,18,21.8,2018-01-22
1470,39,34.9,2017-10-30
908,7,84.5,2017-07-24
2593,3,59.7,2018-06-25
1646,73,73.9,2017-12-25
1782,46,5.9,2018-02-05
5247,7,31.7,2019-06-17
1586,62,36.0,2017-11-13
5279,65,83.4,2019-06-10
1280,63,10.2,2017-10-30
4525,67,86.7,2019-09-09
2140,36,70.2,2018-05-21
4074,104,26.0,2019-04-29
1455,68,66.4,2017-10-30
3192,80,59.4,2018-11-05
1619,54,48.0,2017-12-11
4582,89,40.6,2019-09-16
4203,95,55.2,2019-07-08
4362,76,8.4,2019-08-05
5143,53,73.2,2019-07-01
4439,7,6.9,2019-08-19
820,56,41.2,2017-05-22
2624,50,55.1,2018-07-16
2207,57,42.0,2018-03-26
4045,80,61.9,2019-05-06
1574,20,89.4,2017-11-20
4626,89,31.1,2019-09-30
2476,84,55.6,2018-06-18
898,27,53.0,2017-07-10
2471,40,62.4,2018-05-07
258,10,98.9,2017-04-24
4848,100,78.3,2019-09-30
259,47,98.1,2017-04-03
1233,41,95.9,2017-10-16
2668,14,32.7,2018-07-09
4461,12,99.6,2019-08-19
4951,7,97.7,2019-11-18
3123,18,36.1,2018-10-08
5570,47,68.9,2020-01-20
5300,104,14.9,2019-07-29
5485,45,9.5,2020-01-20
1749,12,97.0,2018-02-05
4313,41,90.6,2019-08-12
936,38,66.1,2017-07-10
3011,4,36.8,2018-10-01
5211,22,48.9,2019-06-03
2173,40,18.2,2018-05-07
2594,63,66.7,2018-06-11
4806,90,91.4,2019-10-28
5191,12,7.4,2019-07-01
2169,35,69.6,2018-05-14
2880,51,56.3,2018-08-27
5252,88,48.1,2019-09-02
3915,48,66.4,2019-03-25
1116,54,8.0,2017-08-07
2925,64,5.7,2018-10-01
4212,36,59.7,2019-04-29
5445,49,87.0,2019-12-30
1729,73,31.6,2017-12-11
3758,22,66.2,2019-01-14
1514,57,96.3,2017-11-06
3051,69,88.7,2018-10-01
5099,81,7.4,2019-06-24
2524,68,78.9,2018-07-16
2480,64,51.8,2018-06-18
2043,30,60.8,2018-02-05
5094,15,32.0,2019-05-20
1999,10,26.5,2018-04-09
5162,64,1.6,2019-05-06
5529,46,11.3,2020-02-03
2620,22,59.7,2018-07-02
5316,51,56.1,2019-06-03
1550,19,85.4,2017-11-20
5127,16,37.8,2019-07-08
4215,31,78.2,2019-04-29
3835,80,8.5,2019-01-28
1546,68,9.4,2017-11-27
3271,81,95.3,2018-11-19
4439,28,35.4,2019-09-16
1031,36,47.6,2017-07-17
2491,0,42.0,2018-06-25
2335,5,53.7,2018-04-23
4041,3,64.4,2019-05-13
3497,3,47.9,2018-11-26
4245,48,71.4,2019-08-19
683,15,33.1,2017-07-10
4951,115,2.9,2019-10-14
4165,18,80.0,2019-05-13
1764,13,25.3,2017-12-04
2573,84,15.0,2018-07-02
1572,10,26.3,2017-10-23
2585,39,15.1,2018-06-25
2449,15,18.5,2018-07-02
3846,31,39.2,2019-03-11
783,30,6.6,2017-07-03
5282,90,99.1,2019-07-08
1279,36,8.6,2017-10-02
1032,54,16.4,2017-07-31
1838,46,20.8,2017-12-11
4164,10,29.7,2019-07-08
1520,31,64.3,2017-12-04
4042,29,52.7,2019-05-20
2435,62,72.6,2018-04-30
1617,28,46.8,2017-10-23
4111,29,49.7,2019-04-15
4975,12,30.0,2019-11-25
644,62,76.0,2017-06-12
372,45,48.3,2017-08-21
4763,36,10.5,2019-11-04
3698,82,76.2,2019-01-07
5244,48,55.0,2019-07-29
2403,51,18.3,2018-04-30
758,1,89.5,2017-05-22
2422,56,22.7,2018-07-09
3611,72,65.3,2019-01-14
3213,4,65.6,2018-12-03
1651,59,29.2,2018-01-22
5498,40,92.6,2020-01-13
1448,46,14.9,2017-10-16
2541,48,58.8,2018-05-28
4852,89,65.8,2019-10-14
1535,43,29.2,2017-12-11
782,12,84.3,2017-08-07
5330,56,47.9,2019-07-29
3376,29,55.2,2018-12-10
5356,43,36.0,2019-10-28
5247,56,12.9,2019-06-03
4038,30,36.3,2019-04-22
1154,40,66.5,2017-11-20
3595,20,73.6,2019-01-21
5366,8,35.5,2019-12-02
2566,73,99.8,2018-06-04
703,25,86.5,2017-07-03
1655,36,96.5,2018-01-22
5426,104,87.6,2019-11-18
341,30,31.3,2017-04-10
2659,68,43.1,2018-06-11
2848,9,73.1,2018-08-13
5396,21,3.3,2019-12-09
3487,29,74.6,2018-12-17
3534,65,44.6,2019-01-14
2591,54,14.0,2018-06-18
5563,82,75.7,2019-12-02
2536,79,54.9,2018-07-30
5207,100,35.6,2019-06-10
4272,54,33.2,2019-08-12
1609,10,40.2,2017-11-20
1748,31,53.8,2018-01-08
5547,90,76.5,2019-12-23
1086,65,43.8,2017-07-17
2990,15,13.2,2018-10-15
2585,82,86.3,2018-06-18
4420,69,7.0,2019-09-16
2492,82,80.6,2018-06-18
5117,94,47.5,2019-05-20
3944,41,16.9,2019-02-25
3788,47,83.3,2019-04-15
1780,53,30.2,2018-01-22
1830,41,70.9,2018-01-08
3175,62,12.3,2018-10-22
3154,85,9.6,2018-09-24
5188,10,60.3,2019-06-03
1135,4,40.8,2017-09-11
4907,21,90.8,2019-11-25
848,10,86.5,2017-06-19
4218,46,61.0,2019-06-10
83,20,21.9,2017-03-13
4586,36,75.1,2019-08-19
3750,36,48.8,2019-02-25
5170,45,34.4,2019-05-20
2400,13,91.9,2018-06-04
2585,56,58.8,2018-07-16
5448,30,18.0,2019-11-25
2712,26,92.1,2018-08-20
477,24,25.7,2017-04-24
1671,48,1.3,2017-11-20
4513,64,81.1,2019-09-02
1213,30,89.6,2017-09-25
4853,5,16.4,2019-12-23
839,29,74.8,2017-07-03
5226,49,65.1,2019-05-27
5568,48,22.2,2020-01-13
3266,36,34.4,2018-12-17
3365,36,51.8,2018-11-05
1854,19,88.1,2018-01-29
2365,23,85.1,2018-07-02
847,45,68.3,2017-05-22
2567,47,81.1,2018-05-28
5014,76,45.3,2019-11-11
77,49,97.5,2017-07-24
1208,56,69.6,2017-08-28
5313,31,1.7,2019-07-08
2042,35,40.1,2018-03-19
3749,43,58.8,2019-01-21
3737,49,57.3,2019-01-07
3405,30,82.2,2018-11-05
251,56,79.1,2017-03-13
2460,36,12.5,2018-05-21
2990,61,76.3,2018-10-15
3865,74,84.6,2019-04-15
5497,12,3.3,2020-01-06
5547,69,21.4,2020-01-06
5279,66,14.8,2019-08-05
832,1,7.5,2017-07-24
5093,51,25.7,2019-05-20
4194,45,67.3,2019-06-03
5113,22,77.8,2019-05-06
3932,36,98.8,2019-03-04
4216,76,98.6,2019-07-01
2429,13,76.8,2018-06-18
448,30,72.3,2017-03-13
4538,15,26.9,2019-08-05
612,51,16.8,2017-04-24
2624,69,57.7,2018-06-18
3164,7,65.0,2018-11-05
1512,73,33.8,2017-12-25
2409,53,32.1,2018-06-25
5268,66,19.1,2019-06-10
2020,26,90.3,2018-03-05
988,54,30.1,2017-06-19
1728,54,78.5,2017-11-27
3062,31,78.8,2018-09-17
1717,2,28.2,2018-01-29
3738,59,84.7,2019-03-18
5118,75,73.1,2019-06-24
5286,35,98.9,2019-07-22
5300,64,4.7,2019-08-05
1673,8,75.2,2018-01-22
4797,33,95.7,2019-10-14
1519,46,92.7,2017-12-11
4215,19,67.6,2019-07-01
5473,93,89.9,2020-01-06
956,20,56.9,2017-07-31
5244,8,16.8,2019-05-27
1440,24,7.3,2017-11-20
2403,50,31.8,2018-07-30
4517,65,58.7,2019-09-09
3626,13,24.6,2019-01-07
3193,18,91.5,2018-11-05
3932,13,20.8,2019-04-29
984,36,17.3,2017-06-19
3129,3,43.3,2018-11-12
3546,72,27.8,2018-12-24
4653,29,10.9,2019-09-02
2322,72,63.4,2018-05-07
1342,46,7.1,2017-11-06
329,26,24.9,2017-08-28
1703,2,24.1,2018-01-29
5244,109,28.5,2019-06-03
2463,9,52.4,2018-05-21
4145,2,64.8,2019-04-29
2169,20,53.5,2018-04-16
2647,75,27.6,2018-07-02
5426,93,32.6,2019-12-02
848,19,17.2,2017-05-29
4939,105,5.9,2019-12-09
1416,1,2.6,2017-11-13
1563,56,5.6,2017-11-27
1838,12,83.0,2018-01-01
1397,7,12.6,2017-10-16
1142,63,71.6,2017-08-28
5329,75,79.4,2019-08-05
477,24,85.3,2017-04-03
870,50,77.1,2017-06-05
1465,19,20.9,2017-10-09
1698,0,94.3,2017-11-27
820,33,3.0,2017-05-22
5145,76,18.1,2019-07-08
2185,29,12.6,2018-05-14
4015,42,2.4,2019-04-15
5462,108,94.4,2020-01-13
4896,36,91.1,2019-11-11
625,10,52.1,2017-05-29
3473,43,64.8,2019-01-07
1447,73,33.5,2017-12-11
650,7,33.1,2017-06-19
3914,35,65.3,2019-03-04
5341,89,57.5,2020-01-20
797,19,69.7,2017-05-29
753,27,65.3,2017-07-10
4609,26,8.2,2019-10-14
2581,73,57.0,2018-07-16
3199,72,59.6,2018-10-15
5519,103,11.5,2020-01-13
1190,41,52.2,2017-10-09
3571,15,38.4,2018-12-24
4950,105,1.7,2019-12-23
2913,31,39.5,2018-08-13
2100,42,39.3,2018-03-26
560,32,98.8,2017-06-12
560,19,48.9,2017-03-27
5339,48,67.0,2019-12-16
932,3,5.7,2017-06-12
2402,43,81.0,2018-06-04
4603,28,86.2,2019-09-09
5123,19,7.6,2019-04-29
1072,40,29.5,2017-07-24
745,59,79.7,2017-07-10
3354,51,64.7,2018-10-22
4616,46,43.2,2019-09-23
338,63,18.4,2017-03-27
1671,1,29.7,2018-01-22
5283,75,23.1,2019-07-08
1377,51,11.1,2017-10-16
2332,52,85.1,2018-06-04
753,39,19.2,2017-07-10
4228,15,80.1,2019-05-20
5528,1,57.3,2020-01-06
1849,2,81.8,2018-01-22
3376,18,87.8,2019-01-14
3205,81,79.4,2018-11-05
1665,50,1.6,2017-12-25
4181,48,8.8,2019-05-20
5429,101,37.8,2019-12-30
5195,39,66.7,2019-05-06
2687,47,45.1,2018-07-09
5557,94,70.6,2019-12-09
2502,14,74.3,2018-06-11
1429,20,94.2,2017-11-13
1364,46,80.1,2017-12-04
1932,72,1.6,2018-01-01
4988,30,8.5,2019-12-30
1254,72,2.0,2017-10-09
3246,81,78.7,2018-11-19
825,46,84.6,2017-07-03
5502,19,13.8,2019-12-09
1352,48,33.1,2017-12-04
2585,31,43.3,2018-06-18
1523,27,60.2,2017-12-11
4485,36,5.6,2019-08-05
797,39,61.9,2017-05-08
1574,22,55.1,2017-11-27
1546,15,54.5,2017-12-25
5473,93,38.8,2020-01-20
2248,30,25.7,2018-04-23
3377,36,46.5,2018-12-03
185,17,20.9,2017-07-24
467,35,48.6,2017-05-01
2950,80,78.7,2018-10-29
5244,42,8.6,2019-06-24
3598,30,1.8,2019-02-11
1595,53,42.6,2017-11-20
5079,14,91.3,2019-12-16
2548,79,52.3,2018-07-23
2508,72,46.4,2018-06-25
2936,65,17.6,2018-10-01
3393,43,85.2,2018-11-26
1586,18,83.1,2017-12-25
5130,100,94.0,2019-04-29
328,54,51.9,2017-02-27
4170,64,70.1,2019-07-01
1673,5,98.5,2017-12-11
3395,63,85.0,2018-11-26
1893,0,71.8,2018-02-26
859,61,62.4,2017-05-15
5309,99,51.8,2019-06-10
1358,1,29.3,2017-10-09
2284,60,51.1,2018-05-14
3570,35,34.2,2018-12-03
2488,23,47.1,2018-06-11
2955,53,2.5,2018-09-10
5351,13,77.9,2019-12-02
3527,26,85.4,2019-01-07
4778,105,58.4,2019-12-09
2695,9,59.1,2018-07-23
4216,44,77.7,2019-05-06
4788,10,59.6,2019-11-25
3426,8,66.1,2018-12-03
4710,84,70.1,2019-09-16
2168,86,8.8,2018-06-25
4692,19,27.5,2019-09-30
5162,102,82.2,2019-07-08
1454,15,77.2,2017-11-20
5216,72,26.6,2019-06-24
4247,102,14.2,2019-06-10
5050,53,89.7,2019-10-28
2837,19,80.9,2018-09-03
5309,83,85.3,2019-07-22
796,56,24.0,2017-06-05
4610,19,79.7,2019-09-02
4206,8,98.8,2019-06-10
4608,89,37.5,2019-09-16
1521,46,9.9,2017-10-23
2173,36,59.8,2018-05-21
3618,36,45.9,2019-01-28
5132,104,61.5,2019-05-06
4705,41,86.7,2019-10-28
4436,85,1.8,2019-09-16
3886,12,37.9,2019-04-29
3133,1,78.5,2018-10-08
2143,45,66.9,2018-05-14
5302,43,81.2,2019-05-27
2736,18,1.9,2018-07-09
2987,43,47.2,2018-10-15
5528,30,87.3,2019-12-23
4213,35,15.3,2019-04-15
5336,56,31.0,2019-11-25
5120,41,10.4,2019-05-13
4596,7,90.8,2019-09-02
667,48,8.7,2017-07-24
1533,12,16.8,2018-02-26
2371,68,99.5,2018-04-16
4950,103,71.6,2019-12-09
5147,100,55.7,2019-06-24
1609,68,17.3,2017-10-30
5144,72,65.7,2019-06-17
4208,29,38.9,2019-06-17
2048,7,30.0,2018-04-23
730,0,6.6,2017-05-29
5279,12,24.9,2019-07-29
2075,66,72.2,2018-03-26
4697,67,8.2,2019-11-11
4230,10,43.6,2019-05-06
3762,39,70.4,2019-01-14
5345,22,64.5,2019-11-04
5102,85,51.7,2019-06-03
1599,29,5.6,2017-11-20
3252,3,23.8,2018-11-26
4308,19,11.3,2019-08-26
3760,54,12.0,2019-03-25
1190,36,84.2,2017-09-18
24,20,57.0,2016-12-12
3395,29,3.8,2018-11-05
4033,28,30.6,2019-04-29
3624,18,82.5,2019-01-21
1673,29,36.0,2017-12-25
1822,20,54.3,2018-01-15
2502,28,11.6,2018-05-21
1471,6,38.4,2017-10-09
5393,107,97.6,2019-11-25
4569,88,55.0,2019-10-07
3039,50,47.1,2018-11-12
95,46,77.5,2017-01-30
3398,24,61.9,2018-11-26
4311,56,39.7,2019-08-05
5399,69,10.3,2019-12-30
924,10,92.8,2017-05-29
2144,20,97.5,2018-03-05
2187,27,57.7,2018-04-23
5244,45,60.4,2019-07-08
619,13,6.1,2017-07-31
5113,67,50.8,2019-05-20
4998,0,37.8,2019-12-23
1267,2,17.5,2017-09-11
4170,26,25.1,2019-05-06
2023,26,30.4,2018-02-12
2369,57,60.0,2018-05-21
5464,57,68.4,2019-12-16
4646,73,6.7,2019-09-02
4933,0,28.0,2019-11-11
669,20,90.3,2017-05-29
2659,56,42.4,2018-06-25
2905,82,37.5,2018-10-22
5012,69,66.1,2019-12-30
2902,41,10.2,2018-09-17
2322,22,99.5,2018-05-21
4989,109,15.5,2020-01-13
5397,99,76.3,2020-01-27
3522,43,17.5,2018-12-24
4977,15,84.5,2019-10-21
4022,30,74.8,2019-03-04
5143,12,29.8,2019-04-29
5470,48,7.9,2020-01-27
2020,4,4.7,2018-03-05
1844,17,77.2,2017-12-25
3174,36,44.0,2018-11-19
347,20,7.5,2017-04-03
3738,81,2.9,2019-01-28
4245,104,64.8,2019-06-17
5209,4,33.3,2019-07-29
5223,21,2.9,2019-07-15
312,47,40.6,2017-04-03
5297,81,41.9,2019-08-12
5147,36,94.7,2019-07-01
4763,104,91.6,2019-11-25
4438,88,14.6,2019-08-26
535,20,75.7,2017-05-15
5416,96,12.1,2019-12-23
2268,12,52.8,2018-05-07
3906,73,90.0,2019-02-18
1545,13,29.7,2017-10-02
3316,47,45.7,2018-12-10
1585,40,38.9,2017-10-30
5397,7,49.9,2019-12-16
1657,50,41.1,2017-12-04
649,61,83.6,2017-04-24
3399,80,72.2,2018-11-19
4046,80,88.1,2019-04-15
2005,45,99.5,2018-04-16
5055,22,8.0,2019-12-30
955,3,24.2,2017-08-14
2555,20,80.4,2018-06-04
5000,65,61.2,2019-11-04
1543,28,92.3,2017-11-20
5043,107,46.8,2019-12-02
3439,24,67.0,2018-12-03
4896,84,23.1,2019-10-21
793,52,52.0,2017-07-03
3469,75,28.7,2018-12-31
4024,33,70.4,2019-04-08
2454,5,19.7,2018-06-18
5371,10,85.8,2019-11-11
4703,29,85.3,2019-12-02
5081,20,21.3,2019-06-10
1676,12,56.6,2017-12-18
3933,33,58.2,2019-02-25
4437,102,9.6,2019-09-16
2483,68,45.4,2018-06-25
4122,69,36.2,2019-04-22
4692,50,39.4,2019-09-30
1802,19,25.0,2018-02-12
854,60,45.4,2017-06-05
495,64,99.1,2017-04-17
5500,80,83.9,2020-01-20
2354,18,42.5,2018-05-07
5253,54,37.5,2019-07-22
3240,77,42.6,2018-12-31
1705,35,44.5,2018-01-08
4453,66,75.4,2019-09-02
3566,79,86.2,2019-02-18
1576,30,38.3,2017-10-30
4724,109,34.3,2019-11-04
3388,22,38.8,2018-12-03
3030,80,50.4,2018-10-08
2780,90,32.3,2018-09-24
2641,64,14.6,2018-06-18
347,21,4.7,2017-05-08
5075,20,94.8,2019-12-02
3288,82,9.8,2018-11-12
4165,81,4.1,2019-04-08
5527,43,79.5,2019-12-30
850,20,31.8,2017-06-19
193,56,1.7,2017-02-06
5400,51,43.9,2019-11-18
4933,1,59.4,2019-12-02
3212,43,70.9,2018-09-24
1080,15,90.8,2017-07-24
259,16,69.9,2017-03-06
4462,101,34.9,2019-09-09
4933,99,73.0,2019-10-21
1894,65,82.3,2017-12-18
315,7,15.3,2017-03-27
2791,69,19.1,2018-07-16
5438,3,52.9,2020-01-13
1032,51,5.5,2017-07-24
4442,95,37.6,2019-09-02
344,66,80.0,2017-05-15
2442,79,11.2,2018-07-23
4306,26,63.2,2019-07-22
4312,73,27.4,2019-08-19
1298,55,44.0,2017-11-06
5092,43,15.3,2019-05-20
2691,46,32.7,2018-06-18
3414,20,81.2,2018-12-17
4924,15,50.8,2019-12-16
4031,73,15.0,2019-04-22
1998,59,8.3,2018-04-02
5195,86,71.8,2019-07-29
4375,76,4.9,2019-07-15
5316,77,23.8,2019-07-15
3527,52,17.8,2018-12-10
4292,80,57.8,2019-08-05
4798,2,66.8,2019-11-18
1315,41,39.5,2017-10-16
4338,23,45.5,2019-08-26
1624,24,19.1,2018-01-29
4280,22,54.5,2019-07-29
3202,29,36.5,2018-10-01
5409,72,41.4,2019-12-30
1839,18,27.9,2017-12-04
3376,8,35.4,2018-11-12
4858,56,4.7,2019-09-23
540,10,4.0,2017-07-17
700,43,33.1,2017-06-26
1135,12,28.9,2017-08-14
1510,31,73.1,2017-11-20
1910,30,55.0,2018-02-19
1071,10,62.9,2017-07-24
1419,8,7.8,2017-10-02
1074,54,45.5,2017-07-31
862,49,69.1,2017-05-08
4462,10,20.5,2019-08-19
2614,84,35.6,2018-07-02
2936,18,14.6,2018-10-22
1292,28,33.7,2017-10-09
4808,91,58.3,2019-10-14
73,14,11.5,2017-03-20
5112,18,62.4,2019-05-20
5135,3,64.9,2019-06-10
1403,8,43.5,2017-10-09
2443,21,75.4,2018-04-30
1259,29,43.4,2017-10-16
4594,94,67.2,2019-09-02
1963,68,67.7,2018-04-30
5128,74,66.9,2019-06-03
5309,82,22.1,2019-06-24
3581,42,47.3,2018-12-17
4662,69,43.9,2019-10-21
2393,44,62.7,2018-06-18
2436,61,55.0,2018-07-09
3479,36,95.9,2018-12-10
1802,56,44.1,2017-12-25
2715,62,77.3,2018-07-23
1998,1,61.5,2018-04-02
3603,30,54.2,2019-01-21
4984,30,12.3,2019-10-21
3507,22,14.4,2018-12-10
2048,41,1.6,2018-05-07
791,64,25.9,2017-05-08
3933,46,60.5,2019-03-11
3485,18,80.2,2018-12-03
5113,44,37.7,2019-05-13
913,29,5.0,2017-07-17
4381,53,79.1,2019-08-12
1422,20,48.5,2017-10-23
5323,80,47.5,2019-06-03
3882,99,73.0,2019-02-18
4147,22,7.5,2019-04-29
3929,63,58.1,2019-02-25
653,22,11.0,2017-05-15
2331,3,56.3,2018-05-21
300,7,10.3,2017-07-24
136,0,48.4,2017-08-21
4680,4,38.6,2019-09-30
1493,39,23.2,2017-11-20
5522,65,60.2,2019-12-16
3288,36,48.4,2018-12-31
4844,18,66.9,2019-11-11
477,51,62.1,2017-05-15
1350,46,90.4,2017-10-02
4414,16,79.8,2019-07-15
2813,86,57.4,2018-08-20
5535,22,18.2,2020-02-10
491,63,66.7,2017-07-24
4742,86,6.8,2019-09-16
2399,10,14.0,2018-06-18
2072,12,40.6,2018-02-19
5151,12,44.4,2019-06-10
3558,27,78.9,2018-12-10
4938,13,34.1,2019-11-25
3216,40,63.8,2019-01-14
3544,76,33.3,2019-01-14
3737,43,10.4,2019-02-18
2785,35,10.8,2018-09-03
5549,35,93.1,2020-02-10
5476,46,60.9,2019-12-09
1241,36,40.5,2017-09-11
864,5,55.9,2017-06-19
2265,46,38.4,2018-05-28
2034,14,87.9,2018-02-26
2522,73,44.7,2018-07-30
5317,7,71.0,2019-06-10
4756,15,2.7,2019-12-02
893,18,35.1,2017-05-22
5225,2,34.7,2019-06-03
258,47,92.1,2017-02-27
3175,84,45.7,2018-12-03
692,20,44.1,2017-07-03
2355,63,24.3,2018-05-14
5109,80,43.6,2019-05-13
1691,18,37.7,2018-01-08
4670,59,16.6,2019-09-23
4662,2,21.7,2019-09-16
1932,2,95.0,2018-03-12
1571,72,56.7,2017-12-18
1725,41,16.0,2018-01-29
5376,3,93.7,2019-10-28
5347,30,87.4,2019-12-02
5009,106,82.4,2019-12-30
1937,66,47.8,2018-03-12
3156,46,34.5,2018-10-01
799,12,12.2,2017-06-12
1837,12,48.5,2017-12-04
2174,19,79.8,2018-03-19
4939,4,24.8,2019-11-25
2195,23,15.2,2018-04-16
4891,21,76.1,2019-11-11
4920,88,51.3,2019-12-16
5150,110,58.2,2019-05-06
2072,12,30.3,2018-03-19
5075,35,30.5,2020-01-06
2920,19,29.4,2018-08-20
5353,22,43.7,2019-11-04
2402,40,34.5,2018-05-28
702,10,33.3,2017-06-19
2452,61,41.2,2018-05-21
5109,63,64.9,2019-05-13
176,39,8.3,2017-03-06
4992,56,32.5,2020-01-20
2361,7,37.9,2018-04-16
4173,9,73.2,2019-06-10
457,39,1.5,2017-03-27
5565,69,32.4,2019-12-02
793,48,60.9,2017-06-12
2537,41,31.0,2018-05-21
4680,2,79.9,2019-10-14
4809,99,52.0,2019-09-16
2403,39,44.2,2018-05-21
4381,43,85.1,2019-08-26
281,10,26.1,2017-02-13
2932,12,30.1,2018-09-17
4324,36,80.6,2019-07-29
5066,32,89.5,2020-01-06
3299,19,32.9,2018-10-29
5346,84,78.2,2020-01-06
3522,3,86.4,2018-12-31
1023,47,28.3,2017-07-24
712,11,4.7,2017-06-19
4611,75,35.8,2019-09-09
5180,107,55.4,2019-07-15
1531,32,53.3,2017-11-13
1261,55,46.4,2017-09-04
1644,63,73.5,2017-12-11
3914,73,59.5,2019-03-25
2616,5,45.5,2018-07-02
3440,39,34.6,2018-12-31
2902,56,70.9,2018-08-27
2982,7,89.2,2018-10-08
4723,61,27.5,2019-09-23
825,3,95.4,2017-05-22
4246,28,43.9,2019-08-12
4697,93,25.3,2019-12-02
2425,13,89.5,2018-06-04
3047,81,18.8,2018-09-10
5351,13,1.5,2019-11-25
1207,36,88.3,2017-08-21
1369,56,92.3,2017-09-18
3979,43,89.9,2019-04-15
2828,53,98.9,2018-09-24
3433,81,34.1,2019-01-14
2348,35,15.6,2018-05-21
5300,12,2.8,2019-07-15
2704,24,97.3,2018-08-13
2684,26,61.4,2018-06-18
3923,43,1.1,2019-04-29
2832,18,34.8,2018-09-03
4105,7,19.0,2019-04-01
762,35,32.1,2017-05-01
3330,100,51.9,2018-10-22
4565,41,55.8,2019-09-30
3556,32,41.7,2019-02-11
4251,69,71.1,2019-08-05
4872,59,56.9,2019-11-11
5114,7,55.7,2019-04-22
3250,20,44.2,2018-11-19
1812,28,52.1,2018-01-08
3600,76,79.3,2019-02-18
1223,30,89.4,2017-09-18
2461,12,68.2,2018-07-02
2546,79,43.6,2018-07-16
2967,15,19.4,2018-10-08
5448,96,48.8,2019-12-30
1094,1,44.9,2017-08-21
4547,19,48.3,2019-08-26
1154,41,10.3,2017-07-31
4216,94,96.7,2019-04-22
5510,22,53.7,2020-01-13
1246,36,94.2,2017-11-06
3179,79,93.6,2018-11-19
4534,35,21.7,2019-09-09
3988,3,1.4,2019-04-08
861,14,95.5,2017-07-31
5351,91,9.8,2019-11-04
4260,86,28.9,2019-06-10
5474,18,53.4,2020-01-06
791,41,13.3,2017-05-29
2348,4,42.2,2018-07-02
1112,61,30.1,2017-08-21
2749,54,85.9,2018-08-06
1655,2,38.5,2018-01-08
2104,26,83.4,2018-04-23
380,65,16.7,2017-04-24
2910,2,51.1,2018-09-10
1140,5,79.6,2017-09-11
951,29,35.8,2017-05-29
2403,21,90.6,2018-06-25
4791,12,5.0,2019-10-28
4786,7,5.4,2019-10-28
1949,21,43.3,2018-01-29
4210,24,43.7,2019-07-08
1204,12,70.5,2017-10-16
5339,46,3.8,2019-11-25
3581,0,40.2,2019-01-07
2667,3,74.7,2018-08-06
481,54,80.4,2017-05-08
1267,51,39.9,2017-08-28
1245,53,18.6,2017-10-09
5237,3,34.6,2019-07-08
5179,41,79.4,2019-07-01
2346,45,4.2,2018-04-23
2407,39,92.2,2018-07-02
2995,19,27.0,2018-11-19
915,61,22.6,2017-06-12
2919,15,55.9,2018-09-10
4024,22,1.7,2019-04-08
296,31,13.1,2017-05-08
3963,3,96.1,2019-03-18
408,49,21.9,2017-04-03
5316,14,95.1,2019-07-01
1487,30,83.3,2017-12-11
3505,29,94.0,2018-12-24
1972,19,56.4,2018-03-19
5463,51,32.4,2020-01-20
5224,19,46.7,2019-07-22
2091,75,40.7,2018-04-30
813,56,83.7,2017-05-15
1036,62,54.2,2017-07-31
5146,14,72.0,2019-06-24
1663,38,98.1,2017-12-18
4026,29,83.3,2019-03-11
1514,73,47.0,2017-11-06
5339,68,92.5,2019-11-11
773,3,50.8,2017-06-19
1492,13,45.9,2017-11-13
4942,121,46.6,2019-11-11
4213,80,93.9,2019-05-20
775,36,31.0,2017-05-22
3933,43,36.6,2019-03-25
2107,46,21.4,2018-02-26
1298,16,65.7,2017-10-23
2361,44,4.7,2018-04-30
3776,64,81.3,2019-02-11
3076,52,47.5,2018-10-01
856,19,2.6,2017-06-26
3456,93,8.2,2018-12-10
4641,72,97.0,2019-09-23
1787,69,7.2,2017-12-18
2146,47,86.7,2018-04-30
2599,26,14.8,2018-05-28
4957,115,84.1,2019-12-09
2091,48,79.7,2018-04-02
4021,3,62.8,2019-04-01
4053,69,33.0,2019-03-25
1930,30,7.1,2018-02-19
2491,19,76.1,2018-05-28
5344,18,86.8,2019-11-18
4256,15,69.4,2019-08-05
4585,74,86.8,2019-09-23
3141,46,93.4,2018-10-22
3067,86,64.2,2018-10-15
3162,48,34.5,2018-09-24
4163,7,28.6,2019-05-06
2223,44,27.5,2018-05-14
910,52,79.3,2017-06-05
1739,43,7.3,2017-12-25
333,36,10.4,2017-03-20
4525,3,64.7,2019-08-19
828,20,84.7,2017-05-15
4330,86,78.8,2019-07-15
5097,69,16.1,2019-07-01
1679,21,14.5,2017-12-18
4282,69,21.6,2019-07-01
1058,30,97.1,2017-08-07
1424,36,96.6,2017-10-30
362,63,19.3,2017-02-27
5122,90,10.9,2019-06-17
4921,25,64.3,2019-11-11
3199,64,8.7,2018-11-26
1023,12,14.0,2017-07-10
5532,96,35.5,2020-01-06
4318,30,64.1,2019-07-22
3519,47,35.2,2018-12-24
4724,40,63.1,2019-10-07
864,40,45.6,2017-06-12
5360,19,26.7,2019-11-04
1664,31,12.9,2017-11-13
4356,89,17.7,2019-07-29
4989,4,51.7,2019-12-02
4804,35,30.5,2019-09-23
4184,65,91.2,2019-05-06
2694,30,17.4,2018-07-16
390,39,69.1,2017-04-17
4215,80,18.7,2019-04-29
5218,45,11.7,2019-06-03
4907,73,29.3,2019-10-28
4247,93,22.7,2019-07-22
2241,30,6.9,2018-03-19
4224,36,97.8,2019-04-29
1074,36,85.7,2017-08-21
2587,22,64.8,2018-07-09
840,30,12.1,2017-06-12
2134,65,95.1,2018-05-07
2355,49,64.3,2018-06-04
1646,58,8.8,2017-11-13
3723,19,93.2,2019-02-04
2336,65,53.1,2018-06-25
3397,27,32.3,2018-12-31
3131,46,74.7,2018-10-29
1348,44,56.4,2017-10-23
2031,10,43.8,2018-04-09
821,61,95.3,2017-07-03
3360,35,33.4,2019-01-21
2708,75,67.1,2018-08-27
2700,81,55.5,2018-08-13
811,14,96.6,2017-06-19
2398,36,99.8,2018-05-28
845,20,5.6,2017-07-03
5224,43,56.2,2019-07-15
4603,7,22.1,2019-09-16
5445,35,12.8,2020-01-13
4814,45,71.8,2019-10-21
4631,12,67.2,2019-09-09
4741,61,74.2,2019-10-14
693,65,88.0,2017-05-01
2484,4,82.2,2018-05-21
735,18,83.5,2017-04-24
5161,19,6.8,2019-05-27
5435,13,83.5,2019-12-30
5052,4,31.9,2019-11-18
693,8,30.1,2017-04-17
2497,31,68.2,2018-07-09
2665,77,75.0,2018-06-25
918,63,48.4,2017-06-26
3207,43,16.9,2018-11-19
4646,4,83.2,2019-11-04
814,5,49.4,2017-06-05
4290,20,65.6,2019-07-29
2057,29,97.0,2018-03-19
1072,65,38.9,2017-08-28
4775,81,89.2,2019-10-28
3069,51,47.9,2018-10-22
4950,64,37.8,2019-12-23
4749,41,45.3,2019-10-07
3173,57,52.5,2018-10-29
3604,62,64.2,2019-03-18
2488,77,81.0,2018-07-30
917,10,72.8,2017-06-12
4875,12,67.5,2019-09-30
5234,42,64.8,2019-06-24
3202,38,29.6,2018-10-01
4143,32,75.1,2019-07-15
5004,66,52.5,2019-10-28
890,3,65.8,2017-07-24
4975,1,99.6,2019-10-21
5530,19,12.1,2019-12-30
1076,16,38.5,2017-07-17
2927,19,14.1,2018-10-15
5099,86,50.7,2019-04-15
2952,19,41.6,2018-10-29
2083,36,68.3,2018-03-12
5562,96,34.5,2020-01-27
4944,12,20.3,2019-12-02
4415,19,99.0,2019-07-15
2610,25,72.5,2018-07-16
5401,1,57.5,2019-11-04
2511,2,32.4,2018-06-18
2630,63,21.3,2018-07-09
3330,90,49.5,2018-11-19
3769,29,20.5,2019-02-25
5555,56,20.0,2019-12-02
667,46,47.0,2017-06-19
956,20,14.4,2017-08-07
2343,82,40.4,2018-04-30
1565,12,49.7,2017-11-20
2497,9,91.3,2018-06-18
1508,12,48.8,2017-11-20
3969,20,55.1,2019-03-04
2440,14,34.3,2018-05-28
2189,20,74.0,2018-04-09
4208,90,49.4,2019-06-10
850,4,80.7,2017-07-17
1361,1,51.6,2017-10-16
1077,7,26.1,2017-08-14
3996,15,67.5,2019-04-01
5339,105,87.6,2019-11-04
2560,72,18.5,2018-07-23
4950,7,80.7,2019-10-07
1738,30,39.3,2017-12-18
3404,5,69.9,2019-01-07
5253,21,28.4,2019-05-27
664,42,88.4,2017-07-03
3536,7,27.6,2019-01-07
5468,108,65.8,2019-12-23
5166,53,2.1,2019-07-22
4031,82,4.9,2019-04-08
4982,61,86.2,2019-10-21
4427,18,48.6,2019-09-09
3359,12,81.4,2019-01-14
5124,35,25.9,2019-06-24
3190,53,89.7,2018-09-24
4723,49,1.8,2019-10-28
4844,106,56.4,2019-10-21
130,30,87.8,2017-07-24
2986,16,86.3,2018-09-10
742,43,52.1,2017-07-17
774,6,44.3,2017-06-26
5253,35,9.7,2019-06-24
1727,16,76.3,2017-12-11
2174,26,51.2,2018-04-23
1493,29,32.5,2017-11-06
3159,4,20.2,2018-11-19
4440,56,94.3,2019-08-26
2978,7,25.7,2018-09-24
1660,7,94.1,2017-12-25
1269,46,7.4,2017-11-13
2319,10,10.9,2018-05-07
4216,29,92.8,2019-06-03
762,57,65.0,2017-06-12
1279,29,24.5,2017-09-11
3882,18,83.7,2019-04-22
4655,13,84.4,2019-09-30
646,27,5.1,2017-05-08
3390,13,53.3,2018-12-10
2194,19,94.8,2018-05-28
1298,46,47.0,2017-10-02
2361,14,46.2,2018-05-21
4450,7,57.4,2019-07-22
757,60,58.3,2017-05-01
4019,39,88.5,2019-04-22
776,22,65.5,2017-07-24
2052,8,91.8,2018-02-12
2613,22,34.3,2018-07-16
5396,30,93.5,2019-12-09
4986,61,46.6,2019-12-09
2358,51,93.7,2018-05-14
2653,8,43.1,2018-07-09
4462,24,44.0,2019-08-12
2954,15,28.8,2018-09-10
1637,65,23.0,2017-12-25
1135,50,31.4,2017-10-02
4215,109,69.3,2019-05-20
1605,68,24.2,2017-12-25
915,1,49.6,2017-06-05
4178,84,21.5,2019-06-17
74,6,59.3,2017-01-09
5542,81,91.2,2019-12-23
4802,22,4.9,2019-09-16
1004,29,4.1,2017-07-03
4680,39,13.8,2019-10-21
3762,48,44.0,2019-02-25
1347,30,97.0,2017-09-04
4931,30,77.1,2019-10-07
5562,2,61.5,2019-12-23
2140,26,75.0,2018-03-19
4217,68,2.1,2019-06-17
4222,99,37.5,2019-07-08
1921,51,23.2,2017-12-25
5171,29,71.8,2019-04-29
2598,49,94.4,2018-05-28
4211,4,62.0,2019-07-01
4917,45,62.6,2019-11-11
2149,69,43.8,2018-03-05
3322,72,99.9,2018-11-26
4762,12,5.0,2019-11-04
1559,4,63.7,2017-12-25
2910,12,78.4,2018-08-20
5066,84,85.9,2019-12-09
5072,48,96.1,2019-12-30
5394,18,83.9,2019-11-25
1313,15,71.5,2017-10-16
4293,12,5.3,2019-06-10
5392,75,12.7,2019-11-11
1514,35,57.6,2017-12-25
5329,8,33.9,2019-07-08
3240,20,33.1,2018-10-29
1527,15,47.0,2017-11-20
2553,36,18.1,2018-05-28
868,46,94.0,2017-06-26
2255,42,37.5,2018-04-23
258,9,52.2,2017-03-20
2083,65,56.4,2018-04-02
4646,22,60.3,2019-10-21
4015,79,39.7,2019-03-25
5194,80,81.9,2019-05-27
4043,40,72.9,2019-05-27
5441,99,35.1,2019-12-23
3123,26,39.7,2018-10-01
936,46,84.4,2017-07-24
2436,3,18.0,2018-05-14
3918,36,72.7,2019-04-08
2399,77,49.6,2018-08-06
2704,69,55.9,2018-08-06
773,5,16.9,2017-05-29
1440,64,60.3,2017-11-20
1643,31,10.5,2017-12-04
4203,47,67.5,2019-05-20
2289,35,97.6,2018-03-26
1547,58,53.8,2017-11-13
1252,41,85.0,2017-09-25
2141,64,24.9,2018-03-12
3388,45,85.1,2018-12-31
2859,40,61.3,2018-08-27
3200,69,1.8,2018-10-22
5043,105,47.5,2019-12-16
5196,43,89.2,2019-07-08
3595,41,62.2,2019-01-28
2321,69,95.2,2018-04-09
2442,63,45.6,2018-07-02
2929,19,34.6,2018-09-03
336,3,29.7,2017-03-20
2010,59,34.1,2018-03-19
5548,31,66.8,2019-12-09
910,13,5.0,2017-07-10
3322,24,49.1,2018-11-26
5391,51,26.8,2019-11-04
5526,1,38.0,2019-11-18
5480,32,70.3,2019-12-02
3086,30,82.6,2018-11-19
1245,13,72.4,2017-10-09
2263,24,31.8,2018-04-30
5050,80,17.7,2020-02-17
918,52,75.8,2017-07-03
2519,13,67.6,2018-07-16
866,4,71.5,2017-06-19
5452,63,3.8,2019-11-11
1256,19,72.2,2017-10-09
2494,4,96.4,2018-05-28
877,54,61.9,2017-06-19
2463,23,60.6,2018-07-30
5142,19,35.7,2019-06-10
791,10,41.6,2017-05-22
3484,9,34.1,2018-11-26
1508,68,45.8,2017-12-04
1756,15,59.0,2018-02-12
967,3,91.9,2017-07-31
3543,72,96.3,2018-12-17
3932,76,72.7,2019-03-25
5293,3,24.0,2019-06-03
1663,29,70.0,2017-12-11
2250,41,69.7,2018-04-16
1824,30,70.7,2018-01-22
2981,47,63.0,2018-09-10
4181,100,59.8,2019-04-15
943,14,88.2,2017-09-04
518,19,44.8,2017-05-29
4725,13,26.4,2019-10-07
253,9,85.2,2017-03-27
4829,52,52.7,2019-10-21
2683,12,30.2,2018-06-25
927,44,73.3,2017-07-17
2191,39,99.0,2018-03-19
4939,108,72.7,2019-12-30
1927,4,24.8,2018-02-12
5024,29,89.3,2019-12-02
3187,60,33.4,2018-10-15
380,48,14.9,2017-02-27
2383,56,62.7,2018-04-23
1196,15,84.3,2017-10-23
3738,20,72.8,2019-02-11
4249,12,97.8,2019-05-27
709,33,46.5,2017-07-31
3787,12,13.3,2019-03-04
2338,30,59.4,2018-04-23
2908,75,40.9,2018-10-22
5329,38,5.9,2019-07-29
3638,36,54.5,2019-01-28
4226,31,60.3,2019-05-06
4857,65,18.6,2019-12-02
3974,29,49.4,2019-04-01
2295,47,28.4,2018-04-16
4745,69,37.1,2019-10-07
888,39,82.9,2017-07-17
772,66,30.4,2017-06-26
942,44,35.6,2017-06-19
1513,17,44.7,2017-11-27
3319,54,71.0,2018-12-17
4961,12,76.7,2019-11-25
3976,32,93.9,2019-05-27
2409,69,83.9,2018-04-30
1423,22,71.9,2017-09-25
2294,51,4.7,2018-05-07
5329,65,85.7,2019-07-15
2476,44,73.6,2018-06-11
1606,68,1.1,2017-12-25
1801,60,99.0,2018-03-05
4095,12,13.1,2019-05-06
3376,35,76.2,2018-12-31
4906,8,58.8,2019-11-04
4056,45,97.4,2019-05-27
2266,43,87.0,2018-04-16
1865,9,10.1,2018-01-22
4049,38,78.6,2019-05-13
3199,75,62.0,2018-11-26
2490,54,48.9,2018-07-02
1605,7,53.1,2017-11-20
3149,61,14.5,2018-10-22
1261,46,90.8,2017-10-23
4972,90,93.4,2019-11-18
2113,43,38.7,2018-05-28
4732,85,30.4,2019-10-21
2401,86,75.7,2018-07-23
3342,48,83.7,2018-11-12
2126,12,65.4,2018-04-09
4223,30,94.5,2019-04-29
4745,82,47.7,2019-10-14
5522,36,53.5,2019-11-25
4291,19,60.2,2019-07-29
1693,43,63.7,2017-12-11
1364,18,30.5,2017-10-02
5538,2,12.7,2020-01-13
180,64,39.5,2017-08-14
3074,9,44.1,2018-12-10
5085,18,15.6,2019-04-15
3454,39,60.7,2019-01-07
966,5,59.6,2017-07-31
1707,18,27.8,2018-01-01
4985,104,3.0,2019-12-30
891,16,51.9,2017-06-12
5528,73,46.6,2019-12-30
4603,7,28.8,2019-09-02
1246,40,65.4,2017-11-13
3172,5,99.9,2018-11-12
1937,28,79.6,2018-03-26
5031,47,75.6,2019-12-16
5404,85,36.0,2019-12-02
639,7,52.7,2017-06-12
1508,0,58.2,2017-10-09
5208,19,45.7,2019-06-10
3297,36,30.7,2018-12-17
1610,40,62.4,2017-10-30
1493,9,48.8,2017-12-11
5416,41,99.3,2019-11-04
3686,13,53.7,2019-03-25
5049,10,95.2,2019-12-09
5185,53,13.2,2019-05-06
3390,16,72.5,2018-12-31
5370,16,66.0,2020-02-03
1196,17,14.5,2017-10-30
3389,29,22.8,2019-01-21
5558,18,88.9,2020-01-20
2333,7,2.9,2018-05-28
4420,89,79.7,2019-08-12
4607,22,95.8,2019-10-07
2200,82,3.9,2018-04-23
4177,4,13.3,2019-06-17
4618,36,59.3,2019-09-16
2162,51,29.1,2018-04-16
2550,31,80.0,2018-05-21
3159,80,48.5,2018-09-17
3130,18,15.4,2018-10-01
2403,30,64.0,2018-06-11
1673,2,66.2,2017-11-27
3933,25,54.8,2019-04-08
4258,47,89.7,2019-08-05
3200,20,68.9,2018-10-15
1150,26,58.9,2017-09-18
2527,45,80.2,2018-07-02
4596,80,94.4,2019-08-26
3839,18,66.3,2019-03-25
3507,12,39.3,2018-12-03
4847,30,91.6,2019-11-11
4216,81,86.2,2019-04-22
2383,19,97.9,2018-05-14
3404,85,30.6,2019-01-14
259,20,49.5,2017-04-17
686,10,59.2,2017-05-15
4757,13,22.8,2019-09-23
3323,15,39.0,2018-12-31
2982,52,50.8,2018-09-17
2268,69,1.4,2018-04-02
3499,30,16.8,2018-11-19
2324,8,30.9,2018-04-30
2524,41,43.8,2018-05-14
471,31,28.7,2017-06-12
1425,31,24.6,2017-10-16
5043,8,38.9,2019-10-21
2642,64,73.6,2018-07-23
2393,52,95.1,2018-06-18
4680,20,3.3,2019-10-14
5416,48,49.8,2019-11-25
2352,5,96.9,2018-06-25
4227,110,10.4,2019-04-15
3894,24,6.7,2019-04-08
1779,66,30.3,2018-02-12
2575,16,64.3,2018-07-30
3598,18,24.1,2019-01-07
4850,29,5.4,2019-11-25
1736,36,39.6,2017-11-27
4126,107,25.6,2019-05-20
5015,99,67.0,2019-10-21
5137,50,49.6,2019-06-03
4214,16,85.1,2019-04-29
5036,3,19.2,2019-11-04
2635,24,7.3,2018-07-02
5462,69,68.7,2020-01-06
2216,12,13.8,2018-04-09
2157,19,98.3,2018-03-19
2398,23,74.0,2018-06-25
3521,64,5.6,2019-01-21
257,30,11.7,2017-03-06
1254,26,88.5,2017-10-09
1976,19,52.0,2018-02-05
2398,6,7.5,2018-05-21
4788,20,11.2,2019-09-23
3039,15,90.6,2018-12-10
2998,51,38.7,2018-09-03
4933,23,22.0,2019-12-09
5334,86,86.6,2020-01-06
4313,52,83.3,2019-07-22
5433,18,46.2,2019-11-11
4362,20,38.4,2019-07-29
702,63,49.8,2017-05-01
3397,40,24.6,2019-01-07
5335,19,11.3,2020-01-06
2004,31,31.4,2018-04-16
3592,22,18.9,2019-01-07
516,28,61.8,2017-03-20
462,64,16.4,2017-09-18
1866,46,75.9,2018-02-05
5322,33,88.0,2019-07-29
2546,82,27.8,2018-07-09
3106,22,15.9,2018-12-03
5220,44,48.5,2019-07-15
2034,31,41.5,2018-03-05
253,14,12.7,2017-04-24
2215,18,3.2,2018-04-23
5381,105,53.0,2019-12-23
2354,31,66.1,2018-06-18
3159,49,80.7,2018-10-08
5264,30,23.1,2019-06-10
388,56,62.1,2017-03-20
2168,4,23.9,2018-05-28
4221,23,41.6,2019-06-10
2454,7,54.6,2018-06-25
640,28,47.1,2017-07-03
1361,18,48.6,2017-10-09
3474,30,31.8,2019-02-11
2409,13,34.3,2018-06-11
4230,31,82.5,2019-04-29
4763,107,26.8,2019-09-30
5277,18,11.7,2019-06-17
316,28,96.9,2017-04-03
1412,41,10.9,2017-10-30
3384,10,28.0,2018-11-12
3701,81,20.4,2019-03-11
4872,56,58.8,2019-11-18
1608,55,20.8,2017-10-30
1314,30,66.9,2017-10-09
5519,46,19.1,2020-01-06
5262,110,43.3,2019-07-01
2010,62,83.0,2018-02-26
4202,74,96.6,2019-04-29
5553,12,31.2,2019-12-16
4748,106,30.7,2019-10-07
2800,36,78.6,2018-08-06
4358,10,63.9,2019-06-24
5079,67,2.3,2020-01-06
4807,74,73.7,2019-10-07
3928,75,79.9,2019-03-18
4135,94,30.5,2019-05-27
2205,4,13.5,2018-03-26
2514,0,45.0,2018-06-04
2320,66,75.0,2018-05-07
837,62,90.2,2017-05-22
5246,107,78.4,2019-07-29
1705,18,37.1,2017-12-18
1168,20,12.0,2017-09-25
2824,31,32.8,2018-08-13
4985,12,74.3,2019-11-11
2755,3,85.0,2018-08-27
4215,84,90.7,2019-05-27
3950,41,88.5,2019-03-25
563,36,66.8,2017-04-24
4921,84,82.5,2019-10-28
5175,85,15.8,2019-06-17
3360,15,16.2,2018-12-24
4512,52,6.8,2019-09-16
2641,1,72.2,2018-07-09
5179,2,27.7,2019-07-15
745,36,43.0,2017-06-05
3719,1,85.8,2019-02-18
508,46,54.2,2017-04-24
2342,42,90.6,2018-06-04
4342,47,75.9,2019-07-15
2250,46,41.9,2018-05-28
2652,20,19.3,2018-06-11
1590,29,3.6,2017-10-23
5270,53,17.1,2019-05-27
4046,41,7.4,2019-04-29
5162,75,31.2,2019-06-24
2486,57,81.1,2018-06-04
5536,4,92.1,2019-12-09
1822,26,53.9,2018-02-12
297,43,2.5,2017-03-20
5097,86,7.1,2019-05-13
1780,43,93.8,2018-01-08
4029,100,62.1,2019-04-15
3527,65,41.6,2019-02-04
3769,0,85.5,2019-03-18
4613,18,74.4,2019-09-09
1095,42,30.6,2017-09-04
3172,43,95.8,2018-11-05
3058,15,94.3,2018-11-12
3714,19,62.8,2019-02-11
4414,52,10.1,2019-09-02
1633,36,61.5,2017-12-11
4327,88,56.4,2019-07-08
320,0,87.3,2017-03-06
3743,36,76.1,2019-02-18
850,24,85.0,2017-07-24
1844,3,64.2,2018-01-08
3310,5,46.5,2019-01-07
2494,4,86.0,2018-08-06
2454,19,77.0,2018-05-14
1611,22,16.6,2017-12-11
4310,79,9.4,2019-07-22
341,46,54.1,2017-03-06
2568,31,29.0,2018-07-30
1864,56,58.4,2018-02-05
669,5,67.0,2017-04-10
4891,19,7.0,2019-11-25
3316,43,10.9,2018-11-26
1380,0,72.8,2017-10-09
815,37,35.4,2017-06-05
2531,53,16.2,2018-07-16
649,5,28.6,2017-05-01
4985,5,19.3,2019-10-14
4771,13,8.9,2019-11-25
683,17,11.7,2017-07-31
5182,69,19.3,2019-05-20
1743,9,19.3,2017-11-27
2361,9,92.5,2018-04-09
1395,12,22.5,2017-09-18
3511,27,42.3,2018-12-24
4554,76,1.6,2019-08-05
946,37,45.5,2017-06-12
3315,72,43.3,2018-10-29
3360,83,14.2,2019-01-21
4611,84,23.3,2019-09-16
2725,20,8.5,2018-06-25
2578,20,36.9,2018-06-25
488,30,79.5,2017-04-10
5394,121,13.1,2019-12-30
2295,9,43.2,2018-04-30
5124,82,45.4,2019-07-01
2398,28,21.7,2018-05-28
4720,46,74.3,2019-10-07
3505,6,93.9,2019-01-07
4596,76,64.7,2019-09-09
3508,19,34.5,2019-02-04
4564,20,10.1,2019-10-14
4869,110,16.8,2019-09-23
5450,12,20.5,2019-12-02
2508,38,32.1,2018-07-30
5484,99,13.4,2019-12-23
3317,19,10.4,2018-10-29
4587,82,51.9,2019-09-09
2982,15,42.8,2018-10-08
4222,5,90.8,2019-06-10
876,19,72.0,2017-07-10
3981,86,58.4,2019-03-04
1798,36,38.3,2018-01-08
5250,2,98.3,2019-08-05
3575,90,95.6,2019-01-14
4041,20,34.6,2019-05-13
3649,19,44.9,2018-12-17
4525,64,24.6,2019-09-02
3635,80,73.3,2019-01-21
2409,63,67.6,2018-06-18
3054,46,65.1,2018-10-29
1032,46,19.2,2017-08-21
5234,65,66.7,2019-05-20
5085,33,57.7,2019-04-15
901,30,80.9,2017-07-24
615,64,45.4,2017-04-24
5124,53,51.3,2019-06-24
4985,81,98.2,2019-12-30
639,53,82.8,2017-06-05
2383,23,80.8,2018-07-16
5459,65,34.9,2019-12-16
3489,29,20.8,2018-12-24
1057,54,24.7,2017-08-21
5342,69,47.4,2019-12-23
3173,90,78.4,2018-10-08
5093,84,78.7,2019-07-01
1955,69,96.1,2018-02-19
3029,99,67.5,2018-10-22
2772,3,67.4,2018-08-13
4849,72,77.8,2019-11-11
1009,18,46.4,2017-07-17
5375,81,6.8,2019-11-25
5001,53,73.2,2019-11-25
4164,35,18.2,2019-04-08
1173,56,14.1,2017-09-18
230,46,4.6,2017-05-01
4913,105,50.4,2019-11-04
1658,26,80.7,2017-12-11
1447,40,45.0,2017-12-11
490,45,73.1,2017-07-17
3262,86,52.9,2018-10-22
4104,12,18.7,2019-04-29
1038,36,8.4,2017-07-24
1352,49,22.6,2017-11-20
5031,89,21.4,2019-12-09
2739,68,47.5,2018-07-16
4180,19,31.4,2019-06-17
3354,31,82.9,2018-11-19
2130,0,90.3,2018-04-23
5134,3,2.9,2019-05-06
1637,68,82.5,2018-01-01
3979,73,26.8,2019-03-11
2626,8,34.8,2018-06-25
795,19,35.3,2017-07-10
4478,100,64.9,2019-10-07
5510,101,86.5,2019-12-30
4255,73,7.1,2019-06-10
5538,79,69.2,2020-01-13
3047,68,97.6,2018-10-01
4692,80,68.5,2019-09-09
2856,66,28.2,2018-07-30
5342,16,35.1,2019-10-28
2421,22,72.3,2018-06-25
4312,67,62.6,2019-07-29
4016,36,40.3,2019-05-06
3686,9,38.7,2019-02-11
2670,36,78.1,2018-07-02
3522,43,35.7,2018-12-17
3162,49,73.9,2018-11-19
262,13,61.9,2017-03-13
2709,19,3.9,2018-07-02
804,32,36.3,2017-08-21
1550,5,90.6,2017-10-16
4956,57,18.6,2019-11-25
5068,30,32.4,2019-11-18
4655,61,54.8,2019-09-23
5295,42,68.0,2019-07-08
3489,100,71.6,2018-11-19
2521,61,83.2,2018-06-04
4977,93,56.2,2019-11-25
4933,89,86.5,2019-11-11
4857,36,13.4,2019-11-04
5133,102,43.6,2019-05-27
1355,16,24.4,2017-10-16
1587,29,95.6,2017-10-23
1216,36,31.7,2017-09-11
2036,21,78.6,2018-04-09
793,36,38.3,2017-05-29
512,13,32.5,2017-03-27
3880,12,72.9,2019-03-04
1996,53,26.0,2018-02-05
2652,9,6.0,2018-07-23
1466,68,18.3,2017-11-06
4804,20,18.6,2019-10-14
5143,74,66.4,2019-06-03
4684,19,67.1,2019-12-30
3562,16,9.1,2019-01-14
1875,20,63.5,2017-12-25
2399,46,43.7,2018-05-21
2841,1,96.0,2018-08-27
4587,100,80.6,2019-11-04
2074,41,2.6,2018-02-26
4445,84,92.7,2019-07-15
2832,14,77.3,2018-09-24
5131,12,3.1,2019-04-22
1928,13,2.1,2018-01-08
5338,13,12.2,2019-11-25
5175,85,46.0,2019-06-24
1637,11,25.3,2017-12-11
4377,7,64.3,2019-06-24
2004,29,99.8,2018-04-16
4781,56,31.8,2019-10-21
3081,41,65.6,2018-10-08
5419,46,48.8,2019-11-11
1505,9,76.8,2017-12-04
4798,43,42.8,2019-12-09
4230,86,54.9,2019-04-08
5442,33,66.8,2019-12-09
3222,19,17.7,2019-01-14
3904,12,13.1,2019-03-11
3634,75,40.2,2019-01-21
2497,79,86.6,2018-06-04
2393,49,65.9,2018-06-25
2175,68,10.1,2018-03-12
3487,1,29.1,2019-01-14
2602,14,49.4,2018-05-28
3190,15,58.3,2018-10-29
1531,18,55.4,2017-10-23
1902,54,81.6,2018-01-22
3247,75,24.9,2018-12-03
627,46,61.4,2017-05-01
5093,12,93.3,2019-05-20
5255,32,23.6,2019-07-01
2227,75,9.3,2018-03-19
2980,63,26.3,2018-09-03
1018,37,97.4,2017-08-28
1259,20,41.6,2017-10-16
5125,83,64.4,2019-04-29
2461,16,92.4,2018-06-11
390,40,16.8,2017-03-06
909,41,51.7,2017-06-19
5097,63,7.9,2019-04-29
2982,85,43.8,2018-10-29
649,5,90.2,2017-04-10
2954,7,98.0,2018-11-05
3439,48,14.4,2018-12-31
2586,29,96.0,2018-05-28
4656,68,19.5,2019-09-30
5162,33,46.1,2019-06-17
5062,39,59.0,2019-12-09
1512,66,31.2,2017-11-27
2510,26,37.7,2018-08-20
1080,37,22.4,2017-08-21
4223,32,59.0,2019-06-03
2642,5,81.7,2018-07-16
1673,62,69.2,2017-11-20
4486,64,25.4,2019-09-23
2401,4,46.8,2018-04-30
4443,110,59.4,2019-08-26
1996,3,14.8,2018-03-26
232,30,53.9,2017-02-27
5562,106,65.1,2019-12-09
2368,79,9.4,2018-08-20
866,64,24.2,2017-07-10
5538,75,16.7,2019-12-30
3122,41,51.1,2018-09-24
3012,53,57.6,2018-10-29
3283,18,28.5,2018-12-31
2250,47,18.7,2018-04-23
3589,22,13.1,2018-12-10
3635,80,25.9,2019-02-18
1947,29,68.4,2018-04-02
3332,62,95.2,2018-11-26
5015,29,54.8,2019-10-21
5220,77,39.0,2019-05-13
1235,32,14.3,2017-09-18
1765,2,84.2,2017-12-18
2187,18,10.4,2018-04-23
3571,9,40.2,2018-12-17
4143,66,11.6,2019-07-29
5103,36,12.8,2019-07-01
2945,13,13.4,2018-10-29
