product_id,category,fabric,color
5,long sleeve,acrylic,grey
2,long sleeve,acrylic,violet
9,culottes,scuba crepe,yellow
8,long sleeve,acrylic,green
16,printed shirt,tulle,yellow
11,short sleeves,angora,green
4,long sleeve,acrylic,yellow
12,long sleeve,acrylic,brown
7,long sleeve,acrylic,brown
18,short cardigan,angora,yellow
19,short cardigan,angora,red
38,short coat,faux leather,black
21,long sleeve,acrylic,grey
17,short sleeves,angora,red
23,miniskirt,faux leather,black
3,culottes,scuba crepe,blue
37,sheath dress,scuba crepe,black
15,short sleeves,angora,yellow
6,long sleeve,acrylic,grey
10,miniskirt,tulle,black
31,short sleeves,georgette,black
1,long sleeve,acrylic,violet
13,long sleeve,acrylic,green
22,long sleeve,acrylic,grey
58,long sleeve,faux leather,black
55,culottes,scuba crepe,grey
53,long sleeve,fur,black
24,short sleeves,angora,green
35,culottes,crepe,black
56,culottes,scuba crepe,black
36,long sleeve,tulle,black
48,medium coat,crepe,black
28,solid color top,tulle,yellow
29,solid color top,tulle,black
44,solid color top,tulle,black
45,solid color top,tulle,violet
61,long dress,tulle,black
52,short sleeves,tulle,yellow
27,short sleeves,angora,red
51,long dress,silky satin,black
68,short coat,faux leather,red
69,long dress,silky satin,red
46,culottes,satin cotton,black
60,culottes,scuba crepe,black
73,sleeveless,lace,black
62,long sleeve,crepe,black
72,sheath dress,lace,black
67,short coat,faux leather,black
87,culottes,cotton,grey
94,culottes,cotton,green
75,culottes,cotton,red
128,sleeveless,nice,black
112,long sleeve,nice,brown
113,long sleeve,nice,black
84,culottes,scuba crepe,black
107,culottes,scuba crepe,black
82,short sleeves,lace,black
99,trapeze dress,scuba crepe,green
95,short sleeves,lace,green
100,long sleeve,acrylic,brown
74,culottes,cotton,black
117,culottes,jacquard,black
81,culottes,georgette,black
76,long sleeve,georgette,black
111,short coat,faux leather,brown
102,culottes,bengaline,black
83,long sleeve,nice,green
104,long sleeve,nice,black
118,long sleeve,scuba crepe,black
116,long sleeve,plush,grey
127,long sleeve,scuba crepe,grey
80,short sleeves,nice,black
86,solid color top,lurex,grey
137,solid color top,georgette,black
141,culottes,jacquard,brown
114,long sleeve,acrylic,grey
146,doll dress,scuba crepe,black
91,long sleeve,nice,yellow
142,solid color top,georgette,violet
106,culottes,crepe,black
140,long sleeve,georgette,yellow
139,solid color top,matte jersey,white
149,miniskirt,technical,black
135,long sleeve,technical,black
97,sleeveless,nice,brown
155,sheath dress,technical,black
90,long sleeve,georgette,white
126,solid color top,matte jersey,black
132,culottes,technical,black
134,short sleeves,georgette,white
115,sleeveless,crepe,black
143,long sleeve,georgette,green
129,solid color top,acrylic,black
133,solid color top,acrylic,grey
138,sleeveless,scuba crepe,brown
153,sleeveless,scuba crepe,yellow
195,solid color top,angora,grey
174,culottes,light jeans,blue
89,sleeveless,lace,black
152,solid color top,matte jersey,blue
181,printed shirt,georgette,white
165,culottes,bengaline,black
193,patterned top,angora,violet
198,solid color top,angora,green
184,short coat,faux leather,black
200,solid color top,matte jersey,red
171,solid color top,matte jersey,blue
169,culottes,jacquard,grey
150,solid color top,georgette,green
159,solid color top,matte jersey,black
175,printed shirt,georgette,white
163,solid color top,matte jersey,red
164,trapeze dress,cady,black
148,short coat,faux leather,black
177,printed shirt,matte jersey,white
183,printed shirt,matte jersey,black
179,solid color top,matte jersey,black
188,culottes,dark jeans,blue
190,long sleeve,cady,black
166,culottes,dark jeans,blue
196,culottes,dark jeans,blue
121,short coat,faux leather,black
215,printed shirt,matte jersey,black
156,printed shirt,plush,black
178,long sleeve,acrylic,blue
203,long sleeve,cotton,blue
172,long sleeve,cotton,white
207,printed shirt,plush,grey
262,long dress,georgette,black
232,long sleeve,georgette,blue
234,sheath dress,ity,black
186,solid color top,georgette,white
219,culottes,light jeans,blue
220,culottes,plush,black
259,long sleeve,webbing,green
120,culottes,bengaline,blue
209,solid color top,matte jersey,blue
270,long sleeve,webbing,white
230,short coat,faux leather,black
244,culottes,polyviscous,black
144,jumpsuit,scuba crepe,black
249,long sleeve,jacquard,grey
258,short coat,faux leather,blue
240,long sleeve,cotton,black
124,jumpsuit,scuba crepe,black
226,short coat,faux leather,green
253,jumpsuit,polyviscous,black
241,long sleeve,cotton,white
231,long sleeve,cotton,blue
247,long sleeve,lurex,yellow
233,long sleeve,georgette,white
218,culottes,plush,grey
223,long sleeve,georgette,green
263,long sleeve,cotton,white
239,patterned top,lurex,red
267,patterned top,lurex,yellow
245,patterned top,lurex,yellow
213,long sleeve,cady,black
237,sheath dress,lurex,red
221,long sleeve,cotton,yellow
168,printed shirt,matte jersey,green
255,long sleeve,georgette,white
192,solid color top,matte jersey,black
277,short sleeves,lace,green
154,solid color top,matte jersey,red
206,long sleeve,cotton,black
261,sleeveless,lace,brown
252,sheath dress,plisse,green
194,patterned top,angora,yellow
273,long sleeve,faux leather,brown
275,short sleeves,lace,brown
268,long sleeve,faux leather,violet
235,doll dress,lace,brown
297,long sleeve,faux leather,black
136,trapeze dress,crepe,black
315,short coat,foam rubber,blue
304,doll dress,lace,brown
191,sheath dress,cady,brown
295,short coat,foam rubber,red
303,short coat,foam rubber,green
162,culottes,dark jeans,blue
180,culottes,dark jeans,blue
243,short coat,faux leather,black
287,long sleeve,georgette,black
324,culottes,cotton,black
283,short coat,foam rubber,black
281,long sleeve,polyviscous,black
312,short coat,faux leather,red
269,short coat,faux leather,black
271,short coat,faux leather,black
285,culottes,polyviscous,black
313,short coat,faux leather,brown
103,culottes,scuba crepe,green
229,long sleeve,cotton,blue
317,solid color top,lurex,violet
265,long sleeve,georgette,black
316,short coat,faux leather,black
308,culottes,technical,black
248,short coat,dark jeans,blue
300,culottes,polyviscous,black
320,solid color top,lurex,grey
242,culottes,polyviscous,black
282,solid color top,tulle,green
279,solid color top,tulle,black
187,solid color top,georgette,black
306,long sleeve,cotton,grey
286,short coat,foam rubber,brown
290,short coat,foam rubber,brown
201,sleeveless,cady,violet
260,long sleeve,silky satin,black
293,short coat,faux leather,violet
276,long sleeve,webbing,violet
329,culottes,faux leather,black
325,long sleeve,cotton,black
328,culottes,dark jeans,blue
339,medium coat,cotton,brown
157,long sleeve,cady,blue
327,long sleeve,cotton,blue
289,miniskirt,faux leather,black
318,medium coat,cotton,blue
333,long sleeve,cotton,white
338,culottes,dark jeans,blue
77,sheath dress,lace,black
189,culottes,cady,black
344,culottes,light jeans,blue
151,long sleeve,georgette,orange
251,culottes,cotton,green
341,solid color top,matte jersey,blue
323,culottes,cotton,white
227,culottes,cotton,violet
246,solid color top,georgette,green
250,solid color top,georgette,black
310,patterned top,lurex,orange
79,sleeveless,lace,brown
348,solid color top,matte jersey,grey
311,culottes,dark jeans,blue
359,short coat,light jeans,blue
362,short sleeves,georgette,yellow
352,long sleeve,cotton,brown
238,sheath dress,scuba crepe,black
345,short sleeves,georgette,white
357,long sleeve,cotton,green
336,long sleeve,dark jeans,blue
264,doll dress,lace,brown
368,long sleeve,cotton,green
346,culottes,dark jeans,blue
367,long sleeve,cotton,black
353,culottes,polyviscous,black
340,short coat,faux leather,brown
291,sleeveless,crepe,white
349,culottes,light jeans,blue
347,culottes,light jeans,blue
254,sleeveless,scuba crepe,black
375,culottes,cotton,green
236,sleeveless,crepe,black
354,culottes,light jeans,blue
335,long sleeve,faux leather,black
408,long sleeve,webbing,grey
420,long sleeve,webbing,blue
369,culottes,satin cotton,black
363,solid color top,lace,black
371,culottes,satin cotton,blue
370,culottes,satin cotton,brown
388,kimono dress,webbing,blue
380,long sleeve,cotton,yellow
390,trapeze dress,scuba crepe,violet
385,trapeze dress,scuba crepe,black
404,jumpsuit,scuba crepe,black
418,culottes,cotton,black
395,trapeze dress,scuba crepe,brown
274,doll dress,tulle,black
256,long sleeve,dainetto,brown
414,culottes,cotton,brown
407,long sleeve,scuba crepe,black
412,long sleeve,silky satin,violet
176,culottes,cady,black
384,long sleeve,cotton,red
360,short sleeves,lace,brown
405,patterned top,tulle,yellow
403,patterned top,tulle,brown
302,long sleeve,cotton,white
401,sheath dress,lace,brown
387,sleeveless,lace,brown
123,short cardigan,nice,black
374,short sleeves,lace,brown
396,long sleeve,scuba crepe,black
382,long sleeve,polyviscous,violet
377,culottes,cotton,brown
410,sleeveless,georgette,violet
391,culottes,scuba crepe,black
257,culottes,technical,black
402,kimono dress,webbing,orange
399,culottes,scuba crepe,black
342,culottes,dark jeans,blue
398,sleeveless,macrame,brown
393,long sleeve,webbing,blue
400,long sleeve,webbing,brown
378,doll dress,polyviscous,violet
364,long sleeve,webbing,brown
413,trapeze dress,scuba crepe,white
449,short sleeves,georgette,white
434,short sleeves,georgette,red
416,culottes,dark jeans,blue
383,long sleeve,cotton,blue
379,long sleeve,marocain,yellow
437,culottes,cotton,grey
423,culottes,cotton,green
321,doll dress,lace,brown
411,long sleeve,webbing,white
433,maxi,scuba crepe,blue
447,culottes,light jeans,blue
356,sleeveless,lace,black
456,long sleeve,satin cotton,brown
288,culottes,scuba crepe,black
441,sheath dress,tulle,brown
350,solid color top,lace,brown
392,long sleeve,scuba crepe,black
422,medium cardigan,webbing,brown
170,culottes,bengaline,grey
453,solid color top,macrame,black
443,culottes,light jeans,blue
305,doll dress,tulle,violet
397,short sleeves,nice,black
292,solid color top,matte jersey,brown
417,sleeveless,silky satin,black
454,patterned top,tulle,yellow
429,miniskirt,scuba crepe,black
439,sleeveless,macrame,black
425,short sleeves,nice,violet
477,doll dress,jacquard,blue
481,sleeveless,marocain,brown
504,sleeveless,marocain,blue
167,printed shirt,matte jersey,white
458,sleeveless,jacquard,black
427,long cardigan,nice,black
461,trapeze dress,scuba crepe,white
448,long sleeve,tulle,orange
484,sleeveless,lace,blue
457,culottes,satin cotton,brown
389,long sleeve,webbing,blue
469,long sleeve,marocain,blue
463,trapeze dress,scuba crepe,brown
471,long sleeve,marocain,brown
495,long sleeve,cady,white
503,culottes,satin cotton,violet
468,solid color top,tulle,blue
486,culottes,cotton,blue
494,culottes,tencel,green
509,culottes,satin cotton,blue
421,culottes,polyviscous,blue
493,medium coat,cotton,green
492,culottes,polyviscous,black
467,doll dress,lace,blue
462,solid color top,cotton,black
512,drop sleeve,marocain,brown
465,long sleeve,georgette,black
424,shirt dress,embossed,white
147,short coat,faux leather,black
474,culottes,polyviscous,blue
452,solid color top,macrame,brown
455,culottes,dark jeans,blue
446,long sleeve,cotton,white
482,long sleeve,jacquard,black
479,short sleeves,webbing,brown
40,medium coat,crepe,black
444,solid color top,macrame,violet
435,maxi,georgette,yellow
445,short sleeves,georgette,red
497,short sleeves,georgette,red
442,short sleeves,georgette,blue
464,long sleeve,cotton,black
478,short coat,nylon,grey
426,sleeveless,macrame,violet
299,culottes,bengaline,black
351,sleeveless,lace,white
510,short sleeves,georgette,white
472,culottes,cotton,black
517,trapeze dress,embossed,blue
560,culottes,polyviscous,black
386,long sleeve,marocain,white
419,long sleeve,marocain,black
553,long coat,tencel,green
491,sheath dress,jacquard,white
476,culottes,cotton,green
526,solid color top,frise,brown
524,solid color top,frise,violet
516,drop sleeve,jacquard,blue
365,long cardigan,nice,violet
535,printed shirt,matte jersey,black
508,culottes,satin cotton,brown
548,printed shirt,matte jersey,black
550,printed shirt,matte jersey,black
109,trapeze dress,scuba crepe,black
525,culottes,polyviscous,black
530,culottes,polyviscous,black
406,miniskirt,polyviscous,blue
483,printed shirt,matte jersey,black
518,culottes,bengaline,grey
488,culottes,dark jeans,blue
459,short sleeves,georgette,white
520,jumpsuit,tencel,green
431,long sleeve,scuba crepe,black
543,doll dress,lace,brown
537,sleeveless,lace,white
540,solid color top,lace,black
527,sleeveless,lace,black
578,printed shirt,matte jersey,white
565,printed shirt,matte jersey,white
600,sleeveless,georgette,red
584,long sleeve,bengaline,black
532,printed shirt,matte jersey,black
507,solid color top,matte jersey,brown
574,printed shirt,matte jersey,white
496,medium cardigan,webbing,brown
563,printed shirt,matte jersey,white
566,sleeveless,lace,brown
519,culottes,light jeans,blue
225,sheath dress,silky satin,white
591,solid color top,tulle,black
500,culottes,bengaline,black
545,short sleeves,cotton,blue
556,sleeveless,scuba crepe,grey
582,long sleeve,bengaline,black
603,long sleeve,georgette,white
615,sleeveless,polyviscous,brown
515,culottes,bengaline,blue
612,culottes,satin cotton,black
568,sleeveless,scuba crepe,black
604,culottes,satin cotton,black
589,short sleeves,cotton,white
608,printed shirt,matte jersey,black
587,trapeze dress,scuba crepe,red
595,short sleeves,lace,black
539,sleeveless,embossed,yellow
585,sleeveless,georgette,violet
572,long sleeve,webbing,black
583,culottes,satin cotton,violet
534,short sleeves,georgette,white
542,short sleeves,plisse,yellow
415,short coat,lace,black
499,shirt dress,embossed,yellow
541,long coat,tencel,brown
618,culottes,satin cotton,green
561,doll dress,lace,white
593,culottes,satin cotton,black
577,long dress,lace,brown
617,sheath dress,lace,black
609,culottes,satin cotton,blue
599,culottes,satin cotton,red
601,culottes,satin cotton,green
633,drop sleeve,georgette,blue
625,shirt dress,polyviscous,violet
586,trapeze dress,scuba crepe,black
570,culottes,light jeans,blue
506,drop sleeve,dark jeans,blue
502,long sleeve,cotton,grey
602,printed shirt,matte jersey,white
639,short sleeves,georgette,white
640,short sleeves,georgette,violet
630,shirt dress,silky satin,grey
662,shorts,light jeans,blue
592,long sleeve,embossed,white
598,long sleeve,embossed,yellow
430,long sleeve,heavy jeans,blue
624,long sleeve,heavy jeans,blue
641,doll dress,georgette,violet
642,long sleeve,satin cotton,black
557,culottes,polyviscous,black
634,long sleeve,satin cotton,red
619,miniskirt,cotton,green
551,long sleeve,webbing,white
613,sleeveless,georgette,white
296,long sleeve,chanel,yellow
645,culottes,bengaline,black
480,sleeveless,plisse,yellow
649,sleeveless,georgette,white
650,sheath dress,tulle,black
647,long sleeve,cotton,blue
636,kimono dress,georgette,white
622,solid color top,paillettes,white
631,solid color top,paillettes,blue
644,sleeveless,georgette,black
638,culottes,cotton,white
635,short coat,faux leather,black
621,printed shirt,paillettes,grey
616,long sleeve,polyviscous,brown
656,patterned top,matte jersey,black
657,drop sleeve,georgette,black
681,kimono dress,frise,white
667,short sleeves,tulle,white
697,kimono dress,frise,green
655,sleeveless,matte jersey,brown
672,long sleeve,cotton,yellow
514,printed shirt,paillettes,grey
699,kimono dress,frise,blue
554,printed shirt,paillettes,white
698,kimono dress,frise,violet
643,culottes,bengaline,black
671,culottes,dark jeans,blue
668,long sleeve,bengaline,black
679,culottes,cotton,brown
690,culottes,cotton,green
686,culottes,satin cotton,black
702,printed shirt,matte jersey,white
605,solid color top,frise,white
700,printed shirt,matte jersey,grey
648,short coat,faux leather,green
691,solid color top,matte jersey,black
680,culottes,satin cotton,grey
669,drop sleeve,embossed,black
709,culottes,cotton,black
687,culottes,cotton,violet
626,solid color top,paillettes,white
677,sleeveless,tulle,black
666,drop sleeve,georgette,white
673,drop sleeve,embossed,white
632,culottes,light jeans,blue
607,long sleeve,embossed,white
646,culottes,dark jeans,blue
693,sleeveless,georgette,yellow
660,long sleeve,chine crepe,green
696,sleeveless,georgette,black
653,sleeveless,georgette,white
658,long sleeve,chine crepe,white
664,long sleeve,chine crepe,yellow
683,printed shirt,matte jersey,white
692,printed shirt,matte jersey,white
705,printed shirt,matte jersey,grey
665,patterned top,matte jersey,black
711,solid color top,matte jersey,black
651,short sleeves,cotton,violet
688,printed shirt,matte jersey,grey
661,sleeveless,georgette,blue
689,sleeveless,georgette,green
703,printed shirt,matte jersey,black
682,solid color top,matte jersey,brown
712,solid color top,matte jersey,violet
394,short sleeves,georgette,white
716,long dress,georgette,violet
726,culottes,georgette,violet
552,short sleeves,lace,white
536,sleeveless,georgette,white
717,solid color top,lurex,yellow
63,long sleeve,tulle,red
713,culottes,satin cotton,black
734,culottes,jacquard,blue
729,solid color top,tulle,yellow
730,kimono dress,frise,violet
728,long sleeve,jacquard,grey
719,shorts,macrame,black
736,shorts,macrame,brown
676,short sleeves,chambree,blue
707,solid color top,matte jersey,black
733,drop sleeve,jacquard,blue
710,kimono dress,frise,black
727,solid color top,matte jersey,red
130,culottes,crepe,green
718,short sleeves,tulle,blue
695,solid color top,matte jersey,grey
738,patterned top,matte jersey,black
756,doll dress,embossed,black
759,doll dress,embossed,black
755,kimono dress,webbing,red
757,sleeveless,georgette,yellow
724,medium cardigan,webbing,blue
758,sleeveless,georgette,black
742,culottes,cotton,green
740,sleeveless,frise,violet
721,sleeveless,silky satin,violet
763,long sleeve,bengaline,green
754,long sleeve,embossed,black
781,sleeveless,cotton,black
778,sleeveless,cotton,yellow
769,culottes,satin cotton,black
772,culottes,satin cotton,green
559,culottes,cady,white
773,culottes,bengaline,white
745,short sleeves,cotton,white
762,culottes,bengaline,green
751,sheath dress,jacquard,blue
737,printed shirt,matte jersey,white
735,printed shirt,matte jersey,black
739,printed shirt,matte jersey,black
748,doll dress,jacquard,black
372,culottes,cotton,black
774,long dress,georgette,black
765,short sleeves,cotton,black
771,short sleeves,cotton,white
764,short sleeves,cotton,red
606,short sleeves,lace,red
546,culottes,polyviscous,white
381,culottes,polyviscous,violet
732,sleeveless,jacquard,white
725,sheath dress,jacquard,blue
746,printed shirt,matte jersey,white
753,patterned top,tulle,white
722,solid color top,matte jersey,green
743,sheath dress,tulle,blue
694,solid color top,matte jersey,brown
776,drop sleeve,linen,green
768,long dress,matte jersey,brown
752,doll dress,lace,violet
747,patterned top,matte jersey,violet
760,sleeveless,lace,blue
704,sleeveless,georgette,violet
761,solid color top,tulle,red
767,short sleeves,embossed,black
579,short sleeves,georgette,black
775,drop sleeve,matte jersey,brown
766,short sleeves,embossed,brown
779,long sleeve,muslin cotton or silk,white
531,long coat,tencel,grey
731,solid color top,lurex,yellow
723,solid color top,matte jersey,white
720,solid color top,matte jersey,black
749,solid color top,matte jersey,yellow
547,solid color top,matte jersey,black
837,capris,cotton,black
795,culottes,linen,blue
794,patterned top,tactel,green
818,capris,cotton,white
797,patterned top,tactel,green
792,patterned top,tactel,white
822,patterned top,matte jersey,black
787,culottes,linen,brown
808,culottes,satin cotton,blue
826,culottes,satin cotton,brown
825,culottes,satin cotton,black
783,patterned top,tulle,black
812,solid color top,matte jersey,white
828,drop sleeve,bengaline,yellow
784,patterned top,tulle,white
799,culottes,linen,grey
827,culottes,satin cotton,brown
801,culottes,linen,green
820,long sleeve,georgette,yellow
819,jumpsuit,embossed,green
821,jumpsuit,embossed,black
793,trapeze dress,georgette,yellow
816,short coat,lace,black
750,long sleeve,jacquard,blue
790,sleeveless,cotton,black
811,sleeveless,cotton,yellow
824,sheath dress,georgette,yellow
788,solid color top,lurex,brown
789,solid color top,lurex,grey
802,solid color top,lurex,green
800,short coat,light jeans,blue
814,doll dress,embossed,black
770,long dress,muslin cotton or silk,white
805,shorts,cotton,green
573,solid color top,matte jersey,black
786,short sleeves,georgette,white
791,patterned top,tactel,blue
796,trapeze dress,georgette,black
815,shorts,light jeans,blue
836,shorts,cotton,black
798,sleeveless,webbing,red
809,shirt dress,cotton,black
804,patterned top,matte jersey,red
803,printed shirt,matte jersey,white
785,patterned top,matte jersey,brown
806,shirt dress,cotton,blue
823,shorts,light jeans,blue
627,short sleeves,cotton,black
830,shorts,cotton,black
849,culottes,viscose twill,black
874,capris,bengaline,white
859,culottes,viscose twill,blue
851,drop sleeve,bengaline,violet
807,short sleeves,cotton,brown
857,culottes,viscose twill,green
850,sleeveless,georgette,white
840,long dress,viscose twill,white
845,long dress,viscose twill,black
853,jumpsuit,chambree,blue
125,trapeze dress,faux leather,green
864,capris,bengaline,black
744,short sleeves,cotton,red
852,culottes,bengaline,violet
294,sheath dress,plisse,black
654,shirt dress,chambree,white
741,short sleeves,cotton,violet
838,drop sleeve,cotton,white
122,solid color top,lurex,grey
832,sleeveless,georgette,blue
842,sleeveless,georgette,yellow
839,sleeveless,georgette,red
854,short sleeves,georgette,yellow
847,drop sleeve,muslin cotton or silk,white
848,long dress,georgette,brown
866,culottes,chambree,blue
863,sheath dress,muslin cotton or silk,brown
855,drop sleeve,bengaline,blue
870,sleeveless,georgette,green
856,drop sleeve,muslin cotton or silk,white
860,culottes,cotton,blue
871,solid color top,viscose twill,blue
872,sleeveless,georgette,yellow
844,sleeveless,georgette,red
813,short sleeves,embossed,black
334,solid color top,lurex,violet
39,long cardigan,nice,brown
861,patterned top,tulle,white
868,sleeveless,muslin cotton or silk,brown
862,patterned top,tulle,black
829,long sleeve,muslin cotton or silk,green
846,solid color top,matte jersey,green
835,long sleeve,muslin cotton or silk,blue
833,short coat,lace,black
841,sleeveless,cotton,white
782,jumpsuit,muslin cotton or silk,white
858,sheath dress,georgette,blue
817,solid color top,matte jersey,black
895,long sleeve,muslin cotton or silk,blue
879,patterned top,tulle,white
906,shorts,cotton,white
878,shorts,cotton,green
869,drop sleeve,linen,blue
893,patterned top,tulle,white
910,long dress,viscose twill,brown
918,long dress,viscose twill,orange
889,culottes,bengaline,blue
921,long dress,cotton,brown
891,shorts,cotton,black
928,shorts,cotton,brown
685,solid color top,cotton,green
892,patterned top,tulle,white
714,patterned top,matte jersey,red
926,drop sleeve,linen,white
909,drop sleeve,linen,white
876,patterned top,tulle,white
887,sleeveless,embossed,violet
913,sleeveless,matte jersey,black
216,trapeze dress,scuba crepe,yellow
549,long dress,georgette,blue
916,patterned top,tulle,white
931,culottes,linen,blue
875,trapeze dress,chambree,blue
884,long sleeve,muslin cotton or silk,brown
834,jumpsuit,cotton,black
888,patterned top,tulle,white
900,patterned top,tulle,orange
873,long dress,chambree,blue
885,sleeveless,tulle,green
890,solid color top,tulle,white
880,solid color top,tulle,blue
898,solid color top,tulle,green
908,short sleeves,chine crepe,green
896,sleeveless,tulle,blue
886,sleeveless,chine crepe,yellow
899,sleeveless,chine crepe,yellow
881,short sleeves,chine crepe,blue
883,capris,bengaline,violet
882,short sleeves,chine crepe,white
867,long dress,muslin cotton or silk,brown
865,solid color top,matte jersey,blue
902,sheath dress,georgette,yellow
903,sleeveless,georgette,yellow
897,jumpsuit,cotton,yellow
937,short sleeves,chine crepe,yellow
901,solid color top,matte jersey,blue
930,culottes,linen,black
915,culottes,cotton,brown
877,long dress,muslin cotton or silk,blue
929,culottes,linen,green
780,solid color top,matte jersey,white
907,sleeveless,georgette,blue
706,short sleeves,georgette,yellow
934,long dress,matte jersey,red
505,sleeveless,georgette,black
920,solid color top,frise,brown
912,solid color top,frise,blue
57,short sleeves,plisse,grey
924,sleeveless,viscose twill,brown
85,shorts,nice,black
904,long dress,georgette,black
935,patterned top,tulle,white
927,short sleeves,viscose twill,brown
943,patterned top,tulle,white
939,patterned top,tulle,black
940,patterned top,tulle,white
936,patterned top,tulle,white
946,culottes,viscose twill,green
914,long sleeve,cotton,yellow
569,long sleeve,cotton,black
950,shorts,linen,green
942,long dress,chine crepe,yellow
911,sleeveless,chine crepe,yellow
905,medium cardigan,webbing,blue
951,long sleeve,viscose twill,green
843,long sleeve,muslin cotton or silk,green
947,long sleeve,viscose twill,yellow
932,solid color top,frise,brown
917,solid color top,frise,green
922,solid color top,frise,black
919,short sleeves,georgette,blue
952,sleeveless,cotton,green
949,long dress,viscose twill,green
894,solid color top,matte jersey,green
941,short sleeves,viscose twill,brown
208,trapeze dress,faux leather,green
501,solid color top,scuba crepe,black
923,kimono dress,webbing,brown
620,sheath dress,lace,red
967,long dress,georgette,yellow
110,sheath dress,lace,green
957,sleeveless,georgette,violet
963,sleeveless,matte jersey,black
970,sleeveless,acrylic,violet
972,long dress,embossed,black
956,sheath dress,matte jersey,brown
32,trapeze dress,lurex,violet
968,sleeveless,webbing,green
933,maxi,cotton,blue
831,jumpsuit,cotton,black
961,short sleeves,georgette,black
971,sleeveless,webbing,blue
966,sleeveless,webbing,black
960,short sleeves,georgette,green
948,drop sleeve,cotton,grey
955,solid color top,embossed,black
959,culottes,embossed,green
962,culottes,embossed,black
715,solid color top,cotton,black
958,solid color top,matte jersey,green
976,culottes,cotton,brown
185,sheath dress,cady,black
975,patterned top,tulle,white
973,patterned top,tulle,black
990,long dress,embossed,black
983,trapeze dress,embossed,black
993,long dress,georgette,black
567,solid color top,matte jersey,violet
987,sleeveless,lace,white
992,long sleeve,georgette,black
571,culottes,polyviscous,brown
361,solid color top,lace,blue
989,long dress,tulle,black
985,solid color top,matte jersey,black
986,long dress,tulle,blue
988,long dress,embossed,yellow
982,sleeveless,georgette,brown
991,sleeveless,georgette,black
997,culottes,cotton,violet
965,patterned top,tulle,black
978,culottes,cotton,green
944,long sleeve,cotton,white
996,culottes,viscose twill,black
977,culottes,cotton,white
994,jumpsuit,cotton,grey
979,culottes,cotton,blue
969,culottes,cotton,black
984,solid color top,georgette,black
278,sleeveless,plisse,green
938,short sleeves,georgette,yellow
217,sleeveless,plisse,green
964,sleeveless,webbing,brown
66,doll dress,plisse,grey
998,jumpsuit,embossed,black
1008,culottes,cotton,green
1007,culottes,cotton,black
466,miniskirt,cady,white
1006,culottes,embossed,black
1013,culottes,embossed,black
1009,sleeveless,georgette,red
995,long sleeve,faux leather,black
1014,kimono dress,webbing,blue
1012,kimono dress,webbing,black
1005,kimono dress,webbing,green
1002,sleeveless,georgette,white
307,sheath dress,scuba crepe,black
1003,sleeveless,embossed,black
1004,sleeveless,embossed,black
953,long sleeve,cotton,blue
981,jumpsuit,cotton,blue
409,long coat,cotton,black
999,patterned top,tulle,white
71,short coat,lace,black
1000,patterned top,tulle,white
628,short coat,faux leather,black
30,long sleeve,tulle,green
108,trapeze dress,scuba crepe,red
366,short sleeves,georgette,violet
319,sheath dress,plisse,black
210,doll dress,plisse,green
298,sleeveless,plisse,brown
954,long sleeve,cotton,brown
211,short coat,silky satin,black
65,sleeveless,plisse,grey
160,short coat,silky satin,black
332,kimono dress,cady,white
145,long sleeve,georgette,black
50,doll dress,tulle,grey
358,sleeveless,plisse,grey
131,solid color top,frise,black
204,solid color top,tulle,black
228,doll dress,plumetis,violet
1010,sleeveless,georgette,brown
1016,solid color top,georgette,black
101,sleeveless,nice,black
161,drop sleeve,faux leather,green
1011,sleeveless,georgette,blue
581,sheath dress,scuba crepe,black
98,sleeveless,nice,brown
1021,culottes,satin cotton,black
490,medium coat,cotton,green
1024,long dress,matte jersey,white
575,kimono dress,scuba crepe,black
343,long coat,cotton,black
330,long coat,cotton,red
197,patterned top,angora,yellow
70,sleeveless,velvet,black
59,sleeveless,velvet,red
266,sleeveless,georgette,white
528,doll dress,faux leather,black
158,solid color top,frise,black
199,sleeveless,cady,green
701,long sleeve,frise,black
314,patterned top,cady,white
205,solid color top,tulle,green
1023,long dress,georgette,white
470,solid color top,matte jersey,black
1018,long dress,georgette,green
451,medium coat,cotton,red
64,trapeze dress,scuba crepe,black
78,long sleeve,georgette,black
777,patterned top,matte jersey,black
42,doll dress,tulle,violet
522,printed shirt,matte jersey,grey
529,shirt dress,cotton,white
1026,long sleeve,georgette,black
594,patterned top,paillettes,green
1027,long dress,georgette,blue
1020,sleeveless,georgette,white
1046,culottes,bengaline,brown
1034,sheath dress,georgette,black
272,culottes,polyviscous,blue
1029,long dress,embossed,black
49,medium coat,crepe,grey
1030,long sleeve,embossed,black
1031,long dress,embossed,black
43,solid color top,tulle,grey
533,solid color top,frise,violet
1033,long dress,matte jersey,green
1044,short sleeves,georgette,black
1035,sleeveless,georgette,white
1037,trapeze dress,georgette,red
1028,sleeveless,faux leather,black
1041,sleeveless,georgette,white
1043,doll dress,tulle,black
1040,sleeveless,georgette,red
1019,long dress,georgette,red
432,kimono dress,nice,yellow
322,long sleeve,technical,black
182,long sleeve,cady,green
564,culottes,light jeans,blue
1022,culottes,satin cotton,blue
1036,culottes,embossed,black
1076,sleeveless,georgette,black
1068,sleeveless,georgette,blue
1015,printed shirt,matte jersey,white
675,shirt dress,embossed,white
1058,printed shirt,matte jersey,white
1038,solid color top,georgette,violet
1039,solid color top,georgette,grey
1066,patterned top,tulle,yellow
1059,culottes,bengaline,black
1074,long dress,embossed,yellow
1064,drop sleeve,bengaline,black
1077,doll dress,scuba crepe,grey
623,long sleeve,cotton,green
14,short sleeves,angora,yellow
1051,printed shirt,matte jersey,white
1048,printed shirt,matte jersey,grey
1042,culottes,cotton,violet
1050,culottes,cotton,black
1032,culottes,satin cotton,black
1080,culottes,cady,grey
1061,drop sleeve,bengaline,brown
652,long sleeve,cotton,white
1055,sleeveless,georgette,black
1045,culottes,cotton,black
1049,culottes,cotton,violet
1078,culottes,jacquard,black
1072,sleeveless,cady,black
1062,solid color top,plisse,yellow
1063,solid color top,plisse,black
558,long sleeve,cady,white
708,long sleeve,frise,green
1073,long sleeve,cotton,blue
1057,culottes,bengaline,black
1084,long sleeve,cotton,violet
1052,printed shirt,matte jersey,grey
1054,printed shirt,matte jersey,black
309,solid color top,georgette,violet
1056,culottes,bengaline,black
331,patterned top,lurex,brown
1082,sleeveless,georgette,black
1085,solid color top,embossed,black
1087,solid color top,georgette,black
355,long sleeve,technical,black
301,patterned top,lurex,black
376,culottes,polyviscous,black
1071,maxi,georgette,black
1069,patterned top,tulle,black
1070,printed shirt,matte jersey,grey
1053,solid color top,matte jersey,black
1060,printed shirt,matte jersey,black
337,short coat,faux leather,black
1098,long sleeve,matte jersey,black
1088,long sleeve,cotton,white
1106,culottes,heavy jeans,blue
33,sleeveless,nice,grey
1075,drop sleeve,georgette,brown
1096,long sleeve,cotton,white
1086,long sleeve,cotton,blue
1094,long sleeve,matte jersey,blue
1107,long sleeve,faux leather,brown
597,solid color top,frise,white
1100,solid color top,lace,black
1079,long sleeve,cotton,black
1090,drop sleeve,lace,black
1112,culottes,heavy jeans,blue
1105,printed shirt,matte jersey,white
1095,culottes,heavy jeans,blue
1101,long sleeve,faux leather,black
47,sleeveless,nice,brown
1118,printed shirt,matte jersey,white
1083,drop sleeve,jacquard,black
1097,culottes,heavy jeans,blue
1102,printed shirt,matte jersey,black
1108,printed shirt,matte jersey,white
1115,sleeveless,georgette,violet
1116,sleeveless,georgette,white
1110,solid color top,lace,black
1113,sleeveless,georgette,black
1081,sleeveless,cady,grey
1092,culottes,bengaline,black
1091,culottes,bengaline,blue
1104,patterned top,tulle,white
214,long sleeve,scuba crepe,black
93,long coat,piquet,black
1093,patterned top,matte jersey,grey
1103,culottes,jacquard,black
1111,printed shirt,matte jersey,black
440,solid color top,matte jersey,green
1124,culottes,embossed,black
1132,long sleeve,faux leather,red
513,solid color top,matte jersey,violet
1114,doll dress,lace,grey
1152,patterned top,tulle,white
1147,long sleeve,cotton,blue
1142,long sleeve,cotton,blue
1126,culottes,scuba crepe,blue
1143,long sleeve,faux leather,blue
1140,long sleeve,faux leather,black
1134,long sleeve,faux leather,yellow
1135,long sleeve,faux leather,black
284,culottes,faux leather,black
1129,sleeveless,georgette,white
1138,sleeveless,georgette,black
1119,culottes,cady,red
1122,sleeveless,silky satin,blue
1125,short sleeves,silky satin,white
1121,trapeze dress,silky satin,yellow
1137,sleeveless,silky satin,violet
1047,solid color top,matte jersey,red
1131,culottes,heavy jeans,blue
1123,long dress,georgette,red
1133,long sleeve,georgette,black
1117,culottes,heavy jeans,blue
1120,long sleeve,georgette,red
1146,printed shirt,matte jersey,grey
1159,solid color top,frise,violet
1150,culottes,cotton,black
1145,long sleeve,georgette,black
580,long sleeve,cotton,yellow
1170,sleeveless,embossed,black
1168,sleeveless,embossed,white
1151,culottes,cotton,green
1167,doll dress,embossed,black
1156,long sleeve,cotton,white
1153,long sleeve,georgette,brown
1162,long sleeve,cotton,blue
1163,culottes,cotton,grey
1148,patterned top,tulle,grey
1169,sleeveless,georgette,white
1161,patterned top,tulle,black
1155,patterned top,tulle,black
475,patterned top,tulle,brown
1154,culottes,heavy jeans,blue
1158,solid color top,frise,brown
1166,long dress,embossed,black
1157,culottes,heavy jeans,blue
1160,solid color top,frise,green
1184,sleeveless,faux leather,black
1164,solid color top,frise,violet
1173,printed shirt,matte jersey,black
1189,short sleeves,georgette,blue
1196,trapeze dress,crepe,yellow
1182,printed shirt,matte jersey,white
1180,culottes,scuba crepe,black
1190,trapeze dress,crepe,black
1172,long sleeve,faux leather,black
1191,trapeze dress,crepe,black
1194,shirt dress,georgette,blue
1177,culottes,bengaline,black
1176,printed shirt,matte jersey,grey
1192,kimono dress,acrylic,white
1181,culottes,scuba crepe,black
25,solid color top,tulle,red
1165,trapeze dress,embossed,violet
1144,solid color top,frise,green
1186,sleeveless,embossed,white
1179,sleeveless,georgette,white
1183,culottes,tencel,green
1178,culottes,tencel,black
1171,long sleeve,faux leather,black
1149,solid color top,frise,brown
1195,culottes,heavy jeans,blue
1175,solid color top,matte jersey,green
1188,trapeze dress,crepe,violet
1204,patterned top,tulle,black
1201,solid color top,lurex,grey
1208,sleeveless,georgette,white
1197,culottes,heavy jeans,blue
1193,long sleeve,georgette,blue
1209,doll dress,technical,black
1215,culottes,jacquard,black
1187,trapeze dress,georgette,blue
1217,patterned top,tulle,violet
1214,solid color top,tulle,black
1200,shirt dress,tencel,black
1199,shirt dress,tencel,green
1212,solid color top,tulle,blue
1203,doll dress,georgette,blue
1211,kimono dress,embossed,black
1198,drop sleeve,heavy jeans,blue
1213,culottes,scuba crepe,black
1218,patterned top,tulle,black
1235,drop sleeve,embossed,brown
1241,solid color top,lurex,green
1257,culottes,heavy jeans,blue
1219,long sleeve,acrylic,brown
1242,long coat,crepe,black
1226,sleeveless,georgette,brown
1216,sleeveless,georgette,black
1254,drop sleeve,scuba crepe,black
1210,doll dress,lace,black
1246,culottes,scuba crepe,black
1252,printed shirt,matte jersey,grey
1233,doll dress,lace,brown
1089,jumpsuit,scuba crepe,black
1259,short sleeves,scuba crepe,yellow
1234,trapeze dress,matte jersey,black
1239,culottes,scuba crepe,black
1225,long sleeve,technical,black
1248,printed shirt,matte jersey,grey
1237,culottes,heavy jeans,blue
1238,jumpsuit,scuba crepe,grey
1247,printed shirt,matte jersey,grey
1141,long sleeve,cady,red
1249,sleeveless,embossed,brown
1232,doll dress,lace,black
1229,long sleeve,faux leather,black
1251,solid color top,lurex,violet
1207,solid color top,tulle,red
1227,sleeveless,embossed,red
1243,solid color top,lurex,brown
1221,long sleeve,embossed,blue
1224,solid color top,tulle,black
1205,solid color top,tulle,red
1256,doll dress,scuba crepe,black
1222,culottes,technical,black
1220,sleeveless,lace,black
1236,long sleeve,cotton,blue
1206,long sleeve,acrylic,blue
1228,long sleeve,technical,black
1223,long sleeve,jacquard,grey
1245,culottes,heavy jeans,blue
1262,solid color top,lace,brown
1315,long sleeve,nice,grey
1309,long sleeve,faux leather,yellow
1307,long sleeve,cotton,blue
1264,solid color top,lace,brown
1302,long sleeve,nice,grey
1269,solid color top,lace,black
1261,sleeveless,lace,black
1279,shirt dress,embossed,grey
1313,long sleeve,nice,black
1310,long sleeve,nice,yellow
1291,culottes,cotton,grey
1230,long sleeve,embossed,white
1284,long sleeve,nice,green
1185,culottes,cotton,black
1286,long sleeve,georgette,violet
1318,culottes,cotton,red
1271,culottes,bengaline,black
1298,short cardigan,nice,black
1265,culottes,cotton,green
1308,long sleeve,plush,grey
1303,culottes,plush,grey
1266,culottes,cotton,grey
1294,doll dress,polyviscous,black
1316,culottes,cotton,green
1289,long sleeve,plush,green
1306,long sleeve,nice,yellow
1299,long sleeve,cotton,brown
1244,long sleeve,cotton,red
1274,long sleeve,embossed,black
1272,long sleeve,embossed,black
1263,long sleeve,embossed,white
1297,long sleeve,nice,black
1300,long sleeve,nice,red
1283,long sleeve,cotton,blue
1296,sleeveless,polyviscous,black
1276,culottes,embossed,white
1275,solid color top,lurex,black
1304,doll dress,scuba crepe,black
1295,long sleeve,nice,yellow
1267,long sleeve,faux leather,black
1287,medium cardigan,nice,black
1292,culottes,heavy jeans,blue
1305,long sleeve,nice,black
1319,long sleeve,nice,black
1278,culottes,polyviscous,black
1273,culottes,scuba crepe,grey
1253,sleeveless,scuba crepe,black
1281,long sleeve,georgette,black
1282,long sleeve,georgette,brown
1250,miniskirt,scuba crepe,black
1270,culottes,scuba crepe,black
1293,doll dress,georgette,green
1322,culottes,plush,green
1268,doll dress,scuba crepe,black
1277,long sleeve,faux leather,violet
1280,culottes,jacquard,black
1288,sleeveless,embossed,brown
1285,long sleeve,faux leather,black
1290,culottes,cotton,green
1320,short cardigan,nice,green
1342,long sleeve,faux leather,red
1329,sleeveless,georgette,black
1363,long sleeve,faux leather,green
1330,long sleeve,faux leather,red
1317,long sleeve,nice,black
1327,maxi,scuba crepe,red
1367,long sleeve,jacquard,black
1361,sleeveless,georgette,violet
1350,sleeveless,georgette,black
1341,culottes,heavy jeans,blue
1355,long sleeve,faux leather,black
1364,long coat,crepe,black
1255,long sleeve,embossed,white
1328,sleeveless,embossed,grey
1335,culottes,heavy jeans,blue
1347,culottes,polyviscous,red
1340,drop sleeve,heavy jeans,blue
1358,doll dress,jacquard,black
1326,culottes,embossed,grey
1360,maxi,georgette,black
1365,long sleeve,nice,grey
1323,long sleeve,faux leather,black
1348,sleeveless,lace,black
1371,sleeveless,jacquard,black
1338,short sleeves,nice,black
1324,long sleeve,nice,red
1374,doll dress,lace,black
1352,culottes,technical,black
1325,medium cardigan,nice,grey
1301,long sleeve,georgette,black
1332,printed shirt,cotton,white
1337,doll dress,georgette,yellow
1359,short coat,foam rubber,brown
1331,long sleeve,georgette,yellow
1369,short coat,fur,brown
1314,long sleeve,nice,red
1357,long sleeve,nice,brown
1377,long sleeve,faux leather,blue
1333,culottes,heavy jeans,blue
1339,long sleeve,heavy jeans,blue
1354,long sleeve,heavy jeans,blue
1334,medium coat,foam rubber,black
1312,medium coat,foam rubber,blue
1349,culottes,cotton,green
1376,long sleeve,nice,black
1346,short coat,foam rubber,violet
1353,short coat,foam rubber,black
1370,long coat,cotton,green
1344,long sleeve,nice,black
1411,solid color top,mohair,black
1410,solid color top,mohair,red
1390,long sleeve,cotton,white
1343,long sleeve,faux leather,black
1391,long sleeve,cotton,green
1395,culottes,polyviscous,black
1385,medium cardigan,nice,black
1406,solid color top,mohair,blue
1368,long sleeve,faux leather,black
1379,long sleeve,nice,green
1366,long sleeve,nice,black
1380,culottes,cotton,grey
1398,sleeveless,georgette,red
1413,shirt dress,embossed,black
1311,medium coat,foam rubber,violet
1401,doll dress,scuba crepe,black
1388,long sleeve,cotton,violet
1384,long sleeve,cotton,white
1417,long coat,crepe,black
1381,long sleeve,faux leather,violet
1415,long sleeve,technical,black
1382,short coat,fur,green
1378,culottes,polyviscous,black
1396,sleeveless,georgette,black
1416,short coat,fur,black
1373,miniskirt,scuba crepe,black
1403,culottes,technical,black
1375,long sleeve,nice,green
1386,culottes,polyviscous,grey
1372,long sleeve,nice,black
1409,sleeveless,embossed,yellow
1397,trapeze dress,crepe,white
1405,trapeze dress,crepe,yellow
1404,sleeveless,scuba crepe,red
1356,trapeze dress,georgette,violet
1383,long sleeve,polyviscous,black
1394,long sleeve,crepe,black
1432,long sleeve,nice,violet
1433,long sleeve,nice,grey
1393,long sleeve,nice,violet
1231,long sleeve,jacquard,black
1434,medium cardigan,nice,black
1463,long sleeve,nice,black
1449,short coat,fur,black
1465,long sleeve,nice,grey
1427,long sleeve,nice,grey
1429,long sleeve,nice,brown
1430,long sleeve,nice,black
1446,medium cardigan,nice,black
1424,culottes,heavy jeans,blue
1421,culottes,heavy jeans,blue
1431,long sleeve,nice,grey
1428,long sleeve,nice,black
1460,drop sleeve,nice,blue
1454,long sleeve,nice,black
1423,culottes,heavy jeans,blue
1456,drop sleeve,nice,green
1461,drop sleeve,nice,grey
1426,long sleeve,nice,black
1435,long sleeve,nice,black
1412,long sleeve,technical,black
1418,culottes,embossed,black
1473,sleeveless,marocain,green
1399,sleeveless,embossed,blue
1470,trapeze dress,marocain,green
1448,shirt dress,embossed,black
1457,long sleeve,nice,black
1437,long sleeve,nice,violet
1402,sleeveless,georgette,black
1420,culottes,heavy jeans,blue
1362,kimono dress,georgette,black
1425,short coat,fur,brown
1443,long sleeve,nice,black
1444,long sleeve,nice,brown
1438,long sleeve,nice,violet
1439,long sleeve,nice,brown
1407,long sleeve,nice,black
1455,long sleeve,nice,black
1447,doll dress,embossed,black
1471,long sleeve,nice,black
1467,long coat,crepe,black
1474,long sleeve,nice,grey
1400,long sleeve,nice,yellow
1452,long sleeve,nice,red
1408,long coat,crepe,black
1445,long sleeve,nice,grey
1419,culottes,polyviscous,grey
1422,culottes,heavy jeans,blue
1459,short coat,fur,black
1484,drop sleeve,nice,grey
1478,drop sleeve,nice,blue
1451,long sleeve,nice,white
1485,long sleeve,nice,yellow
1502,long sleeve,nice,grey
1511,solid color top,mohair,violet
1453,short coat,fur,brown
1469,short coat,fur,blue
1508,culottes,scuba crepe,grey
1486,short coat,foam rubber,black
1466,short coat,foam rubber,red
1513,solid color top,mohair,grey
1450,long sleeve,nice,violet
1506,culottes,scuba crepe,grey
1442,long sleeve,nice,black
1517,miniskirt,scottish,black
1493,doll dress,scottish,black
1491,doll dress,tulle,brown
1479,doll dress,scuba crepe,black
1440,long sleeve,nice,green
1510,solid color top,mohair,blue
1490,long coat,cotton,black
1472,long sleeve,nice,black
1500,solid color top,lace,red
1495,sleeveless,tulle,brown
1494,long sleeve,jacquard,black
1462,culottes,bengaline,black
1482,short coat,mutton,black
1477,sleeveless,embossed,black
1504,long coat,cotton,green
1481,trapeze dress,velvet,black
1468,sleeveless,silky satin,brown
1488,sleeveless,velvet,black
1476,culottes,jacquard,black
1480,culottes,marocain,red
1514,long coat,crepe,black
1505,culottes,technical,black
1492,culottes,polyviscous,grey
1509,long coat,foam rubber,brown
1524,short sleeves,embossed,green
1515,kimono dress,nice,brown
1531,long cardigan,nice,black
1540,short sleeves,nice,yellow
1516,kimono dress,nice,green
1464,long sleeve,nice,violet
1458,long sleeve,nice,grey
1521,culottes,bengaline,black
1551,long sleeve,nice,black
1528,short coat,mutton,black
1565,drop sleeve,nice,black
1546,culottes,scuba crepe,black
1529,medium coat,piquet,black
1498,short sleeves,embossed,brown
1526,long coat,foam rubber,black
1507,gitana skirt,tulle,black
1530,long coat,crepe,black
1527,culottes,scuba crepe,grey
1555,medium cardigan,nice,grey
1535,long sleeve,nice,grey
1549,long sleeve,nice,grey
1545,sheath dress,ity,green
1501,long sleeve,nice,black
1557,long sleeve,nice,grey
1499,long sleeve,bengaline,black
1547,long sleeve,nice,black
1522,solid color top,lace,blue
1497,long dress,scuba crepe,black
1512,long coat,foam rubber,green
1518,solid color top,lace,black
1487,long sleeve,nice,green
1519,long coat,mutton,black
1523,long sleeve,nice,black
1539,solid color top,lurex,blue
1532,short coat,fur,black
1534,solid color top,lurex,grey
1556,solid color top,lurex,red
1483,drop sleeve,nice,green
1538,short coat,fur,yellow
1525,long sleeve,faux leather,black
1550,sheath dress,lace,green
1577,long sleeve,scuba crepe,black
1496,culottes,bengaline,black
1552,drop sleeve,nice,grey
1567,medium cardigan,nice,grey
1579,short coat,foam rubber,black
1610,patterned top,lurex,brown
1586,trapeze dress,jacquard,grey
1602,long coat,foam rubber,black
1606,shirt dress,crepe,grey
1574,short coat,foam rubber,red
1563,culottes,cotton,black
1572,long sleeve,nice,brown
1604,long coat,acrylic,black
1611,solid color top,mohair,brown
1542,long sleeve,nice,grey
1568,medium cardigan,nice,black
1589,short cardigan,nice,black
1560,sleeveless,scuba crepe,black
1570,short sleeves,nice,brown
1566,long sleeve,nice,black
1553,long sleeve,nice,brown
1569,short sleeves,nice,black
1544,culottes,cotton,black
1588,shirt dress,crepe,black
1576,long sleeve,nice,black
1489,long sleeve,nice,yellow
1543,long sleeve,nice,black
1575,medium cardigan,nice,black
1596,trapeze dress,jacquard,grey
1559,culottes,scuba crepe,black
1583,culottes,faux leather,black
1554,medium cardigan,nice,black
1580,doll dress,scuba crepe,black
1541,culottes,cotton,black
1595,trapeze dress,jacquard,grey
1601,patterned top,lurex,blue
1585,culottes,faux leather,black
1605,sheath dress,polyviscous,black
1558,long coat,foam rubber,black
1584,short sleeves,nice,black
1537,long sleeve,nice,black
1573,short cardigan,nice,black
1582,long coat,foam rubber,brown
1593,sheath dress,milano stitch,black
1590,trapeze dress,scuba crepe,white
1599,long sleeve,nice,grey
1536,long sleeve,nice,black
1564,sleeveless,georgette,green
1520,long sleeve,nice,brown
1609,long coat,cloth,red
1598,kimono dress,nice,brown
1561,drop sleeve,nice,grey
1578,solid color top,lurex,grey
1441,long sleeve,nice,red
1571,medium coat,foam rubber,black
1587,long sleeve,scuba crepe,black
1475,short coat,mutton,brown
1562,medium coat,foam rubber,brown
1612,long coat,cloth,brown
1626,sleeveless,jacquard,grey
1645,doll dress,polyviscous,grey
1608,long coat,cloth,black
1650,doll dress,georgette,black
1597,culottes,milano stitch,black
1618,culottes,nice,black
1636,culottes,milano stitch,black
1613,long coat,crepe,black
1099,sleeveless,lace,black
1643,culottes,scuba crepe,black
1632,long sleeve,mohair,grey
1635,long sleeve,mohair,blue
1648,long sleeve,mohair,grey
1639,long sleeve,mohair,black
1651,culottes,polyviscous,grey
1644,maxi,acrylic,black
1624,long sleeve,mohair,white
1633,long coat,cloth,brown
1600,doll dress,scuba crepe,black
1631,solid color top,devore,black
1646,patterned top,acrylic,blue
1620,culottes,technical,black
1617,culottes,nice,black
1623,culottes,marocain,white
1622,culottes,polyviscous,black
1625,sleeveless,scuba crepe,grey
1619,trapeze dress,jacquard,violet
1637,culottes,milano stitch,black
1638,long sleeve,georgette,grey
1630,short coat,foam rubber,black
1603,long sleeve,milano stitch,black
1616,patterned top,lurex,red
1607,short sleeves,acrylic,black
1629,patterned top,lurex,red
1581,drop sleeve,nice,grey
1627,short coat,foam rubber,brown
1658,long sleeve,nice,grey
1657,long sleeve,nice,brown
1594,long coat,piquet,black
1548,long sleeve,nice,black
1653,long sleeve,embossed,brown
1642,long sleeve,mohair,grey
1628,long sleeve,mohair,blue
1647,long coat,cloth,black
1659,miniskirt,scottish,red
1663,kimono dress,acrylic,brown
1656,short sleeves,nice,grey
1660,doll dress,scottish,red
1654,long sleeve,nice,black
1655,long sleeve,nice,grey
1671,kimono dress,acrylic,grey
1666,trapeze dress,georgette,blue
1591,short sleeves,scuba crepe,brown
1664,kimono dress,acrylic,grey
1668,kimono dress,acrylic,grey
1503,long sleeve,faux leather,black
1652,long sleeve,faux leather,red
1673,kimono dress,acrylic,brown
1665,culottes,cotton,black
1669,long sleeve,embossed,red
1661,long sleeve,nice,white
1707,long sleeve,marocain,brown
1704,long sleeve,marocain,green
1690,doll dress,embossed,red
1708,long sleeve,embossed,red
1684,culottes,cotton,brown
1716,kimono dress,acrylic,grey
1702,long sleeve,crepe,blue
1681,kimono dress,acrylic,black
1691,long duster,acrylic,red
1686,long sleeve,nice,brown
1693,maxi,crepe,white
1614,long sleeve,mohair,grey
1710,long sleeve,nice,grey
1695,long sleeve,acrylic,black
1640,sleeveless,mohair,white
1692,trapeze dress,acrylic,grey
1717,long coat,foam rubber,black
1696,long coat,cloth,black
1688,long sleeve,acrylic,white
1694,medium cardigan,nice,grey
1697,shirt dress,marocain,green
1700,doll dress,crepe,white
1674,doll dress,georgette,red
1676,long sleeve,nice,black
1679,long sleeve,nice,brown
1592,medium cardigan,mohair,black
1685,sleeveless,nice,brown
1675,solid color top,matte jersey,black
1715,short coat,mutton,black
1662,long sleeve,nice,brown
1533,culottes,heavy jeans,blue
1682,patterned top,matte jersey,brown
1705,long sleeve,embossed,blue
1714,doll dress,scuba crepe,grey
1701,culottes,technical,black
1698,long sleeve,faux leather,black
1678,long sleeve,nice,brown
1677,long sleeve,nice,black
1706,culottes,polyviscous,grey
1667,long sleeve,georgette,brown
1709,miniskirt,scuba crepe,grey
1672,sleeveless,nice,black
1718,doll dress,scuba crepe,black
1721,short sleeves,nice,brown
1723,culottes,polyviscous,grey
1730,culottes,scuba crepe,black
1687,long sleeve,nice,black
1726,culottes,scuba crepe,grey
1720,short sleeves,nice,grey
1615,long sleeve,mohair,black
1725,kimono dress,acrylic,blue
1731,long sleeve,nice,grey
1703,long coat,foam rubber,brown
1733,long sleeve,nice,black
1743,long sleeve,nice,black
1699,culottes,scuba crepe,black
1757,long sleeve,nice,red
1724,kimono dress,acrylic,grey
1747,long sleeve,nice,black
1746,long sleeve,nice,grey
1749,long sleeve,nice,black
1641,culottes,nice,brown
1711,long coat,cloth,black
1739,long sleeve,nice,black
1737,medium cardigan,nice,black
1736,long sleeve,nice,black
1732,solid color top,mohair,red
1712,long coat,cloth,blue
1752,long coat,foam rubber,grey
1727,long coat,foam rubber,black
1728,long sleeve,nice,black
1740,solid color top,devore,black
1735,long sleeve,nice,yellow
1722,kimono dress,acrylic,brown
1751,long sleeve,nice,brown
1742,long sleeve,nice,brown
1729,long sleeve,nice,black
1750,long sleeve,nice,grey
1734,long sleeve,nice,brown
1748,long sleeve,nice,grey
1755,culottes,technical,black
1719,long sleeve,nice,black
1758,long sleeve,nice,black
1760,long sleeve,nice,red
1775,long dress,tulle,black
1773,long sleeve,nice,yellow
1776,long sleeve,nice,grey
1772,sheath dress,lace,black
1767,sleeveless,lace,black
1761,sleeveless,nice,yellow
1768,short cardigan,nice,black
1780,long coat,cloth,black
1765,long sleeve,nice,green
1753,long sleeve,nice,blue
1738,long sleeve,nice,brown
1762,medium cardigan,nice,black
1786,long sleeve,mohair,black
1764,long sleeve,nice,black
1774,long coat,foam rubber,green
1788,long coat,foam rubber,black
1782,long sleeve,nice,grey
1754,long sleeve,nice,black
1745,long sleeve,nice,red
1766,long dress,lace,black
1785,long coat,fur,black
1783,medium coat,fur,black
1787,long coat,cloth,grey
1689,sleeveless,nice,brown
1713,long sleeve,acrylic,yellow
1789,long coat,cloth,brown
1741,solid color top,matte jersey,red
1756,long sleeve,acrylic,green
1769,long sleeve,acrylic,black
1759,medium cardigan,nice,grey
1831,long sleeve,hron,white
1808,long sleeve,hron,brown
1781,long sleeve,mohair,yellow
1815,long sleeve,hron,brown
1794,long sleeve,nice,black
1649,long sleeve,mohair,black
1824,long sleeve,embossed,grey
1817,long sleeve,hron,white
1813,short cardigan,hron,black
1820,kimono dress,nice,brown
1807,kimono dress,nice,black
1811,long sleeve,hron,black
1826,short cardigan,hron,white
1796,trapeze dress,tulle,black
1670,long sleeve,acrylic,white
1771,sleeveless,tulle,black
1784,long sleeve,nice,yellow
1810,culottes,cotton,brown
1821,doll dress,lace,green
1790,long coat,piquet,black
1800,solid color top,mohair,grey
1791,solid color top,tulle,black
1801,short sleeves,nice,black
1803,sleeveless,lace,blue
1833,culottes,cotton,violet
1822,culottes,cotton,black
1806,patterned top,tulle,black
1809,doll dress,georgette,black
1832,kimono dress,mohair,grey
1827,patterned top,tulle,brown
1778,sleeveless,lace,black
1777,doll dress,lace,white
1798,culottes,technical,black
1795,sleeveless,georgette,red
1834,patterned top,matte jersey,black
1812,solid color top,frise,black
1805,miniskirt,scuba crepe,black
1770,doll dress,lace,black
1814,trapeze dress,polyviscous,black
1799,long sleeve,nice,grey
1779,sheath dress,scuba crepe,red
1830,doll dress,scuba crepe,black
1802,culottes,polyviscous,red
1804,kimono dress,mohair,violet
1829,culottes,polyviscous,black
1846,solid color top,matte jersey,black
1849,sheath dress,acrylic,grey
1836,culottes,cotton,green
1853,sheath dress,acrylic,black
1850,solid color top,frise,black
1841,long coat,foam rubber,white
1840,long coat,foam rubber,black
1858,trapeze dress,acrylic,black
1842,long coat,foam rubber,black
1857,doll dress,embossed,black
1848,long coat,foam rubber,black
1865,solid color top,devore,black
1792,long duster,mohair,grey
1797,long duster,mohair,black
1859,solid color top,frise,violet
1867,solid color top,acrylic,grey
1861,solid color top,acrylic,blue
1828,solid color top,frise,violet
1860,culottes,milano stitch,grey
1680,culottes,milano stitch,grey
1862,culottes,scuba crepe,black
1847,culottes,milano stitch,black
1864,sleeveless,silky satin,violet
1856,medium coat,cotton,green
1825,long sleeve,hron,black
1837,short cardigan,nice,black
1816,long sleeve,hron,brown
1838,long sleeve,hron,black
1818,long sleeve,hron,white
1389,long sleeve,nice,grey
1839,long sleeve,hron,white
1844,long coat,foam rubber,black
1763,sleeveless,nice,green
1854,medium coat,cotton,black
1845,long coat,foam rubber,green
1835,kimono dress,mohair,brown
1866,short coat,fur,green
1852,short coat,fur,violet
1819,long sleeve,georgette,white
1855,solid color top,acrylic,black
1823,long sleeve,lace,black
1894,solid color top,acrylic,blue
1895,solid color top,acrylic,violet
1880,culottes,technical,black
1436,sleeveless,acrylic,black
1899,patterned top,acrylic,black
1887,maxi,acrylic,grey
1878,sleeveless,silky satin,red
1877,sleeveless,silky satin,black
1883,sleeveless,silky satin,green
1875,short sleeves,acrylic,black
1868,long sleeve,embossed,black
1891,doll dress,polyviscous,grey
1863,long dress,embossed,black
1890,doll dress,acrylic,red
1025,long sleeve,faux leather,black
1873,short coat,fur,black
1876,short sleeves,acrylic,black
1872,short sleeves,acrylic,black
1869,short coat,fur,black
1870,long coat,foam rubber,white
1851,long coat,foam rubber,white
1882,culottes,polyviscous,black
1898,short coat,cloth,black
1879,maxi,silky satin,violet
1881,sleeveless,devore,orange
1893,short coat,foam rubber,black
1414,sleeveless,acrylic,black
1892,short coat,fur,black
1896,culottes,scuba crepe,black
1900,short coat,foam rubber,black
1889,medium cardigan,acrylic,black
1871,solid color top,acrylic,red
1897,medium cardigan,acrylic,grey
1874,solid color top,acrylic,black
1902,long sleeve,cotton,black
1903,culottes,dark jeans,blue
1901,culottes,technical,black
1921,long sleeve,acrylic,green
1907,printed shirt,matte jersey,white
1915,printed shirt,matte jersey,white
1793,sleeveless,nice,blue
1912,drop sleeve,nice,white
1918,drop sleeve,nice,black
1911,drop sleeve,nice,black
1917,drop sleeve,nice,black
1910,drop sleeve,nice,white
1683,long coat,mutton,brown
1922,long sleeve,acrylic,blue
1924,culottes,cotton,green
1909,medium cardigan,nice,black
1908,short cardigan,nice,black
1905,short cardigan,nice,black
1888,solid color top,acrylic,red
1904,culottes,dark jeans,blue
1927,long sleeve,acrylic,grey
1929,long sleeve,acrylic,violet
1926,long sleeve,acrylic,red
1930,trapeze dress,scuba crepe,grey
1931,trapeze dress,scuba crepe,black
1928,long sleeve,acrylic,grey
1923,long sleeve,acrylic,yellow
1932,short coat,faux leather,black
1925,culottes,scuba crepe,black
1914,printed shirt,matte jersey,white
1919,printed shirt,matte jersey,white
1336,long coat,cloth,black
1240,long sleeve,cotton,blue
1884,sleeveless,devore,black
1392,sleeveless,acrylic,brown
1621,culottes,nice,brown
1202,culottes,cotton,grey
1947,sleeveless,embossed,black
1946,doll dress,georgette,grey
1949,short coat,foam rubber,blue
1130,long sleeve,technical,black
1941,kimono dress,nice,yellow
1934,kimono dress,nice,green
1948,short coat,foam rubber,white
1933,long sleeve,cotton,white
1936,long sleeve,cotton,blue
1940,culottes,cotton,black
1128,culottes,scuba crepe,black
1938,culottes,technical,black
1937,trapeze dress,embossed,blue
1943,long sleeve,nice,white
1951,long dress,embossed,yellow
1942,long sleeve,nice,grey
1972,long sleeve,nice,green
1955,short coat,faux leather,black
1939,long sleeve,marocain,brown
1950,culottes,milano stitch,black
1959,long sleeve,marocain,brown
1953,short coat,foam rubber,black
1956,patterned top,tulle,black
1952,culottes,jacquard,green
1960,solid color top,matte jersey,black
1136,printed shirt,matte jersey,white
1964,solid color top,lurex,brown
1966,shirt dress,silky satin,red
1387,sleeveless,acrylic,brown
1945,short sleeves,silky satin,violet
1963,short coat,faux leather,black
1973,doll dress,georgette,green
1970,long sleeve,faux leather,black
1962,culottes,light jeans,blue
1954,short coat,dark jeans,blue
1944,long sleeve,cotton,black
1971,short sleeves,silky satin,white
1980,culottes,dark jeans,blue
1998,sleeveless,silky satin,black
1981,culottes,dark jeans,blue
2003,trapeze dress,crepe,brown
1988,short coat,faux leather,yellow
1967,solid color top,lurex,green
1958,patterned top,tulle,violet
1978,printed shirt,matte jersey,black
2010,culottes,scuba crepe,black
1979,culottes,jacquard,black
2002,doll dress,matte jersey,brown
1990,long sleeve,cotton,violet
1977,culottes,polyviscous,yellow
1999,solid color top,lurex,blue
1969,culottes,jacquard,black
1993,long sleeve,cotton,yellow
1983,long sleeve,georgette,black
1965,long sleeve,nice,violet
1127,sleeveless,lace,black
1984,short coat,faux leather,black
2004,solid color top,lurex,white
1991,short sleeves,georgette,brown
1996,short coat,faux leather,black
2005,long sleeve,crepe,brown
1974,patterned top,tulle,violet
1961,culottes,dark jeans,blue
1975,patterned top,tulle,brown
1976,culottes,bengaline,black
2000,long sleeve,scuba crepe,black
1994,solid color top,lurex,grey
2006,culottes,light jeans,blue
2035,drop sleeve,embossed,brown
2030,maxi,georgette,black
2001,culottes,dark jeans,blue
2007,long sleeve,silky satin,blue
2020,culottes,cotton,black
1997,short sleeves,georgette,black
2026,long sleeve,cady,black
2019,drop sleeve,embossed,black
2033,doll dress,georgette,red
2016,doll dress,georgette,black
1634,sleeveless,mohair,black
2038,long dress,georgette,black
2036,solid color top,lurex,grey
1995,long sleeve,cotton,yellow
2032,culottes,cady,black
2014,long sleeve,dark jeans,blue
2015,long sleeve,marocain,brown
2022,culottes,cotton,brown
2021,doll dress,embossed,black
2012,solid color top,lurex,grey
2027,solid color top,acrylic,black
2018,trapeze dress,polyviscous,black
1968,solid color top,acrylic,black
1957,short coat,faux leather,brown
2008,culottes,dark jeans,blue
1935,long sleeve,georgette,black
2011,doll dress,scuba crepe,yellow
2009,sleeveless,georgette,black
2034,drop sleeve,embossed,white
2013,doll dress,silky satin,grey
1109,doll dress,lace,black
2023,short coat,faux leather,black
2024,sleeveless,georgette,white
2045,sleeveless,georgette,black
2040,culottes,light jeans,blue
2051,doll dress,scuba crepe,brown
2067,solid color top,lurex,violet
2046,culottes,cotton,blue
2057,culottes,technical,black
2056,culottes,technical,violet
2029,sleeveless,georgette,red
2064,printed shirt,matte jersey,white
1989,patterned top,tulle,black
2028,culottes,cotton,green
2063,printed shirt,matte jersey,black
2058,sleeveless,silky satin,brown
2069,medium coat,silky satin,violet
2093,solid color top,matte jersey,violet
2074,patterned top,tulle,black
2048,long sleeve,silky satin,violet
2043,culottes,technical,blue
2072,solid color top,lurex,green
1065,solid color top,matte jersey,blue
2042,culottes,technical,black
2054,printed shirt,matte jersey,black
2044,short coat,faux leather,black
1913,printed shirt,matte jersey,white
2081,short coat,faux leather,red
2062,long sleeve,georgette,white
2075,short coat,faux leather,brown
2086,culottes,polyviscous,black
2017,long sleeve,embossed,black
2085,solid color top,lurex,white
1987,printed shirt,matte jersey,white
2068,short coat,faux leather,black
2070,short coat,faux leather,brown
2047,solid color top,frise,grey
2091,long sleeve,light jeans,blue
2049,culottes,technical,black
2087,long sleeve,georgette,white
2059,shirt dress,silky satin,black
2083,doll dress,tulle,black
2071,solid color top,lurex,violet
2060,sleeveless,faux leather,black
2065,culottes,scuba crepe,black
2025,drop sleeve,embossed,white
2080,solid color top,lurex,green
2077,short coat,faux leather,black
2078,solid color top,lurex,grey
2039,long sleeve,light jeans,blue
2061,short coat,faux leather,black
2089,kimono dress,georgette,grey
2053,solid color top,lurex,white
2117,long sleeve,frise,violet
2100,culottes,cotton,black
2124,culottes,crepe,black
2099,doll dress,georgette,black
2101,long sleeve,cotton,white
2052,long sleeve,technical,black
2097,doll dress,georgette,green
2110,culottes,dark jeans,blue
2102,culottes,polyviscous,black
2115,doll dress,georgette,black
2090,patterned top,tulle,green
2109,culottes,light jeans,blue
2118,culottes,light jeans,blue
2084,sleeveless,embossed,black
2092,sleeveless,embossed,green
2066,sleeveless,embossed,black
1992,patterned top,tulle,black
2031,doll dress,embossed,black
2121,printed shirt,matte jersey,violet
2123,short sleeves,silky satin,violet
2111,doll dress,georgette,red
2146,culottes,crepe,black
2141,doll dress,silky satin,black
2073,solid color top,matte jersey,black
2133,culottes,cotton,blue
2112,culottes,cotton,green
2103,short sleeves,silky satin,white
2119,sleeveless,faux leather,violet
2132,patterned top,matte jersey,white
2131,patterned top,matte jersey,grey
2107,printed shirt,matte jersey,green
2138,doll dress,silky satin,black
2137,doll dress,georgette,blue
2147,doll dress,georgette,violet
2120,short coat,faux leather,black
2126,short coat,faux leather,red
2116,long sleeve,cotton,blue
2139,sleeveless,georgette,white
2143,long sleeve,georgette,white
2136,doll dress,technical,brown
2140,long sleeve,technical,black
2082,kimono dress,embossed,violet
2135,short coat,faux leather,black
2098,short coat,faux leather,violet
2130,printed shirt,matte jersey,grey
2104,solid color top,matte jersey,black
2106,solid color top,matte jersey,blue
2105,solid color top,matte jersey,blue
2122,solid color top,matte jersey,black
2108,solid color top,matte jersey,violet
2159,solid color top,lurex,violet
2162,culottes,light jeans,blue
2145,culottes,technical,black
2149,medium coat,ottoman,black
2144,long sleeve,jacquard,black
2142,long sleeve,georgette,black
2088,solid color top,matte jersey,blue
2148,long sleeve,georgette,white
2160,sleeveless,lace,black
2152,doll dress,lace,black
2079,solid color top,matte jersey,blue
2050,solid color top,matte jersey,black
2166,sleeveless,faux leather,black
2161,long dress,embossed,black
2168,short sleeves,georgette,violet
2174,long coat,cotton,brown
2194,culottes,technical,black
2178,culottes,silky satin,white
2175,drop sleeve,silky satin,white
2184,jumpsuit,silky satin,white
2179,trapeze dress,georgette,black
2205,long sleeve,frise,violet
2185,trapeze dress,georgette,violet
2209,long sleeve,frise,blue
2164,culottes,dark jeans,blue
2190,trapeze dress,georgette,black
2183,long coat,cotton,black
2155,short sleeves,georgette,white
2177,solid color top,tulle,black
2169,culottes,light jeans,blue
2127,culottes,light jeans,blue
2210,long sleeve,cotton,black
2172,sleeveless,silky satin,black
2176,culottes,light jeans,blue
2189,long sleeve,frise,blue
2188,long sleeve,frise,brown
2181,culottes,light jeans,blue
2187,doll dress,matte jersey,brown
2196,long sleeve,cotton,blue
2199,long sleeve,cotton,black
2191,long sleeve,faux leather,black
2207,jumpsuit,matte jersey,black
2153,long sleeve,georgette,white
2216,sleeveless,matte jersey,black
2154,shirt dress,embossed,black
2157,short coat,cotton,black
2170,culottes,cotton,black
2163,sleeveless,georgette,grey
2173,culottes,dark jeans,blue
2094,long sleeve,embossed,brown
2193,solid color top,tulle,black
2198,patterned top,tulle,white
2201,long sleeve,frise,green
2134,culottes,technical,blue
2150,trapeze dress,polyviscous,violet
2151,trapeze dress,polyviscous,black
2156,culottes,polyviscous,black
2167,culottes,polyviscous,blue
2203,patterned top,tulle,white
2223,sleeveless,tulle,black
2195,sleeveless,georgette,violet
2208,patterned top,tulle,white
2192,kimono dress,frise,blue
2241,culottes,fluid,blue
2219,culottes,technical,brown
2186,long sleeve,cotton,blue
2217,patterned top,tulle,white
2228,culottes,cotton,violet
2244,culottes,cotton,green
2236,culottes,polyviscous,blue
2231,solid color top,devore,red
2225,solid color top,devore,black
2242,long sleeve,georgette,violet
2114,long sleeve,cotton,white
2171,sleeveless,georgette,violet
2212,long sleeve,georgette,white
2238,solid color top,frise,brown
2206,sleeveless,georgette,black
2233,doll dress,georgette,brown
2227,solid color top,devore,black
2237,sleeveless,georgette,brown
2211,long sleeve,georgette,white
2230,jumpsuit,fluid,black
2215,patterned top,tulle,black
2202,patterned top,tulle,white
2200,doll dress,matte jersey,black
2222,solid color top,tulle,red
2226,culottes,cotton,brown
2229,culottes,cotton,blue
2220,patterned top,tulle,white
2197,miniskirt,technical,black
2243,culottes,cotton,black
2221,short sleeves,georgette,black
2218,shirt dress,silky satin,white
2182,trapeze dress,silky satin,black
2250,doll dress,matte jersey,brown
2263,doll dress,tulle,grey
2278,kimono dress,frise,violet
2248,kimono dress,frise,brown
2283,culottes,technical,black
2260,culottes,polyviscous,white
2295,solid color top,georgette,brown
2274,sleeveless,georgette,violet
2251,sleeveless,georgette,blue
2269,patterned top,tulle,violet
2287,long sleeve,cotton,black
2280,long sleeve,cotton,black
2275,sheath dress,matte jersey,grey
2292,long sleeve,faux leather,red
2253,trapeze dress,silky satin,blue
2257,solid color top,devore,red
2289,culottes,fluid,black
2113,culottes,light jeans,blue
2234,solid color top,matte jersey,black
2299,solid color top,devore,blue
2284,solid color top,devore,violet
2276,drop sleeve,polyviscous,blue
2256,medium cardigan,frise,violet
2095,culottes,light jeans,blue
2273,trapeze dress,georgette,black
2297,doll dress,crepe,black
2258,medium coat,jacquard,yellow
2290,solid color top,lace,violet
2204,kimono dress,frise,white
2272,doll dress,scuba crepe,black
2265,kimono dress,frise,brown
2249,maxi,georgette,blue
2298,short sleeves,georgette,yellow
2277,doll dress,georgette,white
2270,doll dress,tulle,violet
2180,short sleeves,georgette,violet
2271,solid color top,devore,blue
2259,medium coat,silky satin,black
2255,sleeveless,silky satin,black
2294,culottes,jacquard,black
2252,doll dress,georgette,blue
2286,solid color top,lace,white
2264,drop sleeve,georgette,white
2279,medium coat,jacquard,grey
2268,kimono dress,frise,violet
2266,kimono dress,frise,blue
2267,culottes,jacquard,blue
2305,long sleeve,embossed,white
2282,long sleeve,cotton,blue
2303,long sleeve,georgette,white
2285,sleeveless,georgette,white
2291,sleeveless,georgette,white
2302,short sleeves,georgette,red
2304,culottes,dark jeans,blue
2300,solid color top,lace,blue
2296,solid color top,devore,violet
2262,culottes,technical,blue
2213,sleeveless,georgette,black
2311,culottes,bengaline,yellow
2246,long sleeve,polyviscous,white
2306,patterned top,tulle,white
2293,culottes,jacquard,brown
2313,long sleeve,georgette,yellow
2309,drop sleeve,bengaline,violet
2312,sleeveless,georgette,white
2320,solid color top,frise,black
2319,short sleeves,georgette,black
2332,doll dress,matte jersey,green
2317,long sleeve,technical,red
2337,culottes,dark jeans,blue
2318,sleeveless,matte jersey,brown
2331,doll dress,matte jersey,black
2308,long sleeve,cotton,white
2322,short sleeves,georgette,white
2310,drop sleeve,georgette,white
2315,sleeveless,georgette,red
2324,trapeze dress,georgette,black
2325,doll dress,scuba crepe,brown
2333,short sleeves,georgette,violet
2326,sleeveless,georgette,green
2329,sleeveless,georgette,black
2330,sleeveless,silky satin,black
2327,culottes,technical,red
2239,sleeveless,polyviscous,white
2321,shirt dress,silky satin,black
2314,medium coat,polyviscous,violet
2355,long dress,tulle,green
2338,kimono dress,frise,brown
2345,kimono dress,frise,violet
2342,sleeveless,georgette,blue
2354,doll dress,georgette,blue
2378,solid color top,frise,green
2339,sleeveless,georgette,violet
2334,doll dress,georgette,violet
2347,culottes,cotton,grey
2364,short sleeves,cotton,blue
2335,short sleeves,georgette,white
2367,short sleeves,silky satin,yellow
2341,trapeze dress,silky satin,black
2348,short sleeves,georgette,black
2353,solid color top,frise,green
2372,solid color top,frise,white
2360,patterned top,frise,brown
2336,doll dress,georgette,green
2368,doll dress,tulle,green
2371,solid color top,frise,white
2380,patterned top,frise,grey
2373,short sleeves,tulle,green
2374,sleeveless,lace,red
2328,long sleeve,silky satin,brown
2383,sheath dress,jacquard,black
2365,long dress,tulle,black
2379,sleeveless,georgette,violet
2352,solid color top,frise,violet
2381,solid color top,frise,blue
2359,doll dress,georgette,green
2340,kimono dress,frise,blue
2363,short sleeves,cotton,white
2356,short sleeves,cotton,red
2346,culottes,cotton,grey
2357,short sleeves,cotton,white
2369,culottes,cotton,white
2366,doll dress,georgette,violet
2361,culottes,cotton,brown
2376,culottes,technical,violet
2358,long sleeve,satin cotton,brown
2362,long sleeve,polyviscous,violet
2375,culottes,embossed,blue
2343,culottes,light jeans,blue
2316,drop sleeve,satin cotton,black
2349,culottes,cotton,white
2323,miniskirt,polyviscous,blue
2344,long sleeve,embossed,violet
2370,culottes,satin cotton,violet
2307,culottes,cotton,green
2388,long dress,tulle,blue
2384,long dress,georgette,violet
2389,drop sleeve,georgette,violet
2398,gitana skirt,georgette,black
2386,long dress,tulle,violet
2390,long dress,tulle,violet
2382,drop sleeve,jacquard,yellow
2385,culottes,satin cotton,black
2424,doll dress,georgette,white
2396,doll dress,georgette,black
2401,culottes,silky satin,white
2406,sleeveless,georgette,violet
2421,short sleeves,georgette,violet
2410,long sleeve,georgette,black
2391,culottes,cotton,black
2402,capris,bengaline,black
2403,doll dress,georgette,black
2420,patterned top,tulle,red
2387,solid color top,frise,violet
2412,solid color top,lurex,white
2392,doll dress,lace,red
2404,solid color top,lurex,green
2409,culottes,satin cotton,brown
2416,drop sleeve,bengaline,red
2399,long sleeve,georgette,black
2405,culottes,satin cotton,blue
2407,culottes,satin cotton,white
2350,solid color top,frise,violet
2377,solid color top,frise,violet
2393,culottes,bengaline,black
2418,capris,cotton,brown
2415,capris,cotton,blue
2423,capris,cotton,black
2395,kimono dress,frise,violet
2452,patterned top,tactel,white
2449,jumpsuit,chambree,blue
2437,culottes,chambree,blue
2461,long dress,georgette,green
2427,culottes,linen,black
2448,miniskirt,bengaline,blue
2454,patterned top,tactel,white
2453,patterned top,tactel,grey
2428,culottes,linen,green
2429,culottes,linen,blue
2457,culottes,linen,grey
2468,culottes,linen,violet
2465,solid color top,frise,blue
2464,solid color top,frise,violet
2458,solid color top,frise,blue
2460,patterned top,tactel,yellow
2431,long dress,embossed,green
2430,shorts,crepe,blue
2414,patterned top,tulle,white
2462,doll dress,georgette,white
2445,doll dress,georgette,black
2425,capris,bengaline,red
2467,doll dress,tulle,white
2443,culottes,bengaline,black
2459,short sleeves,polyviscous,white
2456,culottes,dark jeans,blue
2442,culottes,bengaline,white
2469,short sleeves,cotton,black
2471,sleeveless,georgette,white
2470,sleeveless,georgette,black
2394,solid color top,lurex,white
2400,sleeveless,crepe,yellow
2397,sleeveless,crepe,black
2463,culottes,linen,green
2441,patterned top,lurex,green
2432,patterned top,lurex,white
2411,solid color top,lurex,violet
2433,maxi,georgette,green
2455,maxi,georgette,black
2422,drop sleeve,bengaline,yellow
2466,sleeveless,georgette,green
2439,short sleeves,macrame,white
2444,short sleeves,macrame,violet
2436,culottes,bengaline,blue
2426,patterned top,tulle,brown
2408,patterned top,tulle,black
2413,patterned top,tulle,red
2440,short sleeves,embossed,black
2434,long sleeve,georgette,black
2417,kimono dress,frise,brown
2261,culottes,light jeans,blue
2435,capris,cotton,white
2476,long dress,silky satin,black
2481,drop sleeve,linen,green
2490,doll dress,georgette,violet
2500,doll dress,georgette,green
2498,long dress,georgette,violet
2477,kimono dress,georgette,green
2484,short sleeves,viscose twill,white
2479,shirt dress,linen,white
2493,long dress,viscose twill,green
2492,doll dress,georgette,white
2474,culottes,technical,white
2483,shirt dress,linen,blue
2419,long sleeve,georgette,black
2499,long sleeve,georgette,black
2494,long sleeve,georgette,white
2487,sleeveless,georgette,white
2497,capris,bengaline,green
2478,short sleeves,cotton,black
2488,culottes,bengaline,green
2480,short sleeves,viscose twill,white
2485,short sleeves,viscose twill,blue
2472,solid color top,frise,violet
2475,drop sleeve,lace,white
2482,long sleeve,technical,white
2491,long dress,georgette,white
2495,drop sleeve,bengaline,green
2489,short sleeves,georgette,violet
2496,short sleeves,georgette,green
2501,short sleeves,georgette,violet
2450,sleeveless,georgette,black
2486,drop sleeve,lace,violet
2512,sleeveless,linen,white
2505,short sleeves,viscose twill,blue
2520,short sleeves,viscose twill,white
2521,gitana skirt,linen,white
2506,culottes,viscose twill,black
2516,culottes,viscose twill,green
2509,sleeveless,linen,violet
2517,sleeveless,linen,green
2510,culottes,viscose twill,blue
2504,long sleeve,muslin cotton or silk,blue
2531,long dress,georgette,white
2532,short sleeves,georgette,black
2503,long sleeve,cotton,blue
2538,solid color top,matte jersey,white
2513,solid color top,matte jersey,violet
2543,culottes,linen,blue
2529,shorts,cotton,green
2511,culottes,satin cotton,black
2525,short sleeves,viscose twill,green
2527,short sleeves,georgette,white
2502,long sleeve,viscose twill,white
2522,culottes,linen,black
2507,culottes,linen,green
2515,short sleeves,georgette,black
2526,long dress,viscose twill,blue
2214,sleeveless,georgette,white
2536,culottes,linen,blue
2519,long dress,tulle,black
2540,sleeveless,frise,green
2534,doll dress,georgette,orange
2438,kimono dress,cotton,blue
2539,sleeveless,frise,blue
2544,sleeveless,frise,brown
2473,sleeveless,georgette,black
2542,sleeveless,georgette,red
2524,culottes,bengaline,violet
2508,long dress,georgette,black
2528,sleeveless,frise,violet
2541,capris,bengaline,violet
2514,drop sleeve,bengaline,violet
2546,doll dress,georgette,white
2447,patterned top,tulle,black
2537,sleeveless,frise,white
2551,jumpsuit,embossed,black
2554,sleeveless,muslin cotton or silk,green
2570,culottes,embossed,green
2553,culottes,embossed,black
2564,long sleeve,muslin cotton or silk,white
2561,long sleeve,muslin cotton or silk,blue
2550,jumpsuit,embossed,black
2567,long sleeve,muslin cotton or silk,green
2573,jumpsuit,embossed,green
2549,short sleeves,viscose twill,blue
2547,sleeveless,georgette,orange
2523,sleeveless,georgette,black
2545,solid color top,georgette,orange
2557,sleeveless,georgette,black
2568,long sleeve,georgette,black
2555,long dress,georgette,black
2572,kimono dress,webbing,white
2552,gitana skirt,muslin cotton or silk,green
2533,solid color top,matte jersey,black
2518,shorts,cotton,black
2535,shorts,cotton,white
2530,shorts,cotton,blue
2548,short sleeves,viscose twill,grey
2563,culottes,linen,grey
2565,sleeveless,muslin cotton or silk,white
2559,culottes,linen,blue
2556,jumpsuit,georgette,black
2560,doll dress,georgette,black
2558,sleeveless,muslin cotton or silk,white
2571,sleeveless,muslin cotton or silk,blue
2574,sleeveless,muslin cotton or silk,blue
2566,sleeveless,muslin cotton or silk,violet
2596,jumpsuit,embossed,black
2586,shorts,light jeans,blue
2594,long dress,viscose twill,orange
2583,jumpsuit,embossed,black
2584,gitana skirt,viscose twill,white
2589,sleeveless,viscose twill,red
2582,gitana skirt,viscose twill,orange
2575,sleeveless,viscose twill,white
2581,short sleeves,viscose twill,white
2579,patterned top,silky satin,black
2605,solid color top,cotton,green
2569,solid color top,cotton,white
2593,patterned top,silky satin,black
2590,kimono dress,webbing,violet
2597,solid color top,cotton,blue
2578,solid color top,cotton,white
2576,sleeveless,webbing,red
2601,culottes,polyviscous,black
2598,short sleeves,viscose twill,white
2595,short sleeves,embossed,white
2591,long dress,chine crepe,blue
2577,shorts,light jeans,blue
2592,sleeveless,frise,violet
2585,culottes,viscose twill,blue
2562,short sleeves,georgette,violet
2588,culottes,embossed,black
2610,sleeveless,webbing,green
2599,culottes,linen,brown
2600,sleeveless,webbing,black
2615,shorts,light jeans,blue
2587,culottes,embossed,black
2618,culottes,georgette,black
2612,sleeveless,frise,white
2641,short sleeves,embossed,black
2639,long dress,lace,red
2602,kimono dress,webbing,black
2640,long dress,georgette,black
2625,long dress,georgette,white
2627,medium cardigan,webbing,white
2622,medium cardigan,frise,white
2606,sleeveless,chine crepe,blue
2096,printed shirt,matte jersey,white
2643,sleeveless,georgette,black
2626,long dress,georgette,black
2635,short sleeves,embossed,black
2630,short sleeves,embossed,white
2644,shorts,satin cotton,white
2623,jumpsuit,embossed,black
2611,shorts,light jeans,blue
2642,short sleeves,embossed,violet
2613,sleeveless,webbing,white
2614,maxi,muslin cotton or silk,brown
2620,jumpsuit,embossed,red
2604,long dress,viscose twill,blue
2628,jumpsuit,georgette,black
2617,maxi,muslin cotton or silk,blue
2616,sleeveless,webbing,blue
2624,maxi,georgette,green
2609,culottes,polyviscous,red
2603,long sleeve,viscose twill,red
2634,sleeveless,georgette,green
2629,sleeveless,georgette,white
2632,sleeveless,georgette,violet
2636,long sleeve,georgette,green
2638,maxi,georgette,black
2651,long dress,georgette,blue
2647,culottes,embossed,violet
2637,sleeveless,georgette,black
2674,kimono dress,muslin cotton or silk,green
2645,drop sleeve,satin cotton,white
2621,sleeveless,embossed,black
2659,sheath dress,georgette,yellow
2660,culottes,silky satin,green
2652,culottes,crepe,black
2631,culottes,satin cotton,white
2670,long dress,silky satin,yellow
2633,long sleeve,georgette,black
2656,solid color top,lurex,green
2650,gitana skirt,georgette,yellow
2653,culottes,matte jersey,violet
2662,solid color top,lurex,blue
2665,doll dress,georgette,red
2663,culottes,embossed,grey
2668,short sleeves,georgette,black
2664,short sleeves,georgette,grey
2646,short sleeves,macrame,black
2672,sleeveless,georgette,red
2619,long dress,lace,black
2669,short sleeves,georgette,green
2673,long sleeve,georgette,black
2657,culottes,embossed,black
2676,sleeveless,georgette,black
2648,short sleeves,faux leather,black
2658,long dress,embossed,black
2661,long dress,matte jersey,black
2680,long dress,georgette,violet
2666,sleeveless,georgette,yellow
2685,culottes,cady,black
2686,long dress,georgette,black
2679,sleeveless,webbing,green
2695,culottes,matte jersey,black
2694,culottes,matte jersey,black
2655,jumpsuit,cady,black
2671,kimono dress,muslin cotton or silk,white
2678,culottes,georgette,black
2683,long dress,georgette,black
2691,culottes,bengaline,black
2684,long sleeve,bengaline,black
2677,culottes,cotton,green
2654,culottes,cotton,brown
2693,long dress,georgette,white
2451,kimono dress,cotton,white
2667,solid color top,lurex,green
2682,sleeveless,georgette,black
2649,solid color top,lurex,blue
2690,sleeveless,georgette,white
2681,culottes,georgette,white
2675,short sleeves,georgette,red
2687,long sleeve,cotton,white
2710,sleeveless,frise,blue
2699,patterned top,matte jersey,grey
2706,printed shirt,matte jersey,white
2711,sleeveless,frise,brown
2702,printed shirt,matte jersey,white
2709,jumpsuit,silky satin,black
2720,culottes,bengaline,black
2717,sleeveless,frise,violet
2713,doll dress,georgette,green
2718,culottes,silky satin,green
2730,printed shirt,matte jersey,grey
2700,long dress,georgette,black
2704,long dress,embossed,black
2688,sleeveless,georgette,red
2697,short sleeves,lace,violet
2708,printed shirt,matte jersey,grey
2714,patterned top,tulle,black
2723,culottes,cotton,brown
2705,culottes,cotton,violet
2725,patterned top,tulle,violet
2727,patterned top,tulle,white
2726,patterned top,tulle,black
2703,patterned top,tulle,white
2731,patterned top,tulle,violet
2712,long dress,georgette,blue
2696,long sleeve,embossed,white
2698,long sleeve,embossed,violet
2689,solid color top,lace,violet
2766,solid color top,flamed,white
2755,culottes,light jeans,blue
2701,short sleeves,cotton,orange
2745,patterned top,tulle,white
2734,short sleeves,cotton,brown
2750,patterned top,tulle,violet
2754,solid color top,tulle,black
2707,jumpsuit,embossed,black
2736,solid color top,matte jersey,black
2721,short sleeves,cotton,brown
2735,short sleeves,faux leather,black
2733,culottes,bengaline,grey
2744,sleeveless,plisse,brown
2741,sleeveless,plisse,white
2732,gitana skirt,georgette,black
2716,short sleeves,georgette,grey
1982,solid color top,matte jersey,violet
2719,culottes,cotton,black
2715,culottes,cotton,green
2761,culottes,light jeans,blue
2739,solid color top,cotton,black
2728,sleeveless,frise,red
2756,culottes,satin cotton,black
2757,culottes,polyviscous,violet
2738,doll dress,cady,brown
2758,culottes,light jeans,blue
2765,culottes,polyviscous,brown
2743,solid color top,matte jersey,black
2722,culottes,cotton,black
2753,solid color top,matte jersey,red
2760,patterned top,tulle,red
2742,patterned top,tulle,black
2224,solid color top,tulle,yellow
2759,solid color top,tulle,yellow
2752,patterned top,tulle,green
2747,solid color top,cotton,white
2240,trapeze dress,polyviscous,black
2125,solid color top,matte jersey,violet
2129,kimono dress,acrylic,brown
2767,culottes,light jeans,blue
2749,culottes,light jeans,blue
2281,doll dress,georgette,black
2748,culottes,dark jeans,blue
2746,solid color top,flamed,red
2764,solid color top,flamed,violet
2763,solid color top,flamed,green
2762,culottes,satin cotton,white
2770,culottes,muslin cotton or silk,black
2780,jumpsuit,silky satin,orange
2788,solid color top,lurex,brown
2769,short sleeves,lace,white
2775,solid color top,matte jersey,black
2785,doll dress,georgette,black
2779,short sleeves,georgette,white
2776,culottes,bengaline,black
2782,short sleeves,georgette,black
2774,culottes,bengaline,green
2784,doll dress,embossed,black
2781,short sleeves,embossed,violet
2772,long dress,georgette,black
2778,sleeveless,muslin cotton or silk,black
2773,culottes,polyviscous,black
2777,sleeveless,georgette,black
2787,jumpsuit,technical,blue
2771,sleeveless,muslin cotton or silk,brown
2783,short sleeves,georgette,violet
2801,sheath dress,matte jersey,orange
2800,culottes,silky satin,grey
2794,sleeveless,muslin cotton or silk,blue
2806,sleeveless,muslin cotton or silk,violet
2791,culottes,viscose twill,black
2789,doll dress,muslin cotton or silk,black
1985,printed shirt,matte jersey,white
2037,long sleeve,georgette,white
2798,culottes,dark jeans,blue
2797,culottes,light jeans,blue
2820,jumpsuit,embossed,green
2803,jumpsuit,embossed,black
2810,culottes,cotton,green
2792,long sleeve,cotton,white
2814,long sleeve,silky satin,violet
2812,sleeveless,paillettes,orange
1916,short cardigan,nice,black
2786,kimono dress,acrylic,brown
2795,kimono dress,silky satin,yellow
2813,culottes,silky satin,grey
2828,long sleeve,faux leather,black
2817,culottes,matte jersey,grey
2838,sleeveless,georgette,violet
2849,culottes,cady,violet
2846,kimono dress,georgette,violet
2823,culottes,plisse,yellow
2829,solid color top,tulle,black
2826,doll dress,georgette,grey
2848,patterned top,lace,brown
2856,long dress,tulle,black
2835,trapeze dress,cady,grey
2842,solid color top,lurex,white
2834,patterned top,lace,yellow
2836,sleeveless,georgette,white
2809,culottes,dark jeans,blue
2807,trapeze dress,muslin cotton or silk,blue
2840,long sleeve,faux leather,violet
2815,long dress,silky satin,grey
2843,long dress,tulle,blue
2850,short sleeves,georgette,grey
2830,doll dress,lace,black
2351,solid color top,frise,blue
2833,sleeveless,matte jersey,black
2845,long dress,tulle,black
2844,long dress,tulle,white
2824,patterned top,matte jersey,blue
2796,sleeveless,embossed,black
2837,solid color top,embossed,black
2832,long dress,ity,black
2055,culottes,heavy jeans,blue
980,jumpsuit,cotton,green
2847,culottes,bengaline,grey
2799,doll dress,georgette,white
2793,long sleeve,dark jeans,blue
2805,long sleeve,bengaline,black
2890,kimono dress,georgette,yellow
2895,culottes,polyviscous,black
2841,culottes,bengaline,black
2872,long dress,silky satin,black
2871,long dress,silky satin,black
2879,short sleeves,georgette,white
2882,culottes,silky satin,brown
2874,short sleeves,georgette,black
2877,doll dress,georgette,black
2859,long sleeve,faux leather,black
2866,long sleeve,faux leather,yellow
2858,long sleeve,faux leather,blue
2854,maxi,embossed,brown
2884,doll dress,silky satin,black
2853,culottes,silky satin,brown
2889,culottes,crepe,grey
2851,sleeveless,embossed,white
2878,solid color top,lace,black
2862,solid color top,lace,black
2883,culottes,silky satin,black
2880,culottes,embossed,black
2867,solid color top,lace,violet
2819,gitana skirt,muslin cotton or silk,black
2881,long sleeve,georgette,black
2886,jumpsuit,silky satin,violet
2839,solid color top,lurex,violet
2876,short sleeves,georgette,white
2868,long sleeve,lace,black
2864,solid color top,lace,black
2852,kimono dress,georgette,white
2860,solid color top,lace,violet
2869,long sleeve,faux leather,black
2909,culottes,cotton,black
2911,sleeveless,lace,black
2904,culottes,technical,black
2906,culottes,technical,violet
2921,doll dress,lace,black
2907,doll dress,georgette,black
2875,long dress,silky satin,brown
2888,culottes,cotton,brown
2908,drop sleeve,silky satin,grey
2893,culottes,bengaline,black
2892,long dress,silky satin,brown
2913,culottes,technical,black
2918,solid color top,lurex,grey
2915,short sleeves,georgette,white
2922,culottes,crepe,black
2894,trapeze dress,lace,red
2920,solid color top,lurex,blue
2910,solid color top,lace,black
2905,drop sleeve,silky satin,brown
2902,doll dress,scuba crepe,black
2903,culottes,cady,black
2885,culottes,silky satin,brown
2863,solid color top,lace,brown
2927,sleeveless,lace,black
2917,solid color top,lurex,violet
2914,sleeveless,georgette,white
2870,long sleeve,faux leather,green
2945,sleeveless,tulle,violet
2949,long sleeve,faux leather,black
2950,trapeze dress,crepe,black
2929,long sleeve,faux leather,black
2958,long sleeve,faux leather,violet
2900,patterned top,lurex,violet
2946,doll dress,tulle,black
2935,culottes,cotton,red
2943,sleeveless,lace,violet
2953,culottes,cady,grey
2948,long sleeve,cady,black
2937,long sleeve,ottoman,black
2912,culottes,cotton,blue
2955,doll dress,scuba crepe,grey
2934,jumpsuit,matte jersey,black
2936,culottes,cotton,black
2923,patterned top,cotton,white
2919,patterned top,cotton,violet
2925,patterned top,cotton,blue
2939,doll dress,georgette,yellow
2932,short sleeves,faux leather,black
2944,short sleeves,georgette,violet
2947,sleeveless,georgette,violet
2954,drop sleeve,scuba crepe,black
2951,short sleeves,georgette,black
2930,short sleeves,faux leather,violet
2928,doll dress,matte jersey,brown
2952,culottes,scuba crepe,black
2960,long sleeve,jacquard,black
2967,culottes,technical,black
2987,drop sleeve,georgette,black
2974,long dress,silky satin,red
2965,trapeze dress,crepe,violet
2964,trapeze dress,crepe,yellow
2977,culottes,technical,brown
2966,kimono dress,frise,brown
2976,doll dress,lurex,blue
2992,culottes,lurex,orange
2962,long sleeve,jacquard,black
2972,culottes,embossed,black
2975,long sleeve,fluid polyviscous,red
2984,long dress,cady,black
2973,long dress,silky satin,violet
2982,doll dress,embossed,black
2978,short sleeves,georgette,black
2941,long sleeve,cotton,black
2986,long sleeve,faux leather,brown
2970,short sleeves,georgette,yellow
2991,long sleeve,polyviscous,white
2916,long sleeve,cotton,white
2956,long sleeve,nice,black
2989,long sleeve,cotton,blue
2981,long sleeve,cotton,white
2968,long sleeve,cotton,blue
2980,long sleeve,cotton,white
3030,long sleeve,nice,black
2990,culottes,technical,black
3042,culottes,lurex,black
3041,culottes,dark jeans,blue
2979,culottes,technical,blue
3012,doll dress,georgette,violet
3017,short sleeves,paillettes,brown
3007,solid color top,plush,black
3025,solid color top,plush,grey
3040,long dress,georgette,green
2997,long dress,embossed,black
2969,long sleeve,georgette,black
3005,long sleeve,faux leather,black
2999,short sleeves,georgette,grey
3027,long coat,foam rubber,grey
3003,kimono dress,frise,brown
2993,long sleeve,technical,black
3032,long coat,foam rubber,blue
3019,culottes,light jeans,blue
3010,culottes,technical,black
2996,long sleeve,nice,black
3031,medium coat,foam rubber,black
2998,doll dress,georgette,brown
2971,long sleeve,faux leather,violet
3008,solid color top,matte jersey,orange
3002,long dress,lurex,grey
3036,sleeveless,georgette,black
3013,culottes,cady,black
3035,patterned top,frise,brown
3023,solid color top,lurex,black
3028,long coat,foam rubber,violet
3011,drop sleeve,georgette,white
3018,solid color top,lurex,violet
3024,culottes,dark jeans,blue
3026,long sleeve,nice,grey
3029,long sleeve,nice,grey
3000,medium coat,crepe,black
3022,long sleeve,nice,violet
3039,long coat,crepe,black
3052,long sleeve,nice,yellow
3087,solid color top,matte jersey,black
3083,drop sleeve,georgette,brown
3056,culottes,dark jeans,blue
3071,culottes,dark jeans,blue
3049,culottes,light jeans,blue
3004,solid color top,matte jersey,black
3044,culottes,milano stitch,black
3058,culottes,dark jeans,blue
3054,long sleeve,nice,yellow
3074,long sleeve,nice,black
3064,culottes,dark jeans,blue
3047,short cardigan,nice,black
3053,long sleeve,nice,black
3062,long sleeve,nice,black
3082,doll dress,cady,grey
3020,medium coat,foam rubber,violet
3070,culottes,cady,yellow
3055,long sleeve,nice,violet
3086,long sleeve,nice,green
3045,solid color top,matte jersey,black
3059,culottes,cady,blue
3093,culottes,dark jeans,blue
3009,solid color top,matte jersey,black
3068,long sleeve,nice,violet
3081,long sleeve,nice,green
3065,short sleeves,nice,black
3080,long sleeve,nice,black
3095,doll dress,georgette,black
3046,patterned top,matte jersey,black
3089,short sleeves,nice,grey
3006,drop sleeve,frise,yellow
3048,long sleeve,nice,black
3067,culottes,technical,black
3015,sheath dress,lurex,black
3066,long sleeve,nice,black
3078,long sleeve,dark jeans,blue
2995,culottes,dark jeans,blue
3050,culottes,dark jeans,blue
3076,culottes,light jeans,blue
3079,long sleeve,technical,black
3091,patterned top,matte jersey,grey
3133,culottes,cotton,black
3106,miniskirt,faux leather,black
3124,long sleeve,nice,black
3135,medium cardigan,nice,violet
3077,sleeveless,lurex,brown
3119,medium coat,foam rubber,violet
3118,medium coat,foam rubber,green
3113,medium coat,foam rubber,black
3099,doll dress,lace,brown
3112,drop sleeve,faux leather,black
3125,long sleeve,nice,violet
3057,sleeveless,lurex,green
3138,long sleeve,nice,violet
3105,trapeze dress,cady,black
3069,short sleeves,nice,brown
3109,long sleeve,nice,black
3107,long sleeve,faux leather,black
3104,long sleeve,nice,black
3103,culottes,cotton,violet
3037,long sleeve,nice,black
3108,solid color top,matte jersey,black
3097,short sleeves,nice,black
3088,kimono dress,nice,grey
3085,short sleeves,nice,grey
3061,kimono dress,nice,black
3115,culottes,bengaline,black
3131,culottes,cotton,black
3043,shirt dress,georgette,black
3100,sleeveless,lace,brown
3051,short cardigan,nice,green
3126,long sleeve,faux leather,black
3130,long sleeve,faux leather,black
3134,medium coat,polyviscous,brown
3114,long sleeve,nice,brown
3073,sleeveless,lurex,brown
3098,long sleeve,nice,violet
3122,long sleeve,nice,black
3123,long sleeve,nice,black
3128,long sleeve,nice,violet
3146,culottes,jacquard,black
3162,long sleeve,georgette,black
3188,drop sleeve,faux leather,black
3149,sleeveless,georgette,grey
3160,short sleeves,georgette,yellow
3178,long sleeve,dainetto,brown
3121,medium cardigan,nice,brown
3203,solid color top,devore,blue
3179,solid color top,devore,red
3186,culottes,milano stitch,black
3205,long coat,crepe,black
3153,long sleeve,faux leather,green
3152,long sleeve,faux leather,black
3120,long sleeve,nice,violet
3197,short coat,fur,black
3139,long sleeve,nice,black
3175,culottes,scuba crepe,black
3161,doll dress,georgette,black
3142,short sleeves,tulle,violet
3200,solid color top,acrylic,red
3193,solid color top,lurex,red
3195,solid color top,lurex,brown
3156,medium coat,acrylic,black
3185,long dress,tulle,black
3207,doll dress,silky satin,white
3181,miniskirt,silky satin,red
3144,short sleeves,tulle,black
3212,culottes,nylon,black
3165,short sleeves,georgette,white
3182,solid color top,devore,black
3136,medium cardigan,nice,black
3096,long sleeve,cotton,white
3157,short sleeves,georgette,black
3001,long sleeve,cotton,blue
3137,long sleeve,nice,brown
3164,culottes,milano stitch,grey
3173,long sleeve,georgette,violet
3169,short cardigan,nice,black
3172,gitana skirt,embossed,black
3147,jumpsuit,plisse,black
3199,doll dress,georgette,black
3141,medium cardigan,nice,black
3117,sleeveless,scuba crepe,black
3174,doll dress,georgette,blue
3148,doll dress,georgette,grey
3204,long cardigan,nice,black
3163,long sleeve,georgette,brown
3150,jumpsuit,plisse,green
3192,culottes,milano stitch,black
3102,long sleeve,nice,violet
3176,culottes,milano stitch,black
3187,doll dress,silky satin,red
3129,culottes,cotton,green
3158,drop sleeve,silky satin,black
3206,sleeveless,fur,black
3177,culottes,silky satin,red
3116,doll dress,scuba crepe,black
3155,culottes,jacquard,blue
3154,trapeze dress,crepe,yellow
3145,medium cardigan,nice,black
3168,solid color top,matte jersey,green
3159,culottes,scuba crepe,black
3166,sleeveless,silky satin,yellow
3190,culottes,polyviscous,brown
3170,solid color top,matte jersey,black
3183,sheath dress,lurex,black
3202,drop sleeve,georgette,black
3218,long sleeve,fur,black
3224,solid color top,acrylic,black
3210,solid color top,acrylic,grey
3167,solid color top,lace,black
3171,sleeveless,silky satin,violet
3216,long dress,scuba crepe,brown
3196,sheath dress,matte jersey,red
3226,doll dress,silky satin,brown
3090,solid color top,devore,violet
3228,long sleeve,silky satin,brown
3215,solid color top,lace,black
3221,sheath dress,technical,black
3225,medium coat,crepe,black
3208,sheath dress,scuba crepe,black
3231,medium cardigan,nice,black
3223,sheath dress,technical,brown
3219,long dress,scuba crepe,black
2938,long sleeve,faux leather,violet
3209,solid color top,acrylic,blue
3217,long dress,tulle,blue
3213,medium coat,acrylic,brown
3189,drop sleeve,polyviscous,brown
3222,solid color top,acrylic,violet
3214,culottes,technical,black
3237,long sleeve,nice,brown
3243,long sleeve,nice,black
3227,sheath dress,technical,yellow
3238,long sleeve,nice,black
3244,long sleeve,nice,brown
3242,long sleeve,nice,black
3256,long dress,georgette,black
3248,long sleeve,nice,violet
3260,long sleeve,nice,black
3132,culottes,technical,black
3239,culottes,polyviscous,grey
3253,long sleeve,nice,black
3261,sleeveless,fur,brown
3249,culottes,technical,grey
3233,long sleeve,georgette,black
3229,long sleeve,dainetto,black
3014,long sleeve,nice,black
3234,trapeze dress,cady,grey
3235,long sleeve,georgette,black
3255,long sleeve,nice,brown
3262,short sleeves,nice,black
3263,long sleeve,nice,grey
3271,long sleeve,nice,black
3247,long sleeve,nice,black
3259,long sleeve,nice,grey
3252,long sleeve,nice,black
3251,long sleeve,nice,black
3241,doll dress,georgette,black
3250,short sleeves,nice,black
3282,long sleeve,polyviscous,black
3265,short sleeves,nice,brown
3300,kimono dress,nice,black
3301,kimono dress,nice,grey
3275,short sleeves,nice,grey
3264,medium coat,acrylic,black
3287,long sleeve,fur,black
3230,sleeveless,fur,black
3290,doll dress,georgette,brown
3286,medium coat,foam rubber,blue
3274,long sleeve,nice,brown
3281,medium coat,foam rubber,black
3285,medium coat,foam rubber,violet
3280,medium coat,foam rubber,black
3297,long sleeve,georgette,white
3299,culottes,milano stitch,black
3257,short coat,foam rubber,brown
3293,long sleeve,milano stitch,black
3295,doll dress,georgette,black
3289,drop sleeve,georgette,black
3245,long duster,nice,black
3266,long duster,nice,grey
3288,long sleeve,lurex,black
3279,culottes,polyviscous,black
3270,medium cardigan,nice,violet
3254,long sleeve,georgette,black
3276,long sleeve,nice,brown
3277,medium cardigan,nice,black
3246,long sleeve,nice,black
3268,culottes,crepe,brown
3292,drop sleeve,fluid,white
3294,trapeze dress,fluid,blue
3291,long coat,cloth,black
3034,long sleeve,dainetto,black
3278,medium cardigan,nice,brown
3326,long sleeve,nice,black
3314,trapeze dress,polyviscous,black
3349,kimono dress,frise,black
3341,culottes,dark jeans,blue
3331,kimono dress,frise,grey
3332,kimono dress,frise,brown
3344,long coat,cotton,green
3312,sleeveless,georgette,black
3333,long sleeve,hron,grey
3342,culottes,cotton,black
3307,long duster,frise,grey
3316,trapeze dress,scuba crepe,black
3308,long duster,frise,brown
3258,long sleeve,nice,grey
3328,long sleeve,nice,black
3340,long sleeve,cotton,black
3302,medium coat,crepe,black
3351,long sleeve,nice,black
3317,culottes,polyviscous,black
3322,drop sleeve,embossed,brown
3335,culottes,polyviscous,brown
3320,culottes,shiny jersey,black
3311,sleeveless,shiny jersey,black
3343,medium cardigan,nice,black
3306,kimono dress,nice,black
3319,gitana skirt,georgette,black
3338,long sleeve,nice,brown
3323,long sleeve,fur,black
3346,sleeveless,fur,brown
3339,kimono dress,frise,black
3329,long sleeve,nice,brown
3354,kimono dress,frise,brown
3355,long sleeve,nice,violet
3321,doll dress,georgette,grey
3330,kimono dress,frise,brown
3315,doll dress,shiny jersey,black
3313,long sleeve,nice,violet
3309,sheath dress,silky satin,black
3353,long sleeve,nice,green
3334,long sleeve,nice,black
3318,long sleeve,nice,black
3350,medium cardigan,nice,brown
3345,long sleeve,nice,green
3347,long sleeve,nice,brown
3240,culottes,polyviscous,black
3361,long sleeve,georgette,black
3368,sleeveless,embossed,brown
3360,doll dress,cady,brown
3283,medium coat,foam rubber,brown
3387,long sleeve,silky satin,blue
3273,miniskirt,crepe,brown
3304,long sleeve,fur,black
3371,culottes,technical,brown
3381,long sleeve,faux leather,black
3362,long duster,nice,black
3310,culottes,dark jeans,blue
3337,long sleeve,cotton,white
3374,long sleeve,silky satin,grey
3376,long sleeve,georgette,white
3384,trapeze dress,polyviscous,red
3382,miniskirt,polyviscous,violet
3378,long coat,foam rubber,black
3324,sleeveless,fur,violet
3348,long sleeve,nice,black
3352,long sleeve,nice,violet
3201,medium coat,crepe,grey
3388,culottes,scuba crepe,black
3359,doll dress,embossed,brown
3356,medium cardigan,nice,brown
3386,long sleeve,georgette,black
3367,culottes,polyviscous,black
3336,long sleeve,nice,green
3358,long coat,cotton,black
3389,sheath dress,scuba crepe,black
3298,kimono dress,nice,grey
3327,culottes,dark jeans,blue
3369,long duster,frise,black
3365,long sleeve,georgette,red
3375,culottes,technical,black
3325,short sleeves,georgette,brown
3370,long coat,cloth,red
3390,long coat,foam rubber,black
3272,long sleeve,nice,brown
3383,long coat,foam rubber,brown
3373,patterned top,lurex,violet
3305,culottes,jacquard,red
3357,long coat,foam rubber,black
3366,long dress,lurex,brown
3403,maxi,acrylic,grey
3417,long coat,foam rubber,black
3401,long coat,cloth,black
3420,long sleeve,georgette,brown
3415,long sleeve,polyviscous,black
3380,doll dress,georgette,black
3399,patterned top,acrylic,white
3414,short coat,mutton,black
3418,kimono dress,frise,brown
3404,trapeze dress,polyviscous,white
3303,kimono dress,nice,brown
3407,short cardigan,nice,black
3413,long sleeve,polyviscous,white
3391,long sleeve,nice,black
3422,gitana skirt,georgette,brown
3398,long coat,cloth,black
3377,long sleeve,polyviscous,black
3416,short cardigan,nice,black
3385,solid color top,lace,black
3406,miniskirt,polyviscous,grey
3419,miniskirt,velvet,black
3410,long sleeve,nice,black
3396,long sleeve,nice,black
3372,long dress,lace,black
3393,doll dress,plisse,black
3421,doll dress,matte jersey,blue
3397,long coat,cloth,brown
3394,long sleeve,nice,black
3395,long coat,cloth,green
3392,doll dress,technical,brown
3408,doll dress,technical,black
3400,long sleeve,georgette,black
3379,drop sleeve,polyviscous,black
3402,culottes,fluid,black
3423,culottes,ottoman,black
3409,doll dress,lace,black
3405,culottes,dark jeans,blue
3269,long sleeve,fur,brown
3425,patterned top,jacquard,black
3443,doll dress,lurex,black
3458,long sleeve,nice,black
3441,medium coat,cloth,white
3429,long sleeve,georgette,black
3440,medium coat,cloth,black
3448,long sleeve,hron,grey
3477,long sleeve,georgette,brown
3431,sheath dress,lurex,white
3433,culottes,milano stitch,black
3449,sleeveless,lurex,grey
3457,solid color top,lurex,black
3455,trapeze dress,jacquard,red
3481,solid color top,lurex,brown
3447,long coat,foam rubber,black
3427,solid color top,lurex,black
3464,long coat,foam rubber,black
3363,medium coat,fur,black
3284,long sleeve,acrylic,grey
3465,long coat,foam rubber,green
3474,culottes,nice,black
3461,long sleeve,hron,brown
3434,culottes,technical,black
3467,short cardigan,hron,black
3426,sheath dress,ottoman,black
3473,short cardigan,hron,grey
3444,long sleeve,nice,brown
3482,long coat,foam rubber,black
3480,long sleeve,hron,black
3435,culottes,technical,black
3451,medium coat,cloth,red
3439,trapeze dress,technical,white
3430,culottes,shiny jersey,blue
3462,long sleeve,lace,violet
3466,long sleeve,hron,black
3437,long sleeve,ottoman,black
3424,culottes,nylon,black
3428,long sleeve,lace,black
3463,long sleeve,hron,violet
3450,short sleeves,hron,grey
3454,medium cardigan,nice,black
3452,sleeveless,acrylic,grey
3446,kimono dress,nice,black
3453,kimono dress,nice,grey
3472,long sleeve,hron,black
3445,long sleeve,hron,violet
3411,short coat,mutton,brown
3478,solid color top,lurex,brown
3442,long sleeve,acrylic,grey
3432,long sleeve,technical,black
3471,long sleeve,hron,grey
3468,long sleeve,nice,black
3456,medium cardigan,nice,brown
3487,solid color top,matte jersey,black
3483,short cardigan,hron,brown
3493,culottes,technical,black
3502,maxi,plush,blue
3496,solid color top,devore,black
3499,drop sleeve,polyviscous,brown
3490,long sleeve,nice,black
3492,short sleeves,nice,black
3470,solid color top,lurex,violet
3500,long sleeve,georgette,white
3501,solid color top,devore,black
3484,culottes,nice,black
3438,kimono dress,nice,brown
3476,kimono dress,nice,brown
3495,long coat,cloth,black
3489,trapeze dress,polyviscous,grey
3479,long coat,fur,brown
3498,culottes,nice,grey
3491,patterned top,plush,white
3494,trapeze dress,lurex,black
2957,sheath dress,paillettes,black
3475,long coat,foam rubber,brown
3485,sleeveless,shiny jersey,brown
3497,medium coat,crepe,black
3469,medium coat,acrylic,brown
3504,long sleeve,fur,black
3486,solid color top,matte jersey,grey
3506,short coat,foam rubber,black
3530,long sleeve,nice,black
3534,long sleeve,nice,black
3520,solid color top,lurex,black
3532,culottes,nylon,brown
3512,long coat,cloth,brown
3509,long coat,cloth,yellow
3533,short cardigan,nice,black
3529,culottes,cotton,black
3513,doll dress,acrylic,white
3505,culottes,milano stitch,black
3503,medium coat,fur,violet
3524,doll dress,lurex,black
3516,short cardigan,nice,black
3459,sleeveless,acrylic,violet
3511,kimono dress,acrylic,black
3525,long sleeve,nice,black
3517,long sleeve,nice,black
3535,culottes,cotton,black
3527,culottes,scuba crepe,black
3507,culottes,lurex,black
3412,kimono dress,frise,brown
3526,culottes,cotton,grey
3364,gitana skirt,georgette,yellow
3531,long dress,lurex,black
3537,kimono dress,acrylic,grey
3514,long coat,cloth,black
3586,culottes,dark jeans,blue
3585,long sleeve,hron,white
3538,long sleeve,nice,black
3528,sleeveless,acrylic,brown
3551,sleeveless,acrylic,black
3574,long sleeve,hron,violet
3575,patterned top,acrylic,green
3540,jumpsuit,lurex,black
3580,long coat,foam rubber,black
3576,long coat,foam rubber,brown
3523,doll dress,lurex,black
3553,long sleeve,nice,grey
3561,long sleeve,nice,black
3550,kimono dress,acrylic,grey
3546,kimono dress,acrylic,black
3543,gitana skirt,tulle,black
3536,kimono dress,acrylic,brown
3570,short coat,foam rubber,green
3566,short coat,foam rubber,black
3549,long sleeve,fur,black
3544,sleeveless,acrylic,black
3518,long sleeve,nice,grey
3578,long sleeve,hron,blue
3582,long sleeve,hron,grey
3573,long sleeve,hron,blue
3579,long sleeve,hron,grey
3569,long coat,foam rubber,white
3552,sleeveless,paillettes,black
3508,doll dress,velvet,black
3522,sheath dress,lurex,black
3539,long dress,paillettes,black
3515,drop sleeve,lurex,black
3572,long sleeve,velvet,violet
3545,culottes,milano stitch,black
3560,short cardigan,nice,black
3557,long sleeve,nice,red
3554,long sleeve,nice,black
3559,long sleeve,nice,grey
3521,long sleeve,frise,black
3555,short cardigan,nice,grey
3563,long sleeve,nice,red
3556,long sleeve,nice,black
3548,long sleeve,nice,grey
3510,miniskirt,scuba crepe,black
3519,long sleeve,nice,grey
3547,medium coat,piquet,black
3564,trapeze dress,scuba crepe,black
3565,long coat,foam rubber,black
3571,culottes,technical,black
3488,culottes,milano stitch,black
3587,long sleeve,hron,blue
3577,trapeze dress,scuba crepe,brown
3541,kimono dress,nice,black
3558,long sleeve,nice,black
3562,short cardigan,nice,black
3542,long sleeve,nice,grey
3588,long sleeve,hron,grey
3598,sheath dress,scuba crepe,red
3606,long sleeve,nice,black
3605,long sleeve,acrylic,white
3567,long sleeve,velvet,black
3597,long sleeve,acrylic,black
3583,short cardigan,hron,white
3603,kimono dress,frise,black
3589,short cardigan,hron,violet
3610,sleeveless,georgette,black
3584,culottes,dark jeans,blue
3581,culottes,dark jeans,blue
3600,kimono dress,lurex,black
3604,sheath dress,scuba crepe,black
3591,long dress,paillettes,black
3608,kimono dress,acrylic,brown
3593,doll dress,georgette,red
3592,trapeze dress,polyviscous,black
3568,long sleeve,hron,white
3607,doll dress,matte jersey,black
3601,culottes,milano stitch,grey
3595,culottes,scuba crepe,black
3590,long dress,velvet,black
3602,short coat,cloth,black
3596,medium cardigan,nice,black
3620,long sleeve,lurex,grey
3640,kimono dress,acrylic,green
3645,kimono dress,acrylic,yellow
3634,culottes,cotton,black
3650,short sleeves,acrylic,grey
3648,short sleeves,acrylic,black
3618,long sleeve,lurex,black
3635,kimono dress,acrylic,blue
3653,culottes,cotton,violet
3656,culottes,cotton,grey
3638,kimono dress,acrylic,violet
3619,kimono dress,frise,black
3611,culottes,technical,black
3622,long sleeve,georgette,black
3609,kimono dress,acrylic,grey
3651,short sleeves,acrylic,black
3641,short sleeves,acrylic,grey
3621,kimono dress,lurex,brown
3629,kimono dress,acrylic,red
3625,kimono dress,acrylic,blue
3657,medium coat,cloth,brown
3599,long sleeve,silky satin,red
3643,long dress,georgette,black
3594,doll dress,georgette,black
3639,patterned top,frise,blue
3630,patterned top,frise,black
3636,medium coat,cloth,black
3633,long sleeve,nice,black
3631,long sleeve,nice,brown
3655,long sleeve,acrylic,grey
3642,culottes,polyviscous,grey
3612,miniskirt,technical,black
3646,culottes,scuba crepe,black
3644,solid color top,matte jersey,black
3613,long sleeve,hron,violet
3628,maxi,silky satin,green
3616,long sleeve,hron,grey
3615,long sleeve,hron,brown
3617,culottes,nylon,black
3623,doll dress,matte jersey,black
3652,doll dress,matte jersey,blue
3627,long sleeve,polyviscous,grey
3624,short sleeves,georgette,green
3626,short sleeves,georgette,red
3637,patterned top,acrylic,black
3662,long dress,matte jersey,red
3666,long dress,matte jersey,black
3647,patterned top,matte jersey,grey
3632,patterned top,matte jersey,blue
3677,culottes,scuba crepe,brown
3678,culottes,scuba crepe,black
3649,patterned top,frise,white
3673,solid color top,acrylic,black
3671,solid color top,acrylic,brown
3682,long sleeve,nice,violet
3670,long sleeve,nice,black
2994,short cardigan,nice,black
3659,long sleeve,nice,brown
3661,long sleeve,nice,violet
3658,long sleeve,acrylic,violet
3674,solid color top,matte jersey,black
3676,solid color top,matte jersey,red
3679,long sleeve,nice,brown
3660,long sleeve,nice,black
3680,kimono dress,nice,grey
3668,kimono dress,nice,black
3675,kimono dress,nice,brown
3681,culottes,ottoman,black
3688,solid color top,acrylic,grey
3686,culottes,technical,black
3191,sleeveless,georgette,black
3180,sheath dress,lace,black
2961,short sleeves,paillettes,black
3697,maxi,acrylic,black
3704,maxi,acrylic,yellow
3721,kimono dress,nice,black
3692,solid color top,acrylic,violet
3684,long sleeve,nice,grey
3092,long dress,georgette,brown
3694,long sleeve,nice,violet
3689,culottes,crepe,black
3695,culottes,scuba crepe,black
2924,solid color top,lace,black
3184,solid color top,lace,green
3706,maxi,acrylic,black
3713,long sleeve,georgette,violet
2898,culottes,cotton,black
3709,culottes,technical,black
3690,culottes,scuba crepe,brown
3703,long sleeve,frise,black
3296,sleeveless,jacquard,grey
3716,doll dress,georgette,black
3698,kimono dress,frise,grey
3719,culottes,technical,black
3715,long sleeve,georgette,brown
3194,sheath dress,lace,green
3701,culottes,scuba crepe,black
2887,patterned top,lurex,violet
3699,kimono dress,frise,violet
3075,culottes,lace,black
2897,patterned top,lurex,grey
3707,long sleeve,nice,violet
3717,long sleeve,nice,black
3722,long sleeve,nice,blue
3737,maxi,scuba crepe,grey
3761,culottes,polyviscous,black
3714,culottes,scuba crepe,black
3764,long sleeve,georgette,black
3752,kimono dress,acrylic,brown
3748,long sleeve,georgette,white
3736,long sleeve,nice,white
3750,sleeveless,georgette,brown
3745,culottes,scuba crepe,black
3758,trapeze dress,scuba crepe,black
3723,long sleeve,nice,black
3742,solid color top,lurex,brown
3743,culottes,dark jeans,blue
3765,solid color top,lurex,black
3725,long sleeve,nice,violet
3727,long sleeve,nice,black
3735,kimono dress,nice,brown
3734,kimono dress,nice,grey
3101,long sleeve,cotton,black
2988,long coat,crepe,black
3728,long dress,georgette,brown
3747,doll dress,georgette,brown
3749,culottes,milano stitch,black
3111,long sleeve,cotton,white
3744,kimono dress,acrylic,brown
3724,medium cardigan,nice,black
3712,culottes,scuba crepe,black
3739,maxi,scuba crepe,yellow
3754,long sleeve,georgette,brown
3738,trapeze dress,acrylic,black
3732,long sleeve,nice,violet
3757,medium coat,foam rubber,violet
3710,long sleeve,nice,black
3726,long sleeve,nice,violet
3702,long sleeve,frise,black
3740,culottes,light jeans,blue
3760,culottes,dark jeans,blue
3741,long sleeve,georgette,black
3211,sheath dress,matte jersey,green
3753,trapeze dress,scuba crepe,brown
3084,jumpsuit,lurex,brown
3762,culottes,dark jeans,blue
3751,culottes,technical,black
3759,trapeze dress,scuba crepe,blue
3763,long sleeve,georgette,black
3720,long sleeve,faux leather,black
3705,long sleeve,georgette,black
3777,trapeze dress,polyviscous,black
3708,long sleeve,nice,black
3772,long sleeve,technical,black
3789,doll dress,georgette,black
3755,sheath dress,scuba crepe,black
3780,long sleeve,georgette,black
3782,long sleeve,silky satin,brown
3773,trapeze dress,polyviscous,grey
3792,long sleeve,cotton,white
2821,patterned top,matte jersey,grey
2942,patterned top,cotton,blue
3771,long sleeve,cotton,violet
3768,long sleeve,acrylic,brown
3785,long sleeve,scuba crepe,black
3776,culottes,cotton,black
3790,culottes,cotton,grey
3733,medium cardigan,nice,violet
3766,trapeze dress,scuba crepe,black
3788,short coat,foam rubber,black
3769,medium coat,foam rubber,black
3775,long sleeve,cotton,black
3779,short sleeves,georgette,black
3787,short sleeves,georgette,brown
3746,sleeveless,georgette,black
3786,culottes,technical,black
3784,doll dress,georgette,black
3791,doll dress,georgette,brown
3778,trapeze dress,crepe,grey
3614,long sleeve,faux leather,black
3783,trapeze dress,scuba crepe,black
3823,culottes,dark jeans,blue
3806,long sleeve,faux leather,black
3794,long sleeve,faux leather,black
3814,patterned top,lurex,violet
3815,sleeveless,embossed,black
3803,culottes,polyviscous,grey
3821,patterned top,lurex,violet
3824,long cardigan,acrylic,brown
3797,culottes,scuba crepe,black
3805,culottes,technical,red
3819,long sleeve,faux leather,red
3812,long sleeve,acrylic,brown
3798,culottes,scuba crepe,black
3826,trapeze dress,scuba crepe,grey
3811,culottes,scuba crepe,black
3809,drop sleeve,silky satin,black
3820,solid color top,lurex,violet
3793,short coat,foam rubber,violet
3781,doll dress,marocain,brown
3807,drop sleeve,silky satin,grey
2926,short sleeves,technical,black
3810,culottes,light jeans,blue
3796,long sleeve,faux leather,black
3151,long sleeve,faux leather,black
3829,culottes,technical,blue
3813,solid color top,lurex,black
3774,sleeveless,fur,black
3818,solid color top,lurex,violet
3837,doll dress,scuba crepe,black
3846,culottes,cotton,brown
3845,culottes,polyviscous,black
3852,culottes,cotton,green
3848,culottes,cotton,black
3808,sleeveless,embossed,black
3854,culottes,cotton,green
3834,drop sleeve,silky satin,brown
3844,long sleeve,milano stitch,black
3851,solid color top,lurex,black
3801,solid color top,lurex,black
3832,solid color top,lurex,brown
3802,solid color top,lurex,black
3838,trapeze dress,polyviscous,grey
3827,patterned top,lurex,green
3822,patterned top,lurex,brown
3836,long sleeve,scuba crepe,black
3817,culottes,dark jeans,blue
3804,culottes,dark jeans,blue
3850,solid color top,georgette,black
3828,culottes,light jeans,blue
3835,long sleeve,georgette,black
3853,solid color top,lurex,violet
3843,doll dress,georgette,white
3840,culottes,georgette,black
3839,sleeveless,scuba crepe,white
3847,long sleeve,scuba crepe,black
3756,long sleeve,acrylic,black
3866,patterned top,tulle,white
3864,patterned top,tulle,brown
3872,trapeze dress,scuba crepe,brown
3863,doll dress,georgette,black
3862,long sleeve,georgette,white
3881,culottes,scuba crepe,black
3731,long sleeve,nice,blue
3861,culottes,technical,brown
3897,culottes,dark jeans,blue
3879,culottes,silky satin,brown
3877,long sleeve,faux leather,black
3895,long sleeve,faux leather,brown
3880,solid color top,matte jersey,black
3885,culottes,cotton,violet
3858,long sleeve,polyviscous,black
3868,long sleeve,faux leather,black
3893,long sleeve,georgette,black
3886,long sleeve,scuba crepe,black
3875,long sleeve,georgette,brown
3894,short sleeves,georgette,violet
3867,short sleeves,georgette,white
3883,sleeveless,georgette,brown
3849,solid color top,matte jersey,violet
3873,jumpsuit,scuba crepe,black
3876,culottes,milano stitch,black
3882,patterned top,tulle,brown
3860,solid color top,matte jersey,black
3892,patterned top,tulle,black
3898,culottes,milano stitch,black
3874,sleeveless,georgette,yellow
3870,long sleeve,faux leather,black
3865,long sleeve,faux leather,black
3856,long sleeve,georgette,brown
3909,long sleeve,georgette,black
3908,long sleeve,silky satin,white
3906,long coat,cloth,black
3887,solid color top,matte jersey,violet
3905,long coat,cloth,grey
3907,long coat,cloth,blue
3903,doll dress,scuba crepe,black
3902,doll dress,georgette,grey
3842,long sleeve,georgette,black
3904,culottes,technical,black
3890,solid color top,lurex,violet
3871,sheath dress,scuba crepe,black
3931,doll dress,shiny jersey,black
3917,long sleeve,faux leather,black
3944,solid color top,matte jersey,red
3952,printed shirt,cotton,black
3945,solid color top,matte jersey,black
3948,solid color top,matte jersey,black
3929,printed shirt,cotton,black
3946,culottes,technical,black
3915,long sleeve,lurex,red
3941,long sleeve,faux leather,black
3935,culottes,bengaline,brown
3943,jumpsuit,lurex,green
3922,drop sleeve,georgette,brown
3919,drop sleeve,georgette,black
3925,drop sleeve,georgette,violet
3942,doll dress,shiny jersey,black
3926,doll dress,tulle,black
3930,long sleeve,dainetto,black
3878,miniskirt,faux leather,black
3933,printed shirt,cotton,black
3932,culottes,technical,black
3912,trapeze dress,polyviscous,grey
3936,long sleeve,dainetto,brown
3938,long sleeve,dark jeans,blue
3918,long dress,silky satin,brown
3950,long sleeve,cotton,white
3910,long sleeve,dainetto,brown
3911,long sleeve,silky satin,orange
3916,printed shirt,cotton,black
3939,long sleeve,cotton,white
3947,long sleeve,polyviscous,white
3914,printed shirt,plush,grey
3953,culottes,bengaline,black
3960,long sleeve,faux leather,blue
3888,solid color top,lurex,brown
3934,culottes,scuba crepe,red
3913,printed shirt,plush,grey
3928,long sleeve,technical,black
3923,printed shirt,plush,grey
3924,sleeveless,plisse,black
3958,doll dress,lurex,white
3937,long sleeve,faux leather,brown
3961,culottes,ity,black
3927,doll dress,shiny jersey,brown
3921,long sleeve,silky satin,grey
3951,trapeze dress,scuba crepe,blue
3986,short sleeves,georgette,yellow
4002,culottes,light jeans,blue
4005,culottes,light jeans,blue
3997,short sleeves,georgette,white
3984,short sleeves,georgette,red
3998,short sleeves,georgette,black
3980,sleeveless,faux leather,black
3975,culottes,dark jeans,blue
3962,culottes,milano stitch,grey
4003,culottes,dark jeans,blue
3974,patterned top,tulle,white
3987,short sleeves,georgette,black
3920,printed shirt,cotton,black
3963,culottes,technical,black
3976,patterned top,tulle,white
3940,doll dress,scuba crepe,green
3964,doll dress,scuba crepe,black
3967,culottes,technical,brown
3999,long sleeve,frise,white
3981,long sleeve,frise,blue
3979,short sleeves,georgette,white
3988,long sleeve,frise,green
3989,long sleeve,frise,black
3973,culottes,cotton,black
4009,culottes,light jeans,blue
3982,long sleeve,silky satin,black
3983,doll dress,silky satin,brown
3969,drop sleeve,polyviscous,white
3970,long sleeve,faux leather,black
3993,culottes,jacquard,white
4000,short sleeves,georgette,white
3992,trapeze dress,polyviscous,grey
3972,drop sleeve,polyviscous,red
4008,long sleeve,dainetto,black
4004,sleeveless,silky satin,black
3994,drop sleeve,georgette,black
3965,doll dress,georgette,brown
3971,drop sleeve,polyviscous,black
3996,miniskirt,faux leather,black
3966,long sleeve,polyviscous,grey
3959,solid color top,matte jersey,red
3985,culottes,dark jeans,blue
4040,drop sleeve,cady,violet
4042,sleeveless,georgette,brown
4024,sleeveless,silky satin,black
3968,solid color top,tulle,brown
3995,short sleeves,georgette,black
4011,doll dress,georgette,black
4050,doll dress,scuba crepe,black
4041,culottes,bengaline,black
4019,long sleeve,silky satin,black
4052,long sleeve,ottoman,black
4023,long dress,tulle,black
4025,long sleeve,georgette,black
4038,solid color top,lurex,blue
4017,doll dress,georgette,black
4033,solid color top,lurex,black
3901,long sleeve,dark jeans,blue
4014,gitana skirt,lurex,grey
4031,culottes,bengaline,grey
4030,long sleeve,faux leather,violet
4016,sleeveless,georgette,violet
4037,sleeveless,georgette,brown
4043,trapeze dress,crepe,black
4020,long coat,cotton,brown
4039,long sleeve,scuba crepe,black
4046,long coat,cotton,black
4049,long dress,tulle,black
4048,drop sleeve,faux leather,blue
4026,drop sleeve,faux leather,black
4027,long sleeve,faux leather,black
4036,drop sleeve,faux leather,brown
4028,long sleeve,georgette,black
4047,long coat,cotton,blue
3977,culottes,faux leather,black
4029,long sleeve,faux leather,brown
4021,trapeze dress,crepe,brown
4022,trapeze dress,crepe,black
4015,long sleeve,scuba crepe,black
3990,short sleeves,matte jersey,brown
4018,doll dress,georgette,black
4035,sleeveless,georgette,black
4012,long dress,lurex,grey
4013,short sleeves,lurex,violet
4006,long sleeve,georgette,green
4055,trapeze dress,polyviscous,black
4056,long sleeve,georgette,violet
4075,long dress,tulle,blue
4045,doll dress,technical,black
4063,culottes,cotton,violet
4067,culottes,cotton,black
4069,culottes,cotton,white
4078,culottes,light jeans,blue
4064,long sleeve,dainetto,brown
4034,culottes,cady,violet
4061,culottes,cady,black
4066,doll dress,georgette,black
3900,long sleeve,muslin cotton or silk,white
4070,solid color top,tulle,black
4065,solid color top,lurex,brown
4059,sleeveless,georgette,black
4062,kimono dress,cotton,brown
4032,kimono dress,cotton,blue
4058,long sleeve,polyviscous,white
4053,solid color top,lurex,violet
4057,culottes,ottoman,black
4051,culottes,bengaline,brown
4073,sleeveless,lace,black
4076,culottes,light jeans,blue
4054,solid color top,tulle,black
4044,long sleeve,nice,red
4071,sheath dress,lace,black
4074,solid color top,lurex,black
4072,solid color top,lurex,violet
4060,sleeveless,georgette,white
4077,solid color top,lurex,brown
4093,solid color top,matte jersey,black
4100,long sleeve,georgette,brown
4096,sleeveless,paillettes,grey
4110,jumpsuit,polyviscous,black
4106,long sleeve,cotton,white
4091,doll dress,crepe,black
4089,culottes,bengaline,black
4080,long sleeve,dainetto,brown
4095,culottes,georgette,black
4068,sleeveless,muslin cotton or silk,black
4105,culottes,polyviscous,black
4081,long sleeve,dainetto,violet
4088,long sleeve,fluid,black
4108,long dress,tulle,brown
3869,long dress,georgette,violet
4092,long sleeve,georgette,yellow
4113,sleeveless,faux leather,black
4090,long dress,georgette,green
4101,doll dress,georgette,black
4085,solid color top,lace,white
4084,solid color top,lace,black
4104,long dress,georgette,black
4086,solid color top,lace,blue
4111,culottes,scuba crepe,black
4097,doll dress,tulle,black
4083,long sleeve,cady,black
4087,sleeveless,tulle,black
4119,doll dress,georgette,violet
4151,culottes,light jeans,blue
4152,drop sleeve,macrame,white
4098,culottes,bengaline,blue
4102,sleeveless,georgette,white
4117,long sleeve,scuba crepe,black
4150,short sleeves,georgette,black
4146,long sleeve,faux leather,black
4139,trapeze dress,scuba crepe,grey
4145,culottes,dark jeans,blue
4159,culottes,cotton,black
4157,culottes,dark jeans,blue
4134,short sleeves,cotton,white
4158,short sleeves,cotton,white
4107,long sleeve,cotton,blue
4130,short sleeves,georgette,violet
4129,short sleeves,cotton,red
4142,long sleeve,faux leather,white
4135,long sleeve,faux leather,black
4132,printed shirt,cotton,black
4123,long sleeve,crepe,grey
4143,culottes,satin cotton,blue
4148,culottes,satin cotton,brown
4122,short sleeves,cotton,blue
4126,short sleeves,cotton,white
4125,doll dress,georgette,black
4128,kimono dress,frise,black
4161,long sleeve,dainetto,black
4141,solid color top,lace,violet
4144,culottes,cotton,black
4140,culottes,light jeans,blue
4155,culottes,light jeans,blue
4124,sheath dress,scuba crepe,red
4131,long sleeve,georgette,black
4154,long sleeve,faux leather,violet
4127,solid color top,lace,brown
4121,solid color top,lace,black
4173,short sleeves,georgette,white
4183,trapeze dress,fluid,brown
4170,short sleeves,georgette,violet
4200,jumpsuit,plisse,black
4178,printed shirt,cotton,white
4099,long sleeve,paillettes,grey
4197,printed shirt,cotton,white
4186,sheath dress,georgette,red
4171,sheath dress,georgette,violet
4169,sleeveless,tulle,black
4176,short sleeves,georgette,blue
4177,printed shirt,cotton,white
4203,printed shirt,cotton,white
4184,short sleeves,georgette,black
4163,doll dress,georgette,violet
4188,short sleeves,plisse,brown
4180,sleeveless,silky satin,violet
4082,long dress,tulle,black
4192,doll dress,matte jersey,grey
4198,kimono dress,frise,brown
4190,solid color top,frise,white
4167,long sleeve,lurex,yellow
4194,solid color top,frise,black
4201,short sleeves,georgette,brown
4202,doll dress,tulle,black
4193,culottes,lace,black
4079,culottes,technical,black
4168,doll dress,scuba crepe,black
4185,culottes,cotton,blue
4164,solid color top,georgette,black
4147,long sleeve,scuba crepe,white
4162,long sleeve,crepe,white
4199,solid color top,lurex,blue
4137,sheath dress,scuba crepe,yellow
4136,doll dress,silky satin,yellow
4138,long sleeve,cotton,black
4179,culottes,cotton,green
4189,culottes,cotton,grey
4174,culottes,cotton,brown
4165,doll dress,cady,black
4195,sheath dress,lace,violet
4204,culottes,linen,green
4181,sleeveless,cady,black
4172,solid color top,georgette,violet
4187,culottes,cotton,blue
4214,kimono dress,frise,green
4221,culottes,silky satin,white
4216,doll dress,georgette,black
4212,kimono dress,frise,violet
4232,culottes,cotton,white
4215,long sleeve,georgette,black
4223,patterned top,lurex,white
4149,long sleeve,crepe,white
4213,drop sleeve,bengaline,green
4211,culottes,bengaline,green
4205,solid color top,frise,blue
4222,printed shirt,cotton,white
4206,solid color top,georgette,red
4224,long dress,silky satin,black
4218,short sleeves,georgette,violet
4219,short sleeves,georgette,brown
4217,culottes,tencel,green
4231,sleeveless,georgette,black
4207,kimono dress,frise,blue
4230,culottes,satin cotton,red
4220,culottes,satin cotton,white
4191,culottes,scuba crepe,black
4182,short sleeves,frise,brown
4208,short sleeves,georgette,black
4228,short sleeves,georgette,white
4226,short sleeves,georgette,green
4227,short sleeves,georgette,red
4196,short sleeves,georgette,black
4210,culottes,tencel,black
5090,long dress,georgette,black
5083,kimono dress,frise,white
5096,long dress,georgette,black
5091,long dress,georgette,white
5107,long dress,georgette,violet
4237,solid color top,lurex,green
4243,solid color top,lurex,violet
5087,solid color top,georgette,black
4238,patterned top,lurex,white
5110,short sleeves,georgette,black
5095,patterned top,lurex,white
5092,drop sleeve,dark jeans,blue
5099,doll dress,georgette,black
5082,culottes,bengaline,red
5084,long sleeve,scuba crepe,white
5103,sleeveless,cady,white
5109,culottes,scuba crepe,white
5104,patterned top,lurex,grey
4244,patterned top,lurex,white
4209,culottes,tencel,blue
5089,long sleeve,bengaline,red
5100,culottes,satin cotton,black
5098,culottes,satin cotton,white
5102,doll dress,tulle,violet
4225,sleeveless,georgette,white
4242,sleeveless,georgette,red
5105,doll dress,tulle,violet
5088,long dress,georgette,red
5094,long sleeve,bengaline,black
5106,short sleeves,georgette,white
5086,short sleeves,georgette,black
5093,culottes,bengaline,black
4166,sheath dress,lace,red
4236,culottes,cotton,green
4235,short sleeves,cotton,black
4241,short sleeves,cotton,white
5101,culottes,dark jeans,blue
5097,doll dress,tulle,black
5085,doll dress,georgette,grey
5081,short sleeves,georgette,black
5113,culottes,chambree,blue
5114,long dress,silky satin,violet
5159,culottes,linen,white
5129,drop sleeve,faux leather,black
5146,culottes,viscose twill,green
5131,doll dress,scuba crepe,black
5116,long sleeve,light jeans,blue
5149,capris,cotton,white
5127,sleeveless,frise,white
5124,drop sleeve,macrame,white
5136,jumpsuit,chambree,blue
5117,sleeveless,frise,brown
5130,culottes,linen,black
5150,doll dress,silky satin,brown
5152,capris,cotton,green
5122,solid color top,frise,black
5145,doll dress,georgette,violet
5125,culottes,viscose twill,black
5148,sleeveless,muslin cotton or silk,white
5155,culottes,viscose twill,blue
5147,capris,cotton,black
5143,capris,cotton,violet
5139,short sleeves,georgette,black
5121,sleeveless,silky satin,violet
5128,short sleeves,georgette,violet
5111,short sleeves,georgette,yellow
5156,solid color top,matte jersey,violet
5126,culottes,silky satin,black
5112,doll dress,tulle,violet
5133,short sleeves,frise,blue
5151,solid color top,matte jersey,black
5158,solid color top,matte jersey,red
5132,maxi,macrame,violet
5135,culottes,cotton,white
5120,solid color top,matte jersey,white
5115,culottes,light jeans,blue
5118,short sleeves,frise,white
5142,patterned top,tactel,black
5123,short sleeves,frise,brown
5119,solid color top,matte jersey,black
5138,culottes,cotton,black
5140,patterned top,tactel,white
5144,maxi,macrame,white
4240,solid color top,lurex,blue
5134,drop sleeve,macrame,violet
5157,short sleeves,muslin cotton or silk,white
5153,sleeveless,frise,blue
4233,solid color top,lurex,brown
5137,shorts,chambree,blue
5162,long sleeve,georgette,black
5180,long dress,tulle,black
5165,long sleeve,georgette,blue
5182,long sleeve,georgette,white
5177,long sleeve,light jeans,blue
5141,short sleeves,muslin cotton or silk,violet
5167,long sleeve,georgette,black
5170,jumpsuit,georgette,green
5169,jumpsuit,georgette,black
5174,miniskirt,light jeans,blue
5178,culottes,satin cotton,black
5176,jumpsuit,silky satin,black
5171,kimono dress,webbing,blue
5173,kimono dress,webbing,blue
5175,jumpsuit,silky satin,brown
5179,doll dress,georgette,green
5184,long sleeve,satin cotton,black
5164,sleeveless,silky satin,black
5166,long dress,silky satin,violet
5185,culottes,satin cotton,brown
5160,printed shirt,cotton,black
5163,culottes,cotton,brown
5187,culottes,cotton,violet
5172,jumpsuit,scuba crepe,black
5168,short sleeves,georgette,black
5228,sleeveless,linen,green
5207,doll dress,tulle,black
5221,sleeveless,muslin cotton or silk,violet
5181,long sleeve,georgette,yellow
5226,culottes,linen,green
5196,culottes,viscose twill,black
5212,culottes,bengaline,violet
5197,short sleeves,macrame,blue
5230,short sleeves,macrame,white
5204,culottes,viscose twill,green
5227,sleeveless,linen,white
5186,culottes,cotton,green
5223,gitana skirt,viscose twill,black
5205,short sleeves,georgette,grey
5195,long sleeve,viscose twill,blue
5208,patterned top,tulle,white
5209,patterned top,tulle,white
5218,long sleeve,viscose twill,white
5192,sleeveless,frise,green
5203,sleeveless,frise,white
5201,long dress,lurex,black
5217,sleeveless,frise,blue
5200,drop sleeve,bengaline,violet
5194,long sleeve,viscose twill,blue
5199,long sleeve,viscose twill,white
5216,doll dress,georgette,grey
5224,long sleeve,viscose twill,white
5193,long dress,georgette,violet
5211,culottes,cotton,white
5198,culottes,linen,grey
5191,solid color top,lurex,brown
5225,capris,bengaline,black
5220,culottes,linen,blue
5202,long sleeve,cotton,white
5215,jumpsuit,polyviscous,yellow
5190,solid color top,lurex,black
5189,culottes,satin cotton,black
5213,long dress,crepe,black
5219,culottes,linen,brown
5231,short sleeves,tulle,brown
5210,long dress,lurex,green
5222,culottes,viscose twill,blue
5233,long sleeve,scuba crepe,black
5229,short sleeves,macrame,yellow
5284,long dress,tulle,yellow
5275,gitana skirt,macrame,white
5266,sleeveless,tulle,yellow
5250,long dress,tulle,black
5268,printed shirt,cotton,white
5279,doll dress,georgette,white
5276,sleeveless,linen,white
5232,sleeveless,frise,yellow
5258,culottes,linen,yellow
5234,short sleeves,tulle,black
5252,culottes,cotton,green
5274,sleeveless,embossed,black
5265,sleeveless,embossed,white
5271,long sleeve,muslin cotton or silk,white
5255,gitana skirt,muslin cotton or silk,green
5240,long sleeve,macrame,white
5256,long sleeve,muslin cotton or silk,brown
5281,sleeveless,embossed,red
5239,sleeveless,embossed,violet
5270,long dress,viscose twill,brown
5248,long sleeve,muslin cotton or silk,blue
5246,long sleeve,viscose twill,white
5243,shorts,cotton,green
5269,culottes,cotton,white
5245,culottes,bengaline,blue
5241,long sleeve,linen,green
5272,shorts,light jeans,blue
5292,drop sleeve,bengaline,blue
5289,short sleeves,linen,white
5253,long dress,georgette,black
5161,patterned top,lurex,green
5261,solid color top,matte jersey,violet
5267,solid color top,matte jersey,green
5257,solid color top,matte jersey,white
5282,long sleeve,viscose twill,white
5244,long sleeve,viscose twill,white
5277,culottes,bengaline,blue
5247,long sleeve,viscose twill,blue
5249,culottes,satin cotton,black
5251,culottes,satin cotton,blue
5290,long sleeve,viscose twill,white
5254,long dress,macrame,white
5262,culottes,cady,black
5278,long sleeve,georgette,grey
5259,patterned top,lurex,green
5286,shorts,light jeans,blue
5285,solid color top,matte jersey,green
5242,printed shirt,cotton,white
5288,solid color top,lace,violet
5237,gitana skirt,silky satin,black
5280,solid color top,lace,black
5264,solid color top,lace,white
5291,solid color top,matte jersey,white
5236,gitana skirt,silky satin,yellow
5235,gitana skirt,silky satin,violet
5283,shorts,cotton,white
5287,shorts,light jeans,blue
5238,kimono dress,georgette,yellow
5297,long dress,georgette,black
5295,jumpsuit,viscose twill,black
5311,jumpsuit,ity,grey
5298,long cardigan,matte jersey,brown
5188,sleeveless,faux leather,black
5312,sleeveless,faux leather,brown
5304,long dress,viscose twill,white
5260,culottes,linen,blue
5307,jumpsuit,georgette,black
5321,solid color top,matte jersey,white
5315,solid color top,matte jersey,black
5306,solid color top,matte jersey,white
5318,jumpsuit,ity,black
5302,sleeveless,georgette,black
5319,sleeveless,georgette,blue
5316,culottes,georgette,grey
5314,gitana skirt,muslin cotton or silk,red
5309,sleeveless,georgette,red
5308,culottes,dark jeans,blue
5299,short sleeves,macrame,white
5313,shorts,viscose twill,black
5263,culottes,linen,grey
5310,short sleeves,frise,brown
5323,drop sleeve,viscose twill,black
5301,short sleeves,macrame,red
5296,culottes,light jeans,blue
5273,sleeveless,tulle,black
5294,shorts,lace,black
5317,short sleeves,viscose twill,white
5322,long dress,ity,grey
5300,culottes,georgette,blue
5303,long dress,ity,black
5305,long dress,ity,grey
5320,long sleeve,linen,brown
4248,culottes,satin cotton,black
4257,shorts,satin cotton,violet
5329,sleeveless,georgette,black
4246,patterned top,tulle,black
4250,patterned top,tulle,black
5325,sleeveless,georgette,white
5330,short sleeves,georgette,black
5206,shorts,satin cotton,white
5326,shorts,bengaline,black
4255,solid color top,matte jersey,brown
4249,culottes,satin cotton,violet
5293,solid color top,matte jersey,violet
5324,long sleeve,macrame,white
4251,sleeveless,frise,green
4245,sleeveless,frise,white
4256,sleeveless,frise,black
5327,patterned top,cotton,blue
5328,patterned top,cotton,blue
4247,patterned top,silky satin,yellow
4252,patterned top,silky satin,black
4269,doll dress,tulle,violet
4268,long dress,tulle,white
4263,doll dress,georgette,black
4278,long dress,tulle,blue
4260,long dress,georgette,red
4253,kimono dress,tulle,black
4254,kimono dress,tulle,white
4271,sleeveless,georgette,black
4276,sleeveless,georgette,white
4262,sleeveless,georgette,black
4265,jumpsuit,viscose twill,black
4261,culottes,tencel,black
4264,culottes,georgette,black
4272,sleeveless,muslin cotton or silk,blue
4270,long dress,georgette,white
4274,gitana skirt,tulle,black
4266,gitana skirt,tulle,violet
4258,shorts,satin cotton,black
4267,long dress,georgette,black
4259,culottes,light jeans,blue
4277,jumpsuit,viscose twill,blue
4273,jumpsuit,viscose twill,black
4275,jumpsuit,viscose twill,green
4310,solid color top,cotton,black
4292,culottes,georgette,black
4287,patterned top,matte jersey,black
4298,culottes,satin cotton,white
4302,printed shirt,cotton,white
4282,culottes,fluid,black
4291,culottes,georgette,black
4314,shorts,dark jeans,blue
4313,short sleeves,georgette,black
4316,solid color top,cotton,grey
4325,culottes,satin cotton,black
4305,short sleeves,georgette,white
4309,solid color top,lurex,brown
4311,short sleeves,georgette,violet
4318,solid color top,cotton,red
4308,solid color top,lurex,violet
4312,solid color top,paillettes,yellow
4294,shorts,cotton,green
4322,shorts,cotton,white
4293,culottes,cotton,brown
4284,sleeveless,frise,brown
4286,sleeveless,frise,blue
4296,printed shirt,cotton,white
4306,short sleeves,embossed,violet
4317,jumpsuit,georgette,black
4315,sleeveless,georgette,white
4301,short sleeves,embossed,black
4299,short sleeves,embossed,red
4304,doll dress,tulle,violet
4279,sleeveless,paillettes,green
4324,sleeveless,paillettes,black
4283,long sleeve,faux leather,black
4321,sleeveless,frise,white
4288,culottes,cotton,white
4289,culottes,cotton,white
3954,sleeveless,georgette,brown
4290,sleeveless,georgette,yellow
4327,short sleeves,georgette,white
4281,patterned top,tulle,violet
4320,doll dress,tulle,black
4307,short sleeves,embossed,white
4280,culottes,light jeans,blue
4300,long dress,tulle,white
4285,patterned top,tulle,black
4303,doll dress,tulle,black
4297,patterned top,tulle,yellow
4352,culottes,satin cotton,black
4366,long sleeve,georgette,black
4347,sleeveless,muslin cotton or silk,brown
4345,long dress,georgette,black
4372,sleeveless,georgette,yellow
4351,sheath dress,polyviscous,violet
4357,long dress,tulle,black
4319,sleeveless,georgette,black
4370,printed shirt,matte jersey,white
4330,trapeze dress,georgette,yellow
4355,sleeveless,faux leather,black
4333,sleeveless,georgette,black
4350,sleeveless,georgette,black
4234,solid color top,lurex,brown
4354,sleeveless,paillettes,brown
4356,long dress,tulle,black
4335,short sleeves,georgette,green
4334,short sleeves,georgette,black
4342,long dress,tulle,green
4363,long dress,tulle,black
4331,short sleeves,georgette,orange
4359,short sleeves,georgette,violet
4367,culottes,cotton,white
4339,culottes,fluid,black
4358,solid color top,cotton,black
4344,doll dress,embossed,grey
4374,short sleeves,paillettes,brown
4368,culottes,bengaline,black
4353,short sleeves,paillettes,black
4332,solid color top,cotton,red
4360,sleeveless,frise,black
4341,solid color top,cotton,white
4362,doll dress,georgette,black
4340,culottes,bengaline,black
4369,culottes,tencel,black
4326,culottes,technical,red
4323,culottes,technical,black
4348,gitana skirt,lurex,grey
4346,printed shirt,matte jersey,white
4349,medium cardigan,frise,brown
4338,long dress,lurex,black
4329,culottes,bengaline,green
4328,patterned top,tulle,yellow
4337,printed shirt,matte jersey,white
4343,solid color top,matte jersey,black
4364,printed shirt,matte jersey,white
4376,long dress,georgette,violet
4377,long dress,georgette,black
4103,sleeveless,silky satin,grey
4371,printed shirt,matte jersey,white
4379,culottes,light jeans,blue
4378,culottes,light jeans,blue
4381,culottes,silky satin,yellow
3891,long sleeve,georgette,black
4375,long dress,georgette,red
4382,long dress,silky satin,blue
4380,jumpsuit,lurex,black
4388,miniskirt,fluid,black
3978,long sleeve,cotton,black
4386,patterned top,lurex,blue
4373,culottes,cady,violet
4395,culottes,fluid,black
3949,long sleeve,cotton,black
4389,culottes,light jeans,blue
4387,printed shirt,cotton,white
4394,culottes,dark jeans,blue
4396,long sleeve,faux leather,black
4390,miniskirt,paillettes,grey
4094,doll dress,georgette,grey
4393,culottes,fluid,black
4385,sleeveless,muslin cotton or silk,green
4420,doll dress,georgette,green
4410,sleeveless,paillettes,brown
4439,long dress,silky satin,black
4413,solid color top,matte jersey,brown
4440,doll dress,georgette,black
3833,patterned top,lurex,brown
4400,long dress,georgette,red
4401,long dress,georgette,violet
4406,drop sleeve,fluid,black
4431,drop sleeve,fluid,red
4437,long dress,georgette,violet
4417,medium cardigan,frise,black
4399,printed shirt,cotton,white
4422,solid color top,matte jersey,black
4428,shirt dress,crepe,black
4430,sleeveless,frise,brown
4438,sleeveless,georgette,black
4423,sleeveless,frise,green
4398,sleeveless,paillettes,grey
3718,culottes,scuba crepe,black
4409,printed shirt,cotton,black
4424,printed shirt,cotton,white
4429,printed shirt,cotton,white
4384,sleeveless,muslin cotton or silk,white
4432,solid color top,matte jersey,brown
4419,solid color top,matte jersey,green
4412,printed shirt,matte jersey,black
4407,printed shirt,cotton,white
4392,long sleeve,paillettes,grey
3884,doll dress,lurex,yellow
4426,culottes,cotton,green
4403,sleeveless,lace,white
4404,gitana skirt,georgette,black
4408,culottes,bengaline,black
4442,doll dress,georgette,grey
4405,printed shirt,cotton,white
4414,sleeveless,lace,black
4397,long sleeve,silky satin,blue
4434,sleeveless,georgette,black
4436,long sleeve,faux leather,black
4411,short sleeves,georgette,white
4441,long sleeve,faux leather,brown
4391,sleeveless,silky satin,brown
4418,sleeveless,silky satin,black
4415,sleeveless,lace,violet
4427,culottes,cotton,red
4443,drop sleeve,fluid,black
4421,printed shirt,cotton,white
4433,culottes,cotton,blue
4416,culottes,cotton,yellow
4448,culottes,georgette,black
4464,culottes,crepe,black
4454,culottes,tencel,black
4452,short sleeves,georgette,violet
4449,long dress,silky satin,black
4458,doll dress,georgette,black
4455,culottes,tencel,brown
4447,long dress,georgette,black
4472,long sleeve,nice,white
4462,long dress,tulle,white
4451,doll dress,georgette,black
4467,sleeveless,georgette,black
4446,doll dress,silky satin,black
4459,culottes,light jeans,blue
4444,culottes,cotton,black
4473,culottes,technical,black
4460,culottes,dark jeans,blue
4470,sleeveless,faux leather,black
4468,long sleeve,fluid,black
5183,sleeveless,muslin cotton or silk,blue
4456,short sleeves,plumetis,violet
4474,culottes,technical,black
4445,culottes,nice,blue
4463,short coat,foam rubber,blue
4457,patterned top,tulle,white
4461,patterned top,tulle,black
4465,drop sleeve,faux leather,black
4450,drop sleeve,faux leather,violet
4483,patterned top,tulle,black
4496,shirt dress,silky satin,white
4486,jumpsuit,georgette,black
4487,long sleeve,georgette,black
4495,long sleeve,fluid,red
4490,culottes,fluid,white
4477,long sleeve,nice,brown
4453,long sleeve,nice,black
4491,short sleeves,georgette,brown
4471,long sleeve,nice,white
4497,solid color top,matte jersey,black
4481,doll dress,georgette,red
4484,patterned top,tulle,white
4493,doll dress,tulle,blue
4480,doll dress,tulle,black
4469,short sleeves,georgette,white
4485,long dress,tulle,black
4492,doll dress,georgette,grey
4229,drop sleeve,paillettes,yellow
4466,short sleeves,cotton,yellow
4489,doll dress,georgette,black
4488,doll dress,georgette,blue
4010,long sleeve,nice,black
4482,miniskirt,georgette,black
4554,medium cardigan,frise,brown
4544,patterned top,tulle,white
4535,doll dress,georgette,brown
4516,sleeveless,georgette,violet
4532,doll dress,georgette,black
4539,culottes,matte jersey,black
4524,drop sleeve,lace,black
3816,culottes,scuba crepe,white
4545,long sleeve,nice,brown
4514,short coat,foam rubber,brown
4512,long sleeve,light jeans,blue
4510,short sleeves,georgette,violet
4523,doll dress,georgette,violet
4540,long sleeve,georgette,black
2855,culottes,satin cotton,black
4517,sleeveless,georgette,black
4508,sleeveless,georgette,black
4538,culottes,bengaline,black
5154,long sleeve,silky satin,black
4507,printed shirt,cotton,white
4527,short sleeves,georgette,violet
4519,culottes,matte jersey,green
4534,long dress,georgette,black
4501,printed shirt,matte jersey,white
4513,doll dress,georgette,black
4548,printed shirt,cotton,white
4494,doll dress,georgette,red
4547,printed shirt,cotton,violet
4525,drop sleeve,faux leather,black
4526,culottes,light jeans,blue
4530,long sleeve,faux leather,black
4541,culottes,cotton,black
4506,culottes,cotton,white
4546,short sleeves,faux leather,black
4520,short sleeves,georgette,green
4552,short sleeves,georgette,blue
4509,short sleeves,georgette,white
4529,culottes,light jeans,blue
4478,long sleeve,nice,black
4518,doll dress,georgette,brown
4515,doll dress,georgette,brown
4528,printed shirt,matte jersey,white
4505,culottes,bengaline,black
4521,printed shirt,cotton,white
4503,printed shirt,cotton,black
4522,patterned top,matte jersey,grey
4550,long sleeve,nice,white
4562,trapeze dress,fluid,black
4575,culottes,silky satin,brown
4592,trapeze dress,polyviscous,black
4583,doll dress,lace,grey
4582,long dress,silky satin,brown
4591,patterned top,lace,violet
4578,long dress,paillettes,black
4569,patterned top,lace,black
4585,sleeveless,silky satin,grey
4577,long sleeve,faux leather,black
4587,drop sleeve,scuba crepe,black
4590,sleeveless,silky satin,violet
4581,doll dress,matte jersey,grey
4573,culottes,cotton,violet
4588,culottes,cotton,brown
4574,culottes,cotton,green
4566,printed shirt,cotton,white
4536,solid color top,matte jersey,black
4571,short sleeves,georgette,black
4511,long sleeve,georgette,black
4502,long sleeve,nice,brown
4594,sleeveless,lace,brown
4564,sleeveless,lace,white
4563,sleeveless,lace,violet
4586,doll dress,georgette,black
4580,long sleeve,nice,green
4596,culottes,scuba crepe,black
4572,doll dress,georgette,green
4561,culottes,light jeans,blue
4579,long sleeve,faux leather,black
4557,short sleeves,georgette,white
4597,solid color top,georgette,black
4584,sleeveless,georgette,violet
4565,culottes,cotton,grey
4500,printed shirt,cotton,white
4576,patterned top,lace,grey
4598,patterned top,lace,brown
4589,solid color top,paillettes,black
4567,long sleeve,georgette,black
4533,patterned top,tulle,black
4616,gitana skirt,silky satin,black
4617,short sleeves,scuba crepe,white
4626,culottes,scuba crepe,black
4615,long dress,lace,black
4605,doll dress,georgette,black
4609,sheath dress,georgette,red
4619,doll dress,georgette,black
4606,short sleeves,georgette,black
4610,long dress,georgette,black
4599,long sleeve,technical,black
4600,long sleeve,marocain,brown
4607,short sleeves,georgette,violet
4570,long sleeve,georgette,white
4613,short sleeves,lace,black
4627,long sleeve,faux leather,black
4612,solid color top,lurex,brown
4621,long sleeve,scuba crepe,black
4555,printed shirt,cotton,white
4608,long sleeve,faux leather,violet
4625,solid color top,lurex,violet
4620,doll dress,georgette,brown
4611,doll dress,lace,black
4624,long sleeve,faux leather,black
4618,doll dress,scuba crepe,black
4593,sleeveless,lace,yellow
4568,culottes,cotton,black
4604,drop sleeve,lace,black
4614,sheath dress,paillettes,black
4601,patterned top,tulle,black
4603,culottes,technical,black
4630,drop sleeve,fluid,black
4634,drop sleeve,fluid,brown
4633,drop sleeve,fluid,violet
4622,solid color top,lurex,black
4631,culottes,fluid,black
4632,culottes,fluid,brown
4602,culottes,polyviscous,brown
4537,long sleeve,nice,blue
4661,long sleeve,georgette,brown
4646,long sleeve,georgette,violet
4641,long sleeve,georgette,black
4636,drop sleeve,polyviscous,grey
4658,solid color top,plush,grey
4648,jumpsuit,matte jersey,black
4651,long sleeve,georgette,white
4642,culottes,cotton,green
4671,culottes,cotton,grey
4653,culottes,cotton,black
4668,trapeze dress,jacquard,white
4667,doll dress,matte jersey,black
4670,doll dress,crepe,red
4664,doll dress,georgette,black
4674,doll dress,crepe,black
4652,doll dress,georgette,black
4669,culottes,scuba crepe,black
4662,culottes,technical,black
4659,long sleeve,cotton,blue
4660,long sleeve,faux leather,black
4640,culottes,jacquard,white
4655,culottes,technical,violet
4638,culottes,technical,red
4663,long sleeve,cotton,white
4647,long sleeve,jacquard,brown
4676,long sleeve,cotton,white
4644,long sleeve,silky satin,black
4656,culottes,technical,black
4643,long sleeve,silky satin,blue
4637,drop sleeve,georgette,violet
4635,drop sleeve,georgette,black
4650,culottes,technical,brown
4666,sleeveless,georgette,red
4475,doll dress,shiny jersey,black
4476,doll dress,shiny jersey,black
4665,miniskirt,tulle,black
4654,culottes,polyviscous,black
4649,long sleeve,nice,brown
4682,long sleeve,georgette,yellow
4679,culottes,light jeans,blue
4692,long sleeve,georgette,black
4702,long sleeve,georgette,green
4723,culottes,bengaline,black
4689,doll dress,scuba crepe,black
4688,doll dress,georgette,black
4715,long sleeve,dainetto,yellow
4713,long sleeve,faux leather,black
4549,long sleeve,faux leather,black
4693,sleeveless,paillettes,black
4722,kimono dress,nice,black
4729,kimono dress,nice,black
4705,long sleeve,nice,white
4698,culottes,satin cotton,black
4681,drop sleeve,polyviscous,red
4716,long sleeve,dainetto,brown
4695,long sleeve,dainetto,violet
4683,drop sleeve,polyviscous,black
4717,long sleeve,faux leather,black
4703,long sleeve,polyviscous,grey
4629,long sleeve,faux leather,black
4728,long sleeve,faux leather,violet
4686,doll dress,georgette,grey
4694,long sleeve,dainetto,brown
4678,culottes,cotton,black
4697,short cardigan,nice,black
4714,short cardigan,nice,green
4724,long coat,crepe,black
4699,short sleeves,silky satin,black
4700,culottes,dark jeans,blue
4645,short sleeves,georgette,black
4672,sleeveless,georgette,white
4710,long sleeve,nice,violet
4721,long sleeve,nice,black
4690,doll dress,matte jersey,black
4639,solid color top,plush,grey
4691,long sleeve,scuba crepe,black
4559,culottes,faux leather,black
4720,long sleeve,nice,yellow
4711,long sleeve,nice,black
4696,long sleeve,nice,green
4727,culottes,dark jeans,blue
4718,culottes,polyviscous,white
4709,long sleeve,nice,green
4726,long sleeve,nice,yellow
4719,long sleeve,nice,violet
4725,culottes,polyviscous,black
4701,long sleeve,nice,green
4677,long sleeve,dark jeans,blue
4687,long sleeve,nice,black
4712,long sleeve,nice,yellow
4704,long sleeve,nice,violet
4680,doll dress,georgette,black
4756,long sleeve,nice,black
4768,short cardigan,nice,grey
4746,long sleeve,nice,brown
4777,short cardigan,nice,black
4759,long sleeve,cotton,white
4757,culottes,silky satin,black
4774,long sleeve,nice,grey
4760,long cardigan,nice,black
4775,long sleeve,nice,black
4749,sheath dress,georgette,brown
4753,culottes,light jeans,blue
4748,kimono dress,nice,brown
4730,culottes,dark jeans,blue
4752,kimono dress,nice,black
4737,kimono dress,frise,blue
4761,long sleeve,nice,black
4766,long sleeve,nice,brown
4685,long sleeve,faux leather,brown
4673,long sleeve,cotton,white
4767,short sleeves,nice,violet
4769,culottes,dark jeans,blue
4764,sleeveless,fur,black
4738,long sleeve,nice,green
4755,short sleeves,nice,black
4750,trapeze dress,polyviscous,brown
4742,short sleeves,georgette,black
4732,sleeveless,georgette,black
4745,doll dress,georgette,violet
4765,sleeveless,georgette,white
4763,medium coat,cloth,brown
4684,culottes,satin cotton,brown
4733,drop sleeve,polyviscous,yellow
4741,kimono dress,nice,brown
4747,long sleeve,faux leather,black
4739,long sleeve,georgette,white
4773,kimono dress,nice,brown
4772,miniskirt,scuba crepe,black
4744,sheath dress,scuba crepe,red
4734,drop sleeve,georgette,black
4751,culottes,cotton,blue
4770,culottes,cotton,black
4758,culottes,cotton,green
4743,sheath dress,scuba crepe,black
4776,culottes,polyviscous,black
4731,long sleeve,nice,black
4788,long sleeve,georgette,grey
4817,doll dress,georgette,grey
4814,short sleeves,nice,black
4811,long sleeve,georgette,white
4786,long sleeve,faux leather,black
4805,short sleeves,nice,grey
4802,culottes,technical,black
4807,long sleeve,georgette,white
4800,gitana skirt,tulle,black
4818,long dress,georgette,black
4781,culottes,polyviscous,black
4754,culottes,polyviscous,black
4797,culottes,crepe,black
4815,shirt dress,georgette,black
4804,long sleeve,georgette,black
4785,medium cardigan,nice,brown
4810,trapeze dress,technical,black
4801,long sleeve,georgette,brown
4803,sleeveless,paillettes,black
4791,sleeveless,paillettes,brown
4783,solid color top,lurex,grey
4793,long sleeve,faux leather,black
4782,solid color top,lurex,brown
4798,short sleeves,nice,black
4789,doll dress,georgette,black
4809,long sleeve,nice,violet
4790,doll dress,crepe,black
4771,medium coat,cloth,grey
4762,medium coat,cloth,black
4779,medium coat,cloth,black
4778,medium coat,cloth,red
4784,culottes,faux leather,red
4796,long sleeve,nice,black
4780,culottes,faux leather,black
4808,medium cardigan,nice,black
4735,long sleeve,nice,brown
4806,culottes,technical,black
4675,long sleeve,scuba crepe,black
4799,long sleeve,nice,brown
4834,long sleeve,nice,black
4825,long sleeve,nice,black
4843,long sleeve,nice,brown
4830,long sleeve,nice,black
4821,long sleeve,nice,violet
4873,long sleeve,acrylic,brown
4861,long sleeve,acrylic,black
4840,long sleeve,fur,black
4833,long sleeve,nice,black
4829,long sleeve,nice,violet
4787,long coat,foam rubber,black
4823,long sleeve,nice,black
4837,medium cardigan,nice,brown
4816,long coat,foam rubber,brown
4826,long sleeve,nice,black
4835,long sleeve,nice,violet
4836,long sleeve,nice,violet
4832,long sleeve,nice,brown
4819,long sleeve,nice,violet
4822,culottes,milano stitch,black
4852,long dress,scuba crepe,black
4560,short coat,foam rubber,yellow
4877,long sleeve,cotton,blue
4874,doll dress,georgette,black
4875,culottes,light jeans,blue
4813,long coat,cloth,black
4880,culottes,dark jeans,blue
4863,long sleeve,cotton,white
4851,long sleeve,cotton,blue
4862,sleeveless,fur,black
4847,sleeveless,fur,black
4859,long sleeve,cotton,black
4857,doll dress,scuba crepe,yellow
4841,short coat,cloth,brown
4848,short coat,cloth,black
4856,long sleeve,georgette,yellow
4858,doll dress,scuba crepe,black
4827,culottes,milano stitch,black
4828,culottes,milano stitch,black
4868,trapeze dress,technical,red
4872,culottes,dark jeans,blue
4867,sheath dress,milano stitch,black
4865,long sleeve,georgette,green
4882,culottes,light jeans,blue
4812,long sleeve,fur,black
4866,long sleeve,scuba crepe,black
4870,miniskirt,faux leather,black
4846,long sleeve,faux leather,black
4864,long sleeve,faux leather,black
4879,long coat,cotton,green
4855,sleeveless,silky satin,brown
4854,doll dress,paillettes,black
4869,medium coat,foam rubber,white
4883,medium coat,foam rubber,black
4871,long sleeve,faux leather,black
4795,long sleeve,faux leather,brown
4853,trapeze dress,polyviscous,grey
4850,trapeze dress,polyviscous,black
4792,long sleeve,paillettes,grey
4844,doll dress,scuba crepe,black
4842,long sleeve,polyviscous,black
4849,doll dress,georgette,black
4838,culottes,cotton,grey
4839,culottes,cotton,black
4917,solid color top,acrylic,black
4910,drop sleeve,georgette,brown
4893,kimono dress,acrylic,black
4896,long sleeve,nice,black
4860,sleeveless,paillettes,black
4895,long sleeve,georgette,white
4919,short sleeves,lace,violet
4920,solid color top,acrylic,green
4894,long sleeve,nice,black
4927,solid color top,acrylic,red
4886,long sleeve,cotton,white
4845,sleeveless,fur,brown
4912,long sleeve,faux leather,black
4820,short sleeves,nice,brown
4890,culottes,faux leather,black
4909,trapeze dress,matte jersey,black
4915,culottes,matte jersey,brown
4901,sleeveless,matte jersey,black
4887,printed shirt,cotton,white
4897,long sleeve,georgette,grey
4913,culottes,scuba crepe,black
4933,culottes,milano stitch,black
4907,culottes,milano stitch,black
4921,culottes,milano stitch,black
4898,miniskirt,polyviscous,red
4899,culottes,dark jeans,blue
4937,doll dress,georgette,grey
4941,long sleeve,dainetto,yellow
4929,long sleeve,dainetto,brown
4902,long sleeve,marocain,white
4928,medium coat,foam rubber,red
4939,culottes,scuba crepe,black
4891,trapeze dress,polyviscous,red
4888,doll dress,georgette,green
4905,doll dress,georgette,violet
4906,long cardigan,hron,grey
4908,solid color top,matte jersey,black
4931,culottes,scuba crepe,black
4935,long sleeve,acrylic,violet
4938,culottes,faux leather,black
4889,trapeze dress,technical,black
4885,trapeze dress,technical,yellow
4923,long cardigan,hron,black
4900,culottes,milano stitch,black
4914,solid color top,matte jersey,red
4916,long sleeve,nice,grey
4918,long cardigan,hron,brown
4904,long sleeve,faux leather,black
4922,long coat,foam rubber,black
4924,long coat,foam rubber,green
4930,solid color top,matte jersey,grey
4947,culottes,milano stitch,black
4971,doll dress,georgette,black
4943,culottes,polyviscous,black
4962,long sleeve,georgette,violet
4959,trapeze dress,polyviscous,grey
4968,long coat,foam rubber,blue
4950,medium coat,crepe,black
4961,trapeze dress,scuba crepe,grey
4881,trapeze dress,scuba crepe,black
4970,long coat,foam rubber,black
4926,long sleeve,dainetto,violet
4969,long sleeve,fur,black
4942,long sleeve,nice,brown
4956,long sleeve,georgette,white
4946,short sleeves,nice,black
4967,culottes,faux leather,black
4973,culottes,crepe,black
4972,culottes,milano stitch,black
4975,culottes,milano stitch,black
4954,doll dress,scuba crepe,blue
4951,doll dress,scuba crepe,black
4932,long sleeve,acrylic,brown
4957,doll dress,scuba crepe,red
4949,long cardigan,acrylic,black
4953,long sleeve,hron,grey
4955,long duster,nice,black
4958,long duster,nice,brown
4963,long cardigan,hron,black
4974,long cardigan,hron,grey
4965,long duster,nice,black
4944,medium coat,crepe,black
4948,sheath dress,scuba crepe,black
4960,culottes,polyviscous,grey
4911,medium coat,foam rubber,black
4952,long sleeve,polyviscous,black
4964,gitana skirt,tulle,brown
5009,long sleeve,acrylic,brown
5011,long sleeve,faux leather,blue
5019,short cardigan,nice,black
4998,long sleeve,faux leather,black
5012,short cardigan,nice,brown
5029,culottes,cotton,black
5013,long sleeve,nice,black
5010,long sleeve,nice,brown
5026,short sleeves,nice,black
5037,solid color top,lurex,violet
5007,long sleeve,nice,white
4989,miniskirt,technical,black
4945,short sleeves,nice,brown
5039,solid color top,lurex,black
5005,short sleeves,nice,white
5003,long sleeve,nice,black
5021,long sleeve,acrylic,black
5001,long sleeve,acrylic,grey
4996,long sleeve,nice,violet
4995,long sleeve,nice,black
5033,medium coat,foam rubber,black
5015,medium coat,foam rubber,brown
5022,long cardigan,acrylic,grey
4991,long cardigan,acrylic,black
4992,long coat,cloth,grey
5020,trapeze dress,polyviscous,grey
5027,long coat,cloth,brown
5038,long sleeve,marocain,violet
5002,long sleeve,nice,violet
4994,long sleeve,nice,black
5000,long sleeve,nice,white
5014,long sleeve,nice,black
5032,long duster,nice,brown
5034,long duster,nice,black
4999,long sleeve,nice,violet
4997,kimono dress,nice,black
4988,medium coat,cloth,black
5008,long sleeve,nice,black
5006,short sleeves,nice,black
5018,long sleeve,nice,white
5031,medium coat,cloth,black
4984,long sleeve,georgette,brown
4985,doll dress,georgette,black
4977,doll dress,georgette,black
4982,long sleeve,fur,violet
5035,trapeze dress,technical,brown
5017,culottes,cotton,black
5025,long sleeve,hron,brown
5023,medium cardigan,acrylic,black
5046,medium coat,cloth,black
5030,medium cardigan,acrylic,black
5024,culottes,dark jeans,blue
4990,long sleeve,hron,grey
5016,printed shirt,cotton,white
4993,long sleeve,fur,black
4987,long dress,tulle,brown
4980,long sleeve,georgette,black
4981,doll dress,tulle,black
5043,short sleeves,georgette,black
4983,short sleeves,paillettes,black
4979,culottes,technical,black
4986,long sleeve,georgette,black
4978,culottes,crepe,brown
4976,sleeveless,georgette,black
5028,long sleeve,hron,brown
5036,medium coat,cloth,grey
5004,long sleeve,hron,grey
5053,culottes,polyviscous,brown
5331,solid color top,tulle,black
5068,culottes,scuba crepe,black
5070,long coat,cotton,black
5062,medium coat,foam rubber,yellow
5048,doll dress,scuba crepe,black
5072,medium coat,foam rubber,black
5059,kimono dress,nice,brown
5079,kimono dress,acrylic,brown
5069,long sleeve,fur,black
5045,solid color top,paillettes,black
5077,kimono dress,nice,black
5047,long sleeve,fur,white
5064,kimono dress,nice,black
5057,solid color top,paillettes,red
5063,kimono dress,nice,brown
5075,long sleeve,acrylic,blue
5050,solid color top,lurex,black
5074,long sleeve,acrylic,brown
5058,long sleeve,acrylic,yellow
5044,sleeveless,fur,black
5042,long dress,georgette,red
5041,solid color top,lurex,violet
5332,doll dress,tulle,black
5065,long coat,acrylic,yellow
5051,trapeze dress,polyviscous,black
5054,doll dress,scuba crepe,red
5071,long coat,acrylic,black
5060,culottes,dark jeans,blue
5080,kimono dress,acrylic,brown
5061,long coat,foam rubber,black
5040,solid color top,lurex,black
5049,doll dress,scuba crepe,green
5333,shirt dress,cady,brown
5076,sheath dress,scuba crepe,black
5067,culottes,scuba crepe,brown
5055,culottes,technical,red
5056,sheath dress,polyviscous,white
5052,culottes,technical,black
5066,long coat,foam rubber,yellow
5334,long sleeve,lurex,black
5358,long sleeve,hron,brown
5368,long sleeve,nice,black
5344,doll dress,georgette,black
5356,long sleeve,nice,black
5347,long sleeve,nice,grey
5361,long sleeve,nice,black
5374,long sleeve,hron,black
5371,long sleeve,nice,violet
5378,long sleeve,nice,brown
5354,long sleeve,nice,black
5340,culottes,crepe,black
5369,medium cardigan,nice,black
5364,long sleeve,nice,black
5345,long sleeve,nice,black
5362,long sleeve,nice,brown
5366,long sleeve,nice,brown
5336,long sleeve,nice,brown
5342,short cardigan,paillettes,black
5367,long sleeve,nice,brown
5343,long sleeve,nice,grey
5363,long sleeve,nice,black
5370,long sleeve,nice,brown
5357,long sleeve,nice,brown
5352,long sleeve,nice,brown
5349,culottes,milano stitch,black
5375,long sleeve,nice,black
5339,long sleeve,georgette,black
5365,culottes,dark jeans,blue
5341,kimono dress,frise,grey
5338,kimono dress,frise,black
4940,sheath dress,matte jersey,black
5351,kimono dress,frise,blue
5353,long sleeve,fur,black
5348,culottes,dark jeans,blue
5073,medium coat,cloth,red
5359,culottes,lurex,black
5376,long coat,goose,brown
5337,kimono dress,frise,brown
5379,long coat,goose,black
5372,gitana skirt,tulle,black
5335,shirt dress,scuba crepe,yellow
4936,short sleeves,nice,black
5346,long dress,georgette,violet
5360,long sleeve,nice,brown
5355,long sleeve,nice,black
5377,long sleeve,nice,black
5350,solid color top,paillettes,black
5373,long cardigan,acrylic,black
5394,maxi,acrylic,grey
5429,patterned top,acrylic,grey
5412,long sleeve,hron,brown
5432,kimono dress,acrylic,grey
5396,long sleeve,hron,grey
5431,kimono dress,acrylic,black
5397,patterned top,acrylic,black
5386,long sleeve,nice,grey
5391,long sleeve,nice,white
5389,long sleeve,nice,black
5426,long sleeve,nice,brown
5425,long sleeve,nice,violet
5407,long sleeve,nice,black
5417,long sleeve,nice,blue
5433,long coat,crepe,black
5406,long coat,crepe,red
5408,long sleeve,nice,black
5403,long coat,crepe,red
5430,kimono dress,acrylic,brown
5434,culottes,cotton,black
5435,kimono dress,acrylic,grey
5395,doll dress,georgette,red
5411,culottes,polyviscous,grey
5401,kimono dress,acrylic,black
5399,long sleeve,hron,grey
5400,medium cardigan,acrylic,black
5388,long sleeve,acrylic,brown
5413,long sleeve,acrylic,grey
5427,medium cardigan,acrylic,grey
5428,sheath dress,scuba crepe,red
5438,long sleeve,acrylic,brown
5383,culottes,cotton,black
5436,long sleeve,fur,black
5385,doll dress,polyviscous,grey
5390,miniskirt,polyviscous,violet
5393,kimono dress,frise,black
5405,sleeveless,georgette,red
5387,kimono dress,frise,black
5398,medium coat,foam rubber,black
5384,long dress,georgette,red
5424,long sleeve,hron,brown
5381,long sleeve,georgette,red
5414,long sleeve,hron,grey
5409,culottes,technical,black
5421,long sleeve,hron,violet
5415,long sleeve,hron,violet
5382,long sleeve,hron,black
5416,long sleeve,hron,grey
5422,long sleeve,hron,grey
5392,long sleeve,hron,violet
5410,sleeveless,acrylic,black
5419,sleeveless,acrylic,black
5423,long sleeve,hron,brown
5420,long sleeve,hron,grey
5402,short cardigan,hron,black
5418,short cardigan,hron,grey
5380,long sleeve,nice,violet
5404,long sleeve,hron,black
5457,long duster,frise,black
5453,miniskirt,silky satin,black
5078,medium coat,foam rubber,black
5452,long coat,foam rubber,black
5443,long coat,foam rubber,brown
5469,long duster,frise,brown
5439,solid color top,matte jersey,black
5449,medium coat,cloth,black
5451,medium coat,cloth,grey
5445,long dress,lace,black
5462,medium coat,cloth,grey
5455,solid color top,acrylic,black
5461,long coat,cotton,black
5448,medium coat,cloth,brown
5458,sleeveless,georgette,black
5463,sheath dress,paillettes,black
5464,sheath dress,paillettes,yellow
5444,long sleeve,georgette,black
5450,medium coat,cloth,black
5442,solid color top,acrylic,black
5440,sleeveless,georgette,black
5467,sleeveless,paillettes,yellow
5441,long dress,tulle,black
5465,long coat,cloth,black
5447,solid color top,paillettes,black
5460,kimono dress,acrylic,grey
5466,kimono dress,acrylic,black
5454,culottes,velvet,green
5459,culottes,velvet,black
5456,long sleeve,acrylic,brown
5446,long sleeve,acrylic,grey
4966,long duster,nice,grey
5468,culottes,dark jeans,blue
5473,culottes,nice,black
5503,long sleeve,nice,white
5528,long sleeve,nice,white
5475,culottes,nice,black
5478,short cardigan,nice,red
5472,long sleeve,nice,white
5486,long sleeve,nice,black
5487,long sleeve,nice,black
5477,long sleeve,nice,brown
5516,long sleeve,nice,red
5512,long sleeve,nice,red
5476,solid color top,lurex,black
5507,long sleeve,nice,black
5513,sleeveless,nice,black
5470,medium coat,acrylic,black
5484,long sleeve,nice,white
5509,medium coat,acrylic,blue
5488,long sleeve,nice,black
5489,long sleeve,fur,black
5508,long sleeve,nice,black
5479,long sleeve,nice,black
5518,long sleeve,nice,grey
5514,long sleeve,nice,red
5526,short cardigan,nice,black
5506,long sleeve,nice,brown
5496,long sleeve,nice,red
5491,short cardigan,nice,black
5480,long sleeve,nice,black
5481,long sleeve,nice,brown
5482,sleeveless,acrylic,black
5522,solid color top,crepe,black
5523,sleeveless,acrylic,red
5517,long sleeve,nice,black
5531,long sleeve,acrylic,brown
5471,medium coat,foam rubber,black
5505,sleeveless,lurex,grey
5500,culottes,scuba crepe,black
5493,sleeveless,lurex,black
5492,solid color top,tulle,black
5519,long coat,foam rubber,brown
5490,culottes,cotton,black
5504,medium coat,foam rubber,grey
5497,long coat,foam rubber,black
5530,medium coat,foam rubber,blue
5502,long sleeve,paillettes,black
5515,long sleeve,acrylic,brown
5483,sheath dress,lurex,black
5495,solid color top,tulle,black
5494,long sleeve,fur,black
5511,long sleeve,acrylic,green
5525,long sleeve,acrylic,black
5485,short sleeves,hron,brown
5510,short sleeves,hron,grey
5499,short cardigan,nice,black
5474,long dress,georgette,black
5498,doll dress,tulle,black
5521,long coat,foam rubber,black
5527,long coat,foam rubber,brown
5501,long dress,tulle,black
5520,doll dress,tulle,black
5529,culottes,lurex,black
5535,kimono dress,frise,white
5547,kimono dress,frise,black
5540,culottes,scuba crepe,black
4435,patterned top,tulle,white
5545,medium coat,cloth,brown
5536,medium coat,cloth,black
4925,culottes,faux leather,black
5549,short coat,foam rubber,black
5542,kimono dress,paillettes,violet
5524,sleeveless,acrylic,grey
5548,kimono dress,paillettes,brown
5541,kimono dress,paillettes,black
5532,kimono dress,frise,grey
5533,kimono dress,frise,black
5538,kimono dress,frise,brown
5544,kimono dress,frise,grey
4628,sleeveless,georgette,black
5437,long sleeve,hron,grey
5539,maxi,acrylic,grey
5543,long sleeve,acrylic,black
5537,long sleeve,acrylic,blue
4934,long coat,cloth,black
5534,long sleeve,acrylic,blue
5550,long sleeve,acrylic,black
5546,long sleeve,acrylic,brown
5558,medium coat,foam rubber,black
5551,long sleeve,acrylic,green
5552,long sleeve,acrylic,brown
5557,medium coat,foam rubber,grey
5556,long sleeve,acrylic,black
5553,long sleeve,acrylic,black
5554,long sleeve,acrylic,green
5567,long sleeve,acrylic,brown
5555,long sleeve,nice,black
5561,long coat,foam rubber,brown
5559,long sleeve,fur,black
5560,medium coat,foam rubber,brown
5570,maxi,acrylic,grey
5569,maxi,acrylic,violet
5562,maxi,acrylic,grey
5571,patterned top,acrylic,black
5566,short coat,foam rubber,blue
5564,short coat,foam rubber,black
5563,solid color top,lurex,black
5568,solid color top,lurex,black
5565,solid color top,lurex,brown
5572,doll dress,polyviscous,black
5575,trapeze dress,milano stitch,red
5577,trapeze dress,milano stitch,green
5574,trapeze dress,milano stitch,black
4892,long sleeve,cotton,black
5573,trapeze dress,milano stitch,black
5576,trapeze dress,milano stitch,black
4878,long sleeve,faux leather,yellow
4884,long sleeve,faux leather,black
4623,sleeveless,georgette,black
